PPO training starting: task=landing, total_steps=5000000, bc_steps=0, headless=True
[Info] [carb] Logging to file: c:/transformer-rl-retro-propulsion/env_isaaclab/lib/site-packages/isaacsim/kit/logs/Kit/Isaac-Sim Python/5.1/kit_20260426_133342.log
[0.332s] [ext: omni.kit.async_engine-0.0.3] startup
[0.552s] [ext: omni.metrics.core-0.0.3] startup
[0.555s] [ext: omni.client.lib-1.1.0] startup
[0.619s] [ext: omni.blobkey-1.1.2] startup
[0.622s] [ext: omni.stats-1.0.1] startup
[0.626s] [ext: omni.datastore-0.0.0] startup
[0.631s] [ext: omni.client-1.3.0] startup
[0.727s] [ext: omni.ujitso.default-1.0.0] startup
[0.734s] [ext: omni.hsscclient-1.1.2] startup
[0.754s] [ext: omni.gpu_foundation.shadercache.vulkan-1.0.0] startup
[0.761s] [ext: omni.assets.plugins-0.0.0] startup
[0.769s] [ext: omni.gpu_foundation-0.0.0] startup
[0.824s] [ext: carb.windowing.plugins-1.0.0] startup
2026-04-26T18:33:43Z [1,402ms] [Warning] [carb.windowing-glfw.gamepad] Joystick with unknown remapping detected (will be ignored):  Saitek Pro Flight Rudder Pedals [03000000a30600006307000000000000]
2026-04-26T18:33:43Z [1,402ms] [Warning] [carb.windowing-glfw.gamepad] Joystick with unknown remapping detected (will be ignored):  3Dconnexion KMJ Emulator [03000000efbe00006d04000000000000]
2026-04-26T18:33:43Z [1,403ms] [Warning] [carb.windowing-glfw.gamepad] Joystick with unknown remapping detected (will be ignored):  Joystick - HOTAS Warthog [030000004f0400000204000000000000]
[1.642s] [ext: omni.kit.renderer.init-0.0.0] startup
[1.646s] [ext: omni.materialx.libs-1.0.7] startup
[1.673s] [ext: omni.usd.config-1.0.6] startup
[1.711s] [ext: omni.gpucompute.plugins-0.0.0] startup
[1.744s] [ext: omni.usd.libs-1.0.1] startup
[1.954s] [ext: omni.mdl-56.0.3] startup
[2.128s] [ext: omni.iray.libs-0.0.0] startup
[2.167s] [ext: omni.mdl.neuraylib-0.2.12] startup
[2.183s] [ext: omni.kit.usd.mdl-1.1.5] startup
[2.352s] [ext: omni.kit.pipapi-0.0.0] startup
[2.353s] [ext: omni.kit.loop-isaac-1.3.7] startup
[2.357s] [ext: omni.kit.test-2.0.1] startup
[2.490s] [ext: omni.kit.telemetry-0.5.2] startup
[2.509s] [ext: omni.appwindow-1.1.10] startup
[2.516s] [ext: omni.kit.renderer.core-1.1.0] startup
[2.547s] [ext: omni.kit.renderer.capture-0.0.0] startup
[2.558s] [ext: omni.kit.renderer.imgui-2.0.5] startup
[2.586s] [ext: omni.ui-2.27.1] startup
[2.605s] [ext: omni.kit.mainwindow-1.0.3] startup
[2.608s] [ext: carb.audio-0.1.0] startup
[2.617s] [ext: omni.uiaudio-1.0.0] startup
[2.622s] [ext: omni.kit.uiapp-0.0.0] startup
[2.622s] [ext: omni.usd.schema.metrics.assembler-107.3.1] startup
[2.638s] [ext: omni.anim.navigation.schema-107.3.3] startup
[2.652s] [ext: omni.usd.schema.anim-0.0.0] startup
[2.703s] [ext: omni.usd.schema.audio-0.0.0] startup
[2.715s] [ext: omni.usd.schema.omniscripting-1.0.0] startup
[2.729s] [ext: omni.usd.schema.physx-107.3.26] startup
[2.768s] [ext: omni.usd_resolver-1.0.0] startup
[2.785s] [ext: omni.usd.core-1.5.3] startup
[2.788s] [ext: omni.usd.schema.omni_sensors-0.0.0] startup

|---------------------------------------------------------------------------------------------|
| Driver Version: 580.88        | Graphics API: Vulkan
|=============================================================================================|
| GPU | Name                             | Active | LDA | GPU Memory | Vendor-ID | LUID       |
|     |                                  |        |     |            | Device-ID | UUID       |
|     |                                  |        |     |            | Bus-ID    |            |
|---------------------------------------------------------------------------------------------|
| 0   | NVIDIA GeForce RTX 5070          | Yes: 0 |     | 11855   MB | 10de      | b42b0100.. |
|     |                                  |        |     |            | 2f04      | 36fdc134.. |
|     |                                  |        |     |            | 1         |            |
|=============================================================================================|
| OS: Windows 11 Pro, Version: 10.0 (25H2), Build: 26200, Kernel: 10.0.26100.8246
| Processor: AMD Ryzen 9 9900X 12-Core Processor            
| Cores: 12 | Logical Cores: 24
|---------------------------------------------------------------------------------------------|
| Total Memory (MB): 32360 | Free Memory: 21195
| Total Page/Swap (MB): 42443 | Free Page/Swap: 10574
|---------------------------------------------------------------------------------------------|
[2.827s] [ext: omni.usd.schema.omnigraph-1.0.0] startup
[2.844s] [ext: omni.usd.schema.semantics-0.0.0] startup
[2.855s] [ext: omni.usd.schema.geospatial-0.0.0] startup
[2.868s] [ext: omni.kit.window.popup_dialog-2.0.24] startup
[2.884s] [ext: omni.activity.core-1.0.3] startup
[2.890s] [ext: omni.kit.widget.nucleus_connector-2.0.1] startup
[2.897s] [ext: omni.kit.usd_undo-0.1.8] startup
[2.899s] [ext: omni.graph.exec-0.9.6] startup
[2.902s] [ext: omni.kit.actions.core-1.0.0] startup
[2.911s] [ext: usdrt.scenegraph-7.6.1] startup
[2.982s] [ext: omni.resourcemonitor-107.0.1] startup
[2.988s] [ext: omni.kit.exec.core-0.13.4] startup
[2.996s] [ext: omni.timeline-1.0.14] startup
[3.001s] [ext: omni.kit.commands-1.4.10] startup
[3.016s] [ext: omni.kit.audiodeviceenum-1.0.2] startup
[3.022s] [ext: omni.hydra.usdrt_delegate-7.5.1] startup
[3.042s] [ext: omni.hydra.scene_delegate-0.3.4] startup
[3.048s] [ext: omni.usd-1.13.10] startup
[4.341s] [ext: omni.inspect-1.0.2] startup
[4.347s] [ext: omni.kit.notification_manager-1.0.10] startup
[4.353s] [ext: omni.graph.core-2.184.5] startup
[4.359s] [ext: isaacsim.core.deprecation_manager-0.2.7] startup
[4.361s] [ext: omni.anim.graph.schema-107.3.3] startup
[4.374s] [ext: omni.usd.schema.flow-107.1.1] startup
[4.376s] [ext: omni.usd.schema.isaac-3.0.5] startup
[4.376s] [ext: omni.usd.schema.omni_lens_distortion-0.0.0] startup
[4.378s] [ext: isaacsim.robot.schema-3.6.0] startup
[4.403s] [ext: omni.kit.asset_converter-5.0.17] startup
[4.421s] [ext: omni.usd.schema.render_settings.rtx-0.0.0] startup
[4.425s] [ext: omni.kit.helper.file_utils-0.1.9] startup
[4.428s] [ext: omni.kit.menu.core-1.1.2] startup
[4.430s] [ext: omni.kit.widget.path_field-2.0.11] startup
[4.433s] [ext: omni.kit.widget.filebrowser-2.12.3] startup
[4.452s] [ext: omni.kit.widget.context_menu-1.2.5] startup
[4.456s] [ext: omni.kit.widget.browser_bar-2.0.10] startup
[4.459s] [ext: omni.kit.clipboard-1.0.5] startup
[4.463s] [ext: omni.kit.widget.options_menu-1.1.6] startup
[4.474s] [ext: omni.ui.scene-1.11.5] startup
[4.482s] [ext: omni.kit.widget.options_button-1.0.3] startup
[4.484s] [ext: omni.kit.usd.layers-2.2.11] startup
[4.504s] [ext: omni.kit.window.filepicker-2.13.4] startup
[4.555s] [ext: omni.kit.widget.filter-1.1.4] startup
[4.557s] [ext: omni.kit.hotkeys.core-1.3.10] startup
[4.568s] [ext: omni.kit.context_menu-1.8.6] startup
[4.573s] [ext: omni.kit.property.adapter.core-1.0.2] startup
[4.580s] [ext: omni.kit.window.file_exporter-1.0.33] startup
[4.588s] [ext: omni.kit.widget.searchfield-1.1.8] startup
[4.592s] [ext: omni.kit.numpy.common-0.1.3] startup
[4.595s] [ext: omni.kit.widget.stage-3.1.4] startup
[4.635s] [ext: omni.kit.property.adapter.usd-1.0.2] startup
[4.639s] [ext: omni.kit.property.adapter.fabric-1.0.3] startup
[4.643s] [ext: isaacsim.core.version-2.0.6] startup
[4.646s] [ext: omni.kit.window.file_importer-1.1.18] startup
[4.648s] [ext: omni.kit.stage_template.core-1.1.22] startup
[4.650s] [ext: omni.kit.menu.utils-2.0.5] startup
[4.659s] [ext: omni.kit.window.file-2.0.5] startup
[4.667s] [ext: omni.kit.window.drop_support-1.0.5] startup
[4.669s] [ext: omni.kit.widget.highlight_label-1.0.3] startup
[4.671s] [ext: omni.kit.window.content_browser_registry-0.0.6] startup
[4.674s] [ext: omni.kit.widget.graph-2.0.0] startup
[4.691s] [ext: omni.kit.window.property-1.12.1] startup
[4.769s] [ext: omni.kit.window.content_browser-3.1.3] startup
[4.789s] [ext: omni.kit.graph.delegate.default-1.2.3] startup
[4.791s] [ext: omni.kit.property.usd-4.5.12] startup
[4.815s] [ext: omni.convexdecomposition-107.3.26] startup
[4.823s] [ext: omni.kit.graph.editor.core-1.5.3] startup
[4.831s] [ext: omni.kit.material.library-2.0.7] startup
[4.842s] [ext: omni.kvdb-107.3.26] startup
[4.850s] [ext: omni.usdphysics-107.3.26] startup
[4.854s] [ext: omni.physx.foundation-107.3.26] startup
[4.871s] [ext: omni.localcache-107.3.26] startup
[4.877s] [ext: omni.kit.graph.usd.commands-1.3.1] startup
[4.879s] [ext: omni.physx.cooking-107.3.26] startup
[4.887s] [ext: omni.physics-107.3.26] startup
[4.895s] [ext: omni.physx-107.3.26] startup
[4.915s] [ext: omni.physics.stageupdate-107.3.26] startup
[4.923s] [ext: omni.physics.physx-107.3.26] startup
2026-04-26T18:33:46Z [4,687ms] [Warning] [carb] Acquiring non optional plugin interface which is not listed as dependency: [omni::physx::IPhysxBenchmarks v1.0] (plugin: <default plugin>), by client: omni.physics.physx.plugin. Add it to CARB_PLUGIN_IMPL_DEPS() macro of a client.
[4.927s] [ext: omni.index.libs-380600.8087.0] startup
[4.927s] [ext: omni.index-1.0.1] startup
[4.930s] [ext: omni.volume-0.5.2] startup
[4.940s] [ext: omni.ujitso.client-0.0.0] startup
[4.943s] [ext: omni.hydra.rtx.shadercache.vulkan-1.0.0] startup
[4.946s] [ext: omni.kit.widget.searchable_combobox-1.0.6] startup
[4.949s] [ext: omni.hydra.rtx-1.0.0] startup
[5.027s] [ext: omni.kit.widget.settings-1.2.6] startup
[5.031s] [ext: omni.kit.hydra_texture-1.4.6] startup
[5.037s] [ext: omni.graph.tools-1.79.2] startup
[5.111s] [ext: omni.kit.window.preferences-1.8.0] startup
[5.130s] [ext: omni.kit.widget.material_preview-1.0.16] startup
[5.135s] [ext: omni.graph-1.141.2] startup
[5.212s] [ext: omni.kit.window.material_graph-1.9.1] startup
[5.236s] [ext: omni.isaac.dynamic_control-2.0.7] startup
2026-04-26T18:33:47Z [5,006ms] [Warning] [omni.isaac.dynamic_control] omni.isaac.dynamic_control is deprecated as of Isaac Sim 4.5. No action is needed from end-users.
[5.246s] [ext: isaacsim.storage.native-1.5.1] startup
[5.253s] [ext: omni.graph.scriptnode-1.50.0] startup
[5.256s] [ext: omni.hydra.engine.stats-1.0.3] startup
[5.262s] [ext: omni.kit.viewport.legacy_gizmos-1.0.19] startup
[5.266s] [ext: omni.kit.raycast.query-1.1.0] startup
[5.274s] [ext: omni.graph.action_core-1.1.7] startup
[5.288s] [ext: omni.kit.viewport.scene_camera_model-1.0.6] startup
[5.292s] [ext: omni.graph.image.core-0.6.1] startup
[5.295s] [ext: omni.kit.widget.viewport-107.1.3] startup
[5.309s] [ext: omni.kit.viewport.registry-104.0.6] startup
[5.312s] [ext: omni.usd.metrics.assembler-107.3.1] startup
[5.321s] [ext: omni.kit.viewport.window-107.2.0] startup
[5.350s] [ext: omni.kit.viewport.menubar.core-107.2.1] startup
[5.386s] [ext: omni.graph.image.nodes-1.3.1] startup
[5.390s] [ext: omni.usd.metrics.assembler.physics-107.3.26] startup
[5.395s] [ext: omni.warp.core-1.8.2] startup
[5.541s] [ext: omni.kit.viewport.utility-1.1.2] startup
[5.544s] [ext: omni.physics.tensors-107.3.26] startup
[5.558s] [ext: omni.syntheticdata-0.6.13] startup
[5.602s] [ext: isaacsim.test.docstring-1.1.0] startup
[5.617s] [ext: isaacsim.core.utils-3.5.1] startup
[5.629s] [ext: omni.physx.tensors-107.3.26] startup
[5.634s] [ext: omni.graph.nodes-1.170.10] startup
[5.651s] [ext: omni.graph.action_nodes-1.50.4] startup
[5.658s] [ext: omni.kit.primitive.mesh-1.0.17] startup
[5.673s] [ext: isaacsim.core.simulation_manager-1.4.4] startup
[8.046s] [ext: omni.graph.ui_nodes-1.50.5] startup
[8.054s] [ext: omni.graph.action-1.130.0] startup
[8.056s] [ext: omni.kit.stage_templates-2.0.0] startup
[8.065s] [ext: isaacsim.core.prims-0.6.1] startup
[8.106s] [ext: omni.warp-1.8.2] startup
[8.121s] [ext: omni.videoencoding-0.1.2] startup
[8.132s] [ext: isaacsim.core.api-4.8.0] startup
[8.188s] [ext: isaacsim.core.experimental.utils-0.3.0] startup
[8.198s] [ext: omni.replicator.core-1.12.27] startup
2026-04-26T18:33:50Z [8,003ms] [Warning] [pxr.Semantics] pxr.Semantics is deprecated - please use Semantics instead
2026-04-26T18:33:50Z [8,214ms] [Warning] [omni.graph.core.plugin] Found duplicate of category 'Replicator' - was 'Annotators', adding 'Fabric Reader'
2026-04-26T18:33:50Z [8,214ms] [Warning] [omni.graph.core.plugin] Category 'Replicator' not accepted on node type 'omni.replicator.core.FabricReader' in extension 'omni.replicator.core'
2026-04-26T18:33:50Z [8,216ms] [Warning] [omni.replicator.core.scripts.extension] No material configuration file, adding configuration to material settings directly.
[8.459s] [ext: isaacsim.core.experimental.prims-0.8.1] startup
[8.518s] [ext: omni.kit.window.extensions-1.4.27] startup
[8.541s] [ext: isaacsim.core.experimental.objects-0.4.0] startup
[8.560s] [ext: omni.ui_query-1.1.8] startup
[8.564s] [ext: omni.kit.manipulator.viewport-107.0.1] startup
[8.568s] [ext: isaacsim.robot.surface_gripper-3.3.1] startup
[8.578s] [ext: omni.kit.ui_test-1.3.7] startup
[8.590s] [ext: omni.graph.visualization.nodes-2.1.3] startup
[8.624s] [ext: isaacsim.robot_motion.lula-4.0.8] startup
[8.653s] [ext: isaacsim.core.nodes-3.4.3] startup
[8.671s] [ext: isaacsim.gui.components-1.2.1] startup
[8.692s] [ext: isaacsim.robot_motion.motion_generation-8.0.26] startup
[8.723s] [ext: isaacsim.robot.manipulators-3.3.6] startup
[8.737s] [ext: isaacsim.core.experimental.materials-0.4.0] startup
[8.762s] [ext: isaacsim.robot.manipulators.examples-1.1.2] startup
[8.764s] [ext: isaacsim.cortex.framework-1.0.12] startup
[8.770s] [ext: isaacsim.cortex.behaviors-2.0.14] startup
[8.773s] [ext: omni.isaac.cortex.sample_behaviors-2.0.5] startup
2026-04-26T18:33:50Z [8,538ms] [Warning] [omni.isaac.cortex] omni.isaac.cortex has been deprecated in favor of isaacsim.cortex.framework. Please update your code accordingly.
2026-04-26T18:33:50Z [8,539ms] [Warning] [omni.isaac.cortex.sample_behaviors] omni.isaac.cortex.sample_behaviors has been deprecated in favor of isaacsim.cortex.behaviors. Please update your code accordingly.
[8.782s] [ext: omni.kit.widget.zoombar-1.0.6] startup
[8.789s] [ext: isaacsim.gui.content_browser-0.1.11] startup
[8.799s] [ext: omni.kit.browser.core-2.3.13] startup
[8.816s] [ext: omni.kit.widget.stage_icons-1.0.8] startup
[8.820s] [ext: omni.kit.widget.prompt-1.0.7] startup
[8.826s] [ext: omni.kit.usd.collect-2.4.5] startup
[8.835s] [ext: omni.kit.browser.folder.core-1.10.9] startup
[8.876s] [ext: omni.kit.window.stage-2.6.1] startup
[8.893s] [ext: omni.kit.usdz_export-1.0.9] startup
[8.900s] [ext: omni.kit.tool.collect-2.2.18] startup
[8.912s] [ext: omni.kit.menu.stage-1.2.7] startup
[8.918s] [ext: omni.kit.tool.asset_importer-4.3.2] startup
[8.967s] [ext: isaacsim.robot.wheeled_robots-4.0.24] startup
[9.013s] [ext: isaacsim.examples.browser-0.2.1] startup
[9.041s] [ext: isaacsim.asset.importer.urdf-2.4.30] startup
[9.387s] [ext: omni.isaac.wheeled_robots-3.0.7] startup
2026-04-26T18:33:51Z [9,150ms] [Warning] [omni.isaac.wheeled_robots] omni.isaac.wheeled_robots has been deprecated in favor of isaacsim.robot.wheeled_robots. Please update your code accordingly.
2026-04-26T18:33:51Z [9,150ms] [Warning] [omni.isaac.wheeled_robots.controllers] omni.isaac.wheeled_robots has been deprecated in favor of isaacsim.robot.wheeled_robots. Please update your code accordingly.
2026-04-26T18:33:51Z [9,153ms] [Warning] [omni.isaac.wheeled_robots.controllers.ackermann_controller] omni.isaac.wheeled_robots has been deprecated in favor of isaacsim.robot.wheeled_robots. Please update your code accordingly.
2026-04-26T18:33:51Z [9,155ms] [Warning] [omni.isaac.wheeled_robots.controllers.differential_controller] omni.isaac.wheeled_robots has been deprecated in favor of isaacsim.robot.wheeled_robots. Please update your code accordingly.
2026-04-26T18:33:51Z [9,157ms] [Warning] [omni.isaac.wheeled_robots.controllers.holonomic_controller] omni.isaac.wheeled_robots has been deprecated in favor of isaacsim.robot.wheeled_robots. Please update your code accordingly.
2026-04-26T18:33:51Z [9,158ms] [Warning] [omni.isaac.wheeled_robots.controllers.quintic_path_planner] omni.isaac.wheeled_robots has been deprecated in favor of isaacsim.robot.wheeled_robots. Please update your code accordingly.
2026-04-26T18:33:51Z [9,158ms] [Warning] [omni.isaac.wheeled_robots.controllers.stanley_control] omni.isaac.wheeled_robots has been deprecated in favor of isaacsim.robot.wheeled_robots. Please update your code accordingly.
2026-04-26T18:33:51Z [9,159ms] [Warning] [omni.isaac.wheeled_robots.controllers.wheel_base_pose_controller] omni.isaac.wheeled_robots has been deprecated in favor of isaacsim.robot.wheeled_robots. Please update your code accordingly.
2026-04-26T18:33:51Z [9,160ms] [Warning] [omni.isaac.wheeled_robots.impl] omni.isaac.wheeled_robots has been deprecated in favor of isaacsim.robot.wheeled_robots. Please update your code accordingly.
2026-04-26T18:33:51Z [9,160ms] [Warning] [omni.isaac.wheeled_robots.robots] omni.isaac.wheeled_robots has been deprecated in favor of isaacsim.robot.wheeled_robots. Please update your code accordingly.
2026-04-26T18:33:51Z [9,161ms] [Warning] [omni.isaac.wheeled_robots.robots.holonomic_robot_usd_setup] omni.isaac.wheeled_robots has been deprecated in favor of isaacsim.robot.wheeled_robots. Please update your code accordingly.
2026-04-26T18:33:51Z [9,161ms] [Warning] [omni.isaac.wheeled_robots.robots.wheeled_robot] omni.isaac.wheeled_robots has been deprecated in favor of isaacsim.robot.wheeled_robots. Please update your code accordingly.
[9.401s] [ext: isaacsim.simulation_app-2.12.2] startup
[9.404s] [ext: omni.isaac.franka-1.0.7] startup
2026-04-26T18:33:51Z [9,165ms] [Warning] [omni.isaac.franka] omni.isaac.franka has been deprecated in favor of isaacsim.robot.manipulators.examples.franka. Please update your code accordingly.
2026-04-26T18:33:51Z [9,166ms] [Warning] [omni.isaac.franka.franka] omni.isaac.franka has been deprecated in favor of isaacsim.robot.manipulators.examples.franka. Please update your code accordingly.
2026-04-26T18:33:51Z [9,186ms] [Warning] [omni.isaac.franka.kinematics_solver] omni.isaac.franka has been deprecated in favor of isaacsim.robot.manipulators.examples.franka. Please update your code accordingly.
[9.425s] [ext: omni.isaac.kit-2.0.6] startup
2026-04-26T18:33:51Z [9,188ms] [Warning] [omni.isaac.kit] omni.isaac.kit has been deprecated in favor of isaacsim.simulation_app. Please update your code accordingly.
[9.428s] [ext: omni.kit.selection-0.1.6] startup
[9.431s] [ext: omni.isaac.lula-4.0.6] startup
2026-04-26T18:33:51Z [9,193ms] [Warning] [omni.isaac.lula] omni.isaac.lula has been deprecated in favor of isaacsim.robot_motion.lula. Please update your code accordingly.
[9.433s] [ext: isaacsim.robot_motion.lula_test_widget-1.0.12] startup
[9.438s] [ext: isaacsim.asset.browser-1.3.23] startup
[10.038s] [ext: omni.kit.viewport.actions-107.0.2] startup
[10.046s] [ext: isaacsim.gui.menu-2.4.4] startup
[10.064s] [ext: omni.isaac.manipulators-3.0.7] startup
2026-04-26T18:33:51Z [9,827ms] [Warning] [omni.isaac.manipulators] omni.isaac.manipulators has been deprecated in favor of isaacsim.robot.manipulators. Please update your code accordingly.
2026-04-26T18:33:51Z [9,829ms] [Warning] [omni.isaac.manipulators.controllers] omni.isaac.manipulators has been deprecated in favor of isaacsim.robot.manipulators. Please update your code accordingly.
2026-04-26T18:33:51Z [9,830ms] [Warning] [omni.isaac.manipulators.controllers.pick_place_controller] omni.isaac.manipulators has been deprecated in favor of isaacsim.robot.manipulators. Please update your code accordingly.
2026-04-26T18:33:51Z [9,833ms] [Warning] [omni.isaac.manipulators.controllers.stacking_controller] omni.isaac.manipulators has been deprecated in favor of isaacsim.robot.manipulators. Please update your code accordingly.
2026-04-26T18:33:51Z [9,834ms] [Warning] [omni.isaac.manipulators.grippers] omni.isaac.manipulators has been deprecated in favor of isaacsim.robot.manipulators. Please update your code accordingly.
2026-04-26T18:33:51Z [9,834ms] [Warning] [omni.isaac.manipulators.grippers.gripper] omni.isaac.manipulators has been deprecated in favor of isaacsim.robot.manipulators. Please update your code accordingly.
2026-04-26T18:33:51Z [9,835ms] [Warning] [omni.isaac.manipulators.grippers.parallel_gripper] omni.isaac.manipulators has been deprecated in favor of isaacsim.robot.manipulators. Please update your code accordingly.
2026-04-26T18:33:51Z [9,836ms] [Warning] [omni.isaac.manipulators.grippers.surface_gripper] omni.isaac.manipulators has been deprecated in favor of isaacsim.robot.manipulators. Please update your code accordingly.
2026-04-26T18:33:51Z [9,837ms] [Warning] [omni.isaac.manipulators.manipulators] omni.isaac.manipulators has been deprecated in favor of isaacsim.robot.manipulators. Please update your code accordingly.
2026-04-26T18:33:51Z [9,837ms] [Warning] [omni.isaac.manipulators.manipulators.single_manipulator] omni.isaac.manipulators has been deprecated in favor of isaacsim.robot.manipulators. Please update your code accordingly.
[10.078s] [ext: omni.isaac.lula_test_widget-1.0.6] startup
2026-04-26T18:33:51Z [9,840ms] [Warning] [omni.isaac.lula_test_widget] omni.isaac.lula_test_widget has been deprecated in favor of isaacsim.robot_motion.lula_test_widget. Please update your code accordingly.
[10.080s] [ext: omni.isaac.asset_browser-1.0.6] startup
2026-04-26T18:33:51Z [9,843ms] [Warning] [omni.isaac.asset_browser] omni.isaac.asset_browser has been deprecated in favor of isaacsim.asset.browser. Please update your code accordingly.
[10.083s] [ext: omni.kit.viewport.menubar.display-107.0.3] startup
[10.090s] [ext: omni.isaac.menu-1.0.6] startup
2026-04-26T18:33:51Z [9,852ms] [Warning] [omni.isaac.menu] omni.isaac.menu has been deprecated in favor of isaacsim.gui.menu. Please update your code accordingly.
[10.092s] [ext: omni.isaac.motion_generation-8.0.7] startup
2026-04-26T18:33:51Z [9,856ms] [Warning] [omni.isaac.motion_generation] omni.isaac.motion_generation has been deprecated in favor of isaacsim.robot_motion.motion_generation. Please update your code accordingly.
2026-04-26T18:33:51Z [9,856ms] [Warning] [omni.isaac.motion_generation.articulation_kinematics_solver] omni.isaac.motion_generation has been deprecated in favor of isaacsim.robot_motion.motion_generation. Please update your code accordingly.
2026-04-26T18:33:51Z [9,857ms] [Warning] [omni.isaac.motion_generation.articulation_motion_policy] omni.isaac.motion_generation has been deprecated in favor of isaacsim.robot_motion.motion_generation. Please update your code accordingly.
2026-04-26T18:33:51Z [9,858ms] [Warning] [omni.isaac.motion_generation.articulation_trajectory] omni.isaac.motion_generation has been deprecated in favor of isaacsim.robot_motion.motion_generation. Please update your code accordingly.
2026-04-26T18:33:51Z [9,858ms] [Warning] [omni.isaac.motion_generation.kinematics_interface] omni.isaac.motion_generation has been deprecated in favor of isaacsim.robot_motion.motion_generation. Please update your code accordingly.
2026-04-26T18:33:51Z [9,859ms] [Warning] [omni.isaac.motion_generation.lula] omni.isaac.motion_generation has been deprecated in favor of isaacsim.robot_motion.motion_generation. Please update your code accordingly.
2026-04-26T18:33:51Z [9,860ms] [Warning] [omni.isaac.motion_generation.lula.kinematics] omni.isaac.motion_generation has been deprecated in favor of isaacsim.robot_motion.motion_generation. Please update your code accordingly.
2026-04-26T18:33:51Z [9,860ms] [Warning] [omni.isaac.motion_generation.lula.motion_policies] omni.isaac.motion_generation has been deprecated in favor of isaacsim.robot_motion.motion_generation. Please update your code accordingly.
2026-04-26T18:33:51Z [9,861ms] [Warning] [omni.isaac.motion_generation.lula.path_planners] omni.isaac.motion_generation has been deprecated in favor of isaacsim.robot_motion.motion_generation. Please update your code accordingly.
2026-04-26T18:33:51Z [9,862ms] [Warning] [omni.isaac.motion_generation.lula.trajectory_generator] omni.isaac.motion_generation has been deprecated in favor of isaacsim.robot_motion.motion_generation. Please update your code accordingly.
2026-04-26T18:33:51Z [9,862ms] [Warning] [omni.isaac.motion_generation.motion_policy_controller] omni.isaac.motion_generation has been deprecated in favor of isaacsim.robot_motion.motion_generation. Please update your code accordingly.
2026-04-26T18:33:51Z [9,863ms] [Warning] [omni.isaac.motion_generation.motion_policy_interface] omni.isaac.motion_generation has been deprecated in favor of isaacsim.robot_motion.motion_generation. Please update your code accordingly.
2026-04-26T18:33:51Z [9,864ms] [Warning] [omni.isaac.motion_generation.path_planner_visualizer] omni.isaac.motion_generation has been deprecated in favor of isaacsim.robot_motion.motion_generation. Please update your code accordingly.
2026-04-26T18:33:51Z [9,865ms] [Warning] [omni.isaac.motion_generation.path_planning_interface] omni.isaac.motion_generation has been deprecated in favor of isaacsim.robot_motion.motion_generation. Please update your code accordingly.
2026-04-26T18:33:51Z [9,865ms] [Warning] [omni.isaac.motion_generation.trajectory] omni.isaac.motion_generation has been deprecated in favor of isaacsim.robot_motion.motion_generation. Please update your code accordingly.
2026-04-26T18:33:51Z [9,866ms] [Warning] [omni.isaac.motion_generation.world_interface] omni.isaac.motion_generation has been deprecated in favor of isaacsim.robot_motion.motion_generation. Please update your code accordingly.
[10.106s] [ext: omni.isaac.assets_check-0.3.13] startup
2026-04-26T18:33:51Z [9,869ms] [Warning] [omni.isaac.assets_check] omni.isaac.assets_check has been deprecated in favor of isaacsim.asset.browser. Please update your code accordingly.
[10.109s] [ext: isaacsim.gui.sensors.icon-2.0.3] startup
[10.154s] [ext: isaacsim.asset.importer.mjcf-2.5.13] startup
[10.166s] [ext: omni.sensors.nv.common-3.0.0] startup
[10.199s] [ext: isaacsim.sensors.physics-0.4.3] startup
[10.211s] [ext: omni.sensors.net-1.0.0] startup
[10.237s] [ext: omni.isaac.nucleus-1.0.6] startup
2026-04-26T18:33:52Z [9,999ms] [Warning] [omni.isaac.nucleus] omni.isaac.nucleus has been deprecated in favor of isaacsim.storage.native. Please update your code accordingly.
2026-04-26T18:33:52Z [10,000ms] [Warning] [omni.isaac.nucleus.nucleus] omni.isaac.nucleus.nucleus has been deprecated in favor of isaacsim.storage.native. Please update your code accordingly.
2026-04-26T18:33:52Z [10,000ms] [Warning] [omni.ext._impl._internal] Found class `Extension` derived from `omni.ext.IExt` in module: 'omni.isaac.nucleus', but it was imported from other extension: 'c:/transformer-rl-retro-propulsion/env_isaaclab/lib/site-packages/isaacsim/exts/isaacsim.storage.native/isaacsim/storage/native/impl/extension.py', which is not a subpath to: 'c:\transformer-rl-retro-propulsion\env_isaaclab\lib\site-packages\isaacsim\extsdeprecated\omni.isaac.nucleus'. Do not import `IExt` derived class from other extension in your public namespace.
[10.240s] [ext: omni.sensors.nv.materials-2.0.0] startup
[10.263s] [ext: isaacsim.robot.policy.examples-4.1.11] startup
[10.266s] [ext: omni.sensors.nv.wpm-3.0.0] startup
[10.275s] [ext: omni.sensors.nv.lidar-3.0.0] startup
[10.295s] [ext: isaacsim.util.debug_draw-3.1.0] startup
[10.303s] [ext: omni.sensors.nv.radar-3.0.0] startup
[10.328s] [ext: omni.sensors.nv.ids-2.0.0] startup
[10.338s] [ext: isaacsim.core.cloner-1.4.10] startup
[10.345s] [ext: isaacsim.sensors.physx-2.3.2] startup
[10.358s] [ext: isaacsim.sensors.rtx-15.8.4] startup
[10.377s] [ext: isaacsim.sensors.camera-1.3.6] startup
[10.392s] [ext: omni.isaac.quadruped-3.0.7] startup
2026-04-26T18:33:52Z [10,155ms] [Warning] [omni.isaac.quadruped] omni.isaac.quadruped has been deprecated in favor of isaacsim.robot.policy.examples. Please update your code accordingly.
[10.395s] [ext: omni.isaac.cloner-1.0.7] startup
2026-04-26T18:33:52Z [10,158ms] [Warning] [omni.isaac.cloner] omni.isaac.cloner has been deprecated in favor of isaacsim.core.cloner. Please update your code accordingly.
[10.401s] [ext: omni.isaac.range_sensor-4.0.6] startup
2026-04-26T18:33:52Z [10,164ms] [Warning] [omni.isaac.range_sensor] omni.isaac.range_sensor has been deprecated in favor of isaacsim.sensors.physx. Please update your code accordingly.
2026-04-26T18:33:52Z [10,165ms] [Warning] [omni.isaac.range_sensor.commands] omni.isaac.range_sensor.commands has been deprecated in favor of isaacsim.sensors.physx.commands. Please update your code accordingly.
[10.405s] [ext: omni.isaac.sensor-13.0.7] startup
2026-04-26T18:33:52Z [10,168ms] [Warning] [omni.isaac.sensor] omni.isaac.sensor has been deprecated in favor of isaacsim.sensors.camera, isaacsim.sensors.physics, isaacsim.sensors.physx, and isaacsim.sensors.rtx. Please update your code accordingly.
2026-04-26T18:33:52Z [10,170ms] [Warning] [omni.isaac.sensor.camera] omni.isaac.sensor.camera has been deprecated in favor of isaacsim.sensors.camera.camera. Please update your code accordingly.
2026-04-26T18:33:52Z [10,170ms] [Warning] [omni.isaac.sensor.camera_view] omni.isaac.sensor.camera_view has been deprecated in favor of isaacsim.sensors.camera.camera_view. Please update your code accordingly.
2026-04-26T18:33:52Z [10,171ms] [Warning] [omni.isaac.sensor.commands] omni.isaac.sensor.commands has been deprecated in favor of isaacsim.sensors.physics.commands, isaacsim.sensors.physx.commands, and isaacsim.sensors.rtx.commands. Please update your code accordingly.
2026-04-26T18:33:52Z [10,172ms] [Warning] [omni.isaac.sensor.contact_sensor] omni.isaac.sensor.contact_sensor has been deprecated in favor of isaacsim.sensors.physics.contact_sensor. Please update your code accordingly.
2026-04-26T18:33:52Z [10,172ms] [Warning] [omni.isaac.sensor.imu_sensor] omni.isaac.sensor.imu_sensor has been deprecated in favor of isaacsim.sensors.physics.imu_sensor. Please update your code accordingly.
2026-04-26T18:33:52Z [10,173ms] [Warning] [omni.isaac.sensor.lidar_rtx] omni.isaac.sensor.lidar_rtx has been deprecated in favor of isaacsim.sensors.rtx.lidar_rtx. Please update your code accordingly.
2026-04-26T18:33:52Z [10,174ms] [Warning] [omni.isaac.sensor.rotating_lidar_physX] omni.isaac.sensor.imu_sensor has been deprecated in favor of isaacsim.sensors.physix.rotating_lidar_physX. Please update your code accordingly.
2026-04-26T18:33:52Z [10,175ms] [Warning] [omni.isaac.sensor.scripts.samples.contact_sensor] omni.isaac.sensor.scripts.samples.contact_sensor has been deprecated in favor of isaacsim.sensors.physics.scripts.samples.contact_sensor. Please update your code accordingly.
2026-04-26T18:33:52Z [10,176ms] [Warning] [omni.isaac.sensor.scripts.samples.imu_sensor] omni.isaac.sensor.scripts.samples.imu_sensor has been deprecated in favor of isaacsim.sensors.physics.scripts.samples.imu_sensor. Please update your code accordingly.
2026-04-26T18:33:52Z [10,177ms] [Warning] [omni.isaac.sensor.scripts.samples.lightbeam_sensor] omni.isaac.sensor.scripts.samples.lightbeam_sensor has been deprecated in favor of isaacsim.sensors.physx.scripts.samples.lightbeam_sensor. Please update your code accordingly.
[10.418s] [ext: omni.kit.menu.create-2.0.1] startup
[10.428s] [ext: omni.kit.widget.toolbar-2.0.1] startup
[10.452s] [ext: omni.kit.manipulator.transform-107.0.0] startup
[10.464s] [ext: omni.isaac.core-4.0.7] startup
2026-04-26T18:33:52Z [10,227ms] [Warning] [omni.isaac.core.physics_context.physics_context] omni.isaac.core.physics_context.physics_context has been deprecated in favor of isaacsim.core.api.physics_context.physics_context. Please update your code accordingly.
2026-04-26T18:33:52Z [10,228ms] [Warning] [omni.isaac.core.simulation_context.simulation_context] omni.isaac.core.simulation_context.simulation_context has been deprecated in favor of isaacsim.core.api.simulation_context.simulation_context. Please update your code accordingly.
2026-04-26T18:33:52Z [10,229ms] [Warning] [omni.isaac.core.world.world] omni.isaac.core.world.world has been deprecated in favor of isaacsim.core.api.world.world. Please update your code accordingly.
2026-04-26T18:33:52Z [10,229ms] [Warning] [omni.isaac.core] omni.isaac.core has been deprecated in favor of isaacsim.core.api. Please update your code accordingly.
[10.469s] [ext: omni.kit.scripting-107.3.2] startup
[10.483s] [ext: omni.kit.manipulator.tool.snap-1.5.13] startup
[10.498s] [ext: omni.kit.manipulator.selector-1.1.3] startup
[10.503s] [ext: isaacsim.app.about-2.0.11] startup
[10.514s] [ext: isaacsim.replicator.behavior-1.1.16] startup
[10.516s] [ext: omni.kit.viewport.manipulator.transform-107.0.4] startup
[10.522s] [ext: omni.isaac.window.about-2.0.7] startup
2026-04-26T18:33:52Z [10,289ms] [Warning] [omni.isaac.window.about] omni.isaac.window.about has been deprecated in favor of isaacsim.app.about. Please update your code accordingly.
2026-04-26T18:33:52Z [10,291ms] [Warning] [omni.isaac.window.about.about] omni.isaac.window.about.about has been deprecated in favor of isaacsim.app.about.about. Please update your code accordingly.
[10.531s] [ext: omni.fabric.commands-1.1.6] startup
[10.541s] [ext: omni.kit.manipulator.prim.core-107.0.8] startup
[10.560s] [ext: omni.kit.property.audio-1.0.16] startup
[10.565s] [ext: omni.kit.property.camera-1.0.10] startup
[10.569s] [ext: omni.kit.property.geometry-2.0.4] startup
[10.577s] [ext: omni.hydra.scene_api-0.1.2] startup
[10.585s] [ext: omni.kit.property.light-1.0.12] startup
[10.605s] [ext: omni.kit.manipulator.prim.fabric-107.0.4] startup
[10.613s] [ext: omni.kit.manipulator.prim.usd-107.0.3] startup
[10.618s] [ext: omni.kit.property.material-1.11.9] startup
[10.647s] [ext: omni.kit.property.render-1.2.1] startup
[10.651s] [ext: omni.kit.property.transform-1.5.13] startup
[10.663s] [ext: isaacsim.gui.property-1.1.3] startup
[10.671s] [ext: omni.kit.manipulator.camera-106.0.4] startup
[10.684s] [ext: omni.kit.manipulator.prim-107.0.0] startup
[10.685s] [ext: omni.isaac.surface_gripper-2.0.6] startup
2026-04-26T18:33:52Z [10,446ms] [Warning] [omni.isaac.surface_gripper] omni.isaac.surface_gripper has been deprecated in favor of isaacsim.robot.surface_gripper. Please update your code accordingly.
2026-04-26T18:33:52Z [10,446ms] [Warning] [omni.ext._impl._internal] Found class `Extension` derived from `omni.ext.IExt` in module: 'omni.isaac.surface_gripper', but it was imported from other extension: 'c:/transformer-rl-retro-propulsion/env_isaaclab/lib/site-packages/isaacsim/exts/isaacsim.robot.surface_gripper/isaacsim/robot/surface_gripper/impl/extension.py', which is not a subpath to: 'c:\transformer-rl-retro-propulsion\env_isaaclab\lib\site-packages\isaacsim\extsdeprecated\omni.isaac.surface_gripper'. Do not import `IExt` derived class from other extension in your public namespace.
[10.687s] [ext: omni.kit.manipulator.selection-106.0.1] startup
[10.694s] [ext: omni.kit.property.bundle-1.4.1] startup
[10.700s] [ext: omni.kit.property.isaac-1.0.6] startup
2026-04-26T18:33:52Z [10,462ms] [Warning] [omni.kit.property.isaac] omni.kit.property.isaac has been deprecated in favor of isaacsim.gui.property. Please update your code accordingly.
2026-04-26T18:33:52Z [10,463ms] [Warning] [omni.kit.property.isaac.widgets] omni.kit.property.isaac.widgets has been deprecated in favor of isaacsim.gui.property.widgets. Please update your code accordingly.
[10.703s] [ext: omni.isaac.universal_robots-1.0.6] startup
2026-04-26T18:33:52Z [10,465ms] [Warning] [omni.isaac.universal_robots] omni.isaac.universal_robots has been deprecated in favor of isaacsim.robot.manipulators.examples.universal_robots. Please update your code accordingly.
2026-04-26T18:33:52Z [10,466ms] [Warning] [omni.isaac.universal_robots.kinematics_solver] omni.isaac.franka has been deprecated in favor of isaacsim.robot.manipulators.examples.universal_robots. Please update your code accordingly.
2026-04-26T18:33:52Z [10,470ms] [Warning] [omni.isaac.universal_robots.ur10] omni.isaac.franka has been deprecated in favor of isaacsim.robot.manipulators.examples.universal_robots. Please update your code accordingly.
[10.710s] [ext: omni.isaac.core_nodes-2.0.6] startup
2026-04-26T18:33:52Z [10,475ms] [Warning] [omni.isaac.core_nodes] omni.isaac.core_nodes has been deprecated in favor of isaacsim.core.nodes. Please update your code accordingly.
[10.715s] [ext: omni.kit.viewport.menubar.camera-107.0.6] startup
[10.735s] [ext: omni.kit.viewport.menubar.lighting-107.3.1] startup
[10.743s] [ext: isaacsim.replicator.writers-1.0.17] startup
[10.793s] [ext: omni.kit.viewport.menubar.render-107.0.10] startup
[10.804s] [ext: omni.kit.viewport.menubar.settings-107.0.3] startup
[10.819s] [ext: omni.kit.window.console-1.1.4] startup
[10.835s] [ext: isaacsim.replicator.domain_randomization-1.0.16] startup
[10.845s] [ext: isaacsim.replicator.examples-1.3.6] startup
[10.851s] [ext: omni.ocio-0.1.1] startup
[10.861s] [ext: omni.rtx.window.settings-0.6.19] startup
[10.879s] [ext: omni.kit.window.status_bar-0.1.9] startup
[10.889s] [ext: omni.kit.window.toolbar-2.0.0] startup
[10.902s] [ext: omni.replicator.isaac-2.0.8] startup
2026-04-26T18:33:52Z [10,664ms] [Warning] [omni.replicator.isaac] omni.replicator.isaac has been deprecated in favor of isaacsim.replicator.domain_randomization, isaacsim.replicator.examples, isaacsim.replicator.writers. Please update your code accordingly.
[10.906s] [ext: omni.replicator.replicator_yaml-2.0.11] startup
[10.949s] [ext: omni.rtx.settings.core-0.6.5] startup
[10.962s] [ext: omni.usd.metrics.assembler.ui-107.3.1] startup
[10.981s] [ext: omni.isaac.utils-2.0.6] startup
[10.986s] [ext: semantics.schema.editor-2.0.2] startup
[10.994s] [ext: omni.kit.ui.actions-1.0.5] startup
[10.999s] [ext: semantics.schema.property-2.0.1] startup
[11.005s] [ext: omni.isaac.version-2.0.7] startup
2026-04-26T18:33:52Z [10,768ms] [Warning] [omni.isaac.version] omni.isaac.version has been deprecated in favor of isaacsim.core.version. Please update your code accordingly.
[11.008s] [ext: omni.isaac.cortex-1.0.5] startup
[11.009s] [ext: omni.anim.curve.core-1.3.1] startup
[11.034s] [ext: isaacsim.core.throttling-2.2.2] startup
[11.042s] [ext: omni.kit.menu.common-2.0.1] startup
[11.047s] [ext: isaacsim.exp.base-5.1.0] startup
[11.048s] [ext: isaacsim.exp.base.python-5.1.0] startup
[11.052s] Simulation App Starting
2026-04-26T18:33:53Z [11,051ms] [Warning] [omni.fabric.plugin] Warning: attribute viewPickingId not found for bucket id 9

2026-04-26T18:33:53Z [11,063ms] [Warning] [usdrt.population.plugin] [UsdNoticeHandler] Unhandled attribute type VtArray<std::string> (prim attribute: omni:rtx:material:db:flattener:reflection_roughness_constant)
2026-04-26T18:33:53Z [11,063ms] [Warning] [usdrt.population.plugin] [UsdNoticeHandler] Unhandled attribute type VtArray<std::string> (prim attribute: omni:rtx:material:db:flattener:ior_constant)
2026-04-26T18:33:53Z [11,063ms] [Warning] [usdrt.population.plugin] [UsdNoticeHandler] Unhandled attribute type VtArray<std::string> (prim attribute: omni:rtx:material:db:flattener:transmittance_color)
[11.316s] app ready
Starting kit application with the following args:  ['C:\\Transformer-rl-retro-propulsion\\env_isaaclab\\Lib\\site-packages\\isaacsim\\exts\\isaacsim.simulation_app\\isaacsim\\simulation_app\\simulation_app.py', 'C:\\Transformer-rl-retro-propulsion\\env_isaaclab\\Lib\\site-packages\\isaacsim\\apps/isaacsim.exp.base.python.kit', '--/app/tokens/exe-path=C:\\Transformer-rl-retro-propulsion\\env_isaaclab\\Lib\\site-packages\\isaacsim\\kit', '--/persistent/app/viewport/displayOptions=3094', '--/rtx/materialDb/syncLoads=True', '--/rtx/hydra/materialSyncLoads=True', '--/omni.kit.plugin/syncUsdLoads=True', '--/app/renderer/resolution/width=1280', '--/app/renderer/resolution/height=720', '--/app/window/width=1440', '--/app/window/height=900', '--/renderer/multiGpu/enabled=True', '--/app/fastShutdown=True', '--/app/installSignalHandlers=0', '--ext-folder', 'C:\\Transformer-rl-retro-propulsion\\env_isaaclab\\Lib\\site-packages\\isaacsim/exts', '--ext-folder', 'C:\\Transformer-rl-retro-propulsion\\env_isaaclab\\Lib\\site-packages\\isaacsim/apps', '--/physics/cudaDevice=0', '--/plugins/carb.tasking.plugin/threadCount=24', '--/plugins/omni.tbb.globalcontrol/maxThreadCount=24', '--portable', '--no-window', '--/app/window/hideUi=1']
Passing the following args to the base kit application:  ['--task', 'landing', '--total-steps', '5000000', '--rollout-steps', '128', '--minibatches', '8', '--update-epochs', '4', '--learning-rate', '1e-5', '--reward-scale', '0.05', '--eval-interval', '250000', '--save-interval', '250000', '--eval-seconds', '30', '--early-stop-patience', '20', '--early-stop-min-delta', '0.01', '--early-stop-warmup-updates', '20', '--early-stop-ema-alpha', '0.2', '--max-wall-time', '7200', '--headless']
Warp 1.8.2 initialized:
   CUDA Toolkit 12.8, Driver 13.0
   Devices:
     "cpu"      : "AMD64 Family 26 Model 68 Stepping 0, AuthenticAMD"
     "cuda:0"   : "NVIDIA GeForce RTX 5070" (12 GiB, sm_120, mempool enabled)
   Kernel cache:
     C:\Users\tngzj\AppData\Local\NVIDIA\warp\Cache\1.8.2
Warp DeprecationWarning: The `warp.sim` module is deprecated and will be removed in v1.10. Please transition to using the forthcoming Newton library instead.

[36m===================================================================================================================[0m
[36m[1m[INFO][IsaacLab]: Logging to file: C:\Users\tngzj\AppData\Local\Temp\isaaclab\logs\isaaclab_2026-04-26_13-33-56.log[0m
[36m===================================================================================================================[0m

{"type":"train_update","update":1,"global_step":16384,"wall_s":8.06,"sps":2033.6,"loss":47.694503,"loss_ema":47.694503,"loss_plateau_delta":null,"loss_plateau_count":0,"pg_loss":-0.000456,"v_loss":95.389918,"entropy":2.094414,"approx_kl":0.000901,"clipfrac":0.0,"reward_mean":-1.1142,"reward_std":0.697,"reward_min":-6.1136,"reward_max":4.6217,"reward_scale":0.05,"throttle_mean":0.5008,"throttle_min":0.0425,"throttle_max":0.9408}
step=16,384 reward_mean=-1.114 kl=0.00090 clipfrac=0.000 eval={'landed_fraction': 0.0, 'crashed_fraction': 0.0, 'mean_touchdown_speed': nan, 'max_touchdown_speed': nan, 'mean_pad_distance': nan, 'max_pad_distance': nan, 'mean_delta_v_proxy': 6.393476486206055, 'mean_eval_throttle': 0.5026994826396306, 'max_eval_throttle': 0.5042063593864441, 'max_upward_speed': 2.066164493560791, 'max_downward_speed': 13.09964656829834, 'passed': False}
{"type":"train_update","update":2,"global_step":32768,"wall_s":62.79,"sps":521.9,"loss":48.202325,"loss_ema":47.796068,"loss_plateau_delta":0.101564,"loss_plateau_count":0,"pg_loss":-0.00011,"v_loss":96.404871,"entropy":2.094109,"approx_kl":0.000221,"clipfrac":0.0,"reward_mean":-1.1227,"reward_std":0.6801,"reward_min":-6.2683,"reward_max":4.7024,"reward_scale":0.05,"throttle_mean":0.5011,"throttle_min":0.0494,"throttle_max":0.9524}
{"type":"train_update","update":3,"global_step":49152,"wall_s":69.38,"sps":708.5,"loss":40.705217,"loss_ema":46.377897,"loss_plateau_delta":1.41817,"loss_plateau_count":0,"pg_loss":-0.000151,"v_loss":81.410734,"entropy":2.094027,"approx_kl":0.000262,"clipfrac":0.0,"reward_mean":-1.103,"reward_std":0.8021,"reward_min":-6.2206,"reward_max":4.9166,"reward_scale":0.05,"throttle_mean":0.5026,"throttle_min":0.0689,"throttle_max":0.9631}
{"type":"train_update","update":4,"global_step":65536,"wall_s":76.83,"sps":853.0,"loss":40.427157,"loss_ema":45.187749,"loss_plateau_delta":1.190148,"loss_plateau_count":0,"pg_loss":8.1e-05,"v_loss":80.854152,"entropy":2.094045,"approx_kl":3.8e-05,"clipfrac":0.0,"reward_mean":-1.1186,"reward_std":0.802,"reward_min":-6.2728,"reward_max":4.8513,"reward_scale":0.05,"throttle_mean":0.5073,"throttle_min":0.0437,"throttle_max":0.9582}
{"type":"train_update","update":5,"global_step":81920,"wall_s":83.74,"sps":978.3,"loss":39.187552,"loss_ema":43.98771,"loss_plateau_delta":1.200039,"loss_plateau_count":0,"pg_loss":-7.2e-05,"v_loss":78.375248,"entropy":2.09404,"approx_kl":0.000115,"clipfrac":0.0,"reward_mean":-1.1179,"reward_std":0.7854,"reward_min":-6.3635,"reward_max":4.8976,"reward_scale":0.05,"throttle_mean":0.5077,"throttle_min":0.0611,"throttle_max":0.951}
{"type":"train_update","update":6,"global_step":98304,"wall_s":90.46,"sps":1086.7,"loss":38.516304,"loss_ema":42.893429,"loss_plateau_delta":1.094281,"loss_plateau_count":0,"pg_loss":-7.4e-05,"v_loss":77.032756,"entropy":2.094043,"approx_kl":9.9e-05,"clipfrac":0.0,"reward_mean":-1.1001,"reward_std":0.7905,"reward_min":-6.617,"reward_max":4.5752,"reward_scale":0.05,"throttle_mean":0.5076,"throttle_min":0.0569,"throttle_max":0.9451}
{"type":"train_update","update":7,"global_step":114688,"wall_s":96.64,"sps":1186.7,"loss":40.378052,"loss_ema":42.390353,"loss_plateau_delta":0.503075,"loss_plateau_count":0,"pg_loss":-4.4e-05,"v_loss":80.756192,"entropy":2.093924,"approx_kl":0.000133,"clipfrac":0.0,"reward_mean":-1.149,"reward_std":0.7909,"reward_min":-6.5915,"reward_max":4.91,"reward_scale":0.05,"throttle_mean":0.5093,"throttle_min":0.0622,"throttle_max":0.9354}
{"type":"train_update","update":8,"global_step":131072,"wall_s":104.57,"sps":1253.4,"loss":38.800794,"loss_ema":41.672441,"loss_plateau_delta":0.717912,"loss_plateau_count":0,"pg_loss":-0.000104,"v_loss":77.601796,"entropy":2.093927,"approx_kl":0.00024,"clipfrac":0.0,"reward_mean":-1.1368,"reward_std":0.7863,"reward_min":-6.2431,"reward_max":4.7104,"reward_scale":0.05,"throttle_mean":0.5056,"throttle_min":0.0791,"throttle_max":0.9508}
{"type":"train_update","update":9,"global_step":147456,"wall_s":111.38,"sps":1323.9,"loss":37.902142,"loss_ema":40.918382,"loss_plateau_delta":0.75406,"loss_plateau_count":0,"pg_loss":3.8e-05,"v_loss":75.804209,"entropy":2.093899,"approx_kl":4.8e-05,"clipfrac":0.0,"reward_mean":-1.1422,"reward_std":0.7874,"reward_min":-6.5346,"reward_max":4.7695,"reward_scale":0.05,"throttle_mean":0.5037,"throttle_min":0.0382,"throttle_max":0.9374}
{"type":"train_update","update":10,"global_step":163840,"wall_s":117.74,"sps":1391.5,"loss":35.88888,"loss_ema":39.912481,"loss_plateau_delta":1.0059,"loss_plateau_count":0,"pg_loss":9.5e-05,"v_loss":71.77757,"entropy":2.093966,"approx_kl":2.4e-05,"clipfrac":0.0,"reward_mean":-1.1131,"reward_std":0.788,"reward_min":-6.9673,"reward_max":4.7137,"reward_scale":0.05,"throttle_mean":0.5046,"throttle_min":0.0621,"throttle_max":0.9553}
{"type":"train_update","update":11,"global_step":180224,"wall_s":125.37,"sps":1437.5,"loss":35.954087,"loss_ema":39.120802,"loss_plateau_delta":0.791679,"loss_plateau_count":0,"pg_loss":0.0001,"v_loss":71.907973,"entropy":2.094019,"approx_kl":2.7e-05,"clipfrac":0.0,"reward_mean":-1.136,"reward_std":0.7954,"reward_min":-6.2523,"reward_max":4.8618,"reward_scale":0.05,"throttle_mean":0.5035,"throttle_min":0.0415,"throttle_max":0.9308}
{"type":"train_update","update":12,"global_step":196608,"wall_s":132.15,"sps":1487.8,"loss":35.890403,"loss_ema":38.474723,"loss_plateau_delta":0.64608,"loss_plateau_count":0,"pg_loss":-3.8e-05,"v_loss":71.780883,"entropy":2.09406,"approx_kl":0.000175,"clipfrac":0.0,"reward_mean":-1.1433,"reward_std":0.7843,"reward_min":-6.3804,"reward_max":4.9379,"reward_scale":0.05,"throttle_mean":0.5031,"throttle_min":0.0555,"throttle_max":0.9387}
{"type":"train_update","update":13,"global_step":212992,"wall_s":139.43,"sps":1527.6,"loss":34.889171,"loss_ema":37.757612,"loss_plateau_delta":0.71711,"loss_plateau_count":0,"pg_loss":-1.6e-05,"v_loss":69.778375,"entropy":2.094033,"approx_kl":7.2e-05,"clipfrac":0.0,"reward_mean":-1.1307,"reward_std":0.7953,"reward_min":-6.2365,"reward_max":4.8487,"reward_scale":0.05,"throttle_mean":0.5015,"throttle_min":0.0468,"throttle_max":0.9503}
{"type":"train_update","update":14,"global_step":229376,"wall_s":146.22,"sps":1568.7,"loss":33.520845,"loss_ema":36.910259,"loss_plateau_delta":0.847353,"loss_plateau_count":0,"pg_loss":-0.000169,"v_loss":67.042029,"entropy":2.094111,"approx_kl":0.000108,"clipfrac":0.0,"reward_mean":-1.1221,"reward_std":0.7873,"reward_min":-6.2268,"reward_max":4.7552,"reward_scale":0.05,"throttle_mean":0.5018,"throttle_min":0.0461,"throttle_max":0.928}
{"type":"train_update","update":15,"global_step":245760,"wall_s":153.82,"sps":1597.7,"loss":33.722844,"loss_ema":36.272776,"loss_plateau_delta":0.637483,"loss_plateau_count":0,"pg_loss":-0.000137,"v_loss":67.445963,"entropy":2.094252,"approx_kl":0.000232,"clipfrac":0.0,"reward_mean":-1.1294,"reward_std":0.792,"reward_min":-6.1946,"reward_max":4.6483,"reward_scale":0.05,"throttle_mean":0.5028,"throttle_min":0.0311,"throttle_max":0.9432}
{"type":"train_update","update":16,"global_step":262144,"wall_s":160.26,"sps":1635.7,"loss":32.029548,"loss_ema":35.42413,"loss_plateau_delta":0.848646,"loss_plateau_count":0,"pg_loss":7.2e-05,"v_loss":64.058951,"entropy":2.094177,"approx_kl":0.000172,"clipfrac":0.0,"reward_mean":-1.1083,"reward_std":0.7927,"reward_min":-6.145,"reward_max":4.8148,"reward_scale":0.05,"throttle_mean":0.5015,"throttle_min":0.0598,"throttle_max":0.9655}
step=262,144 reward_mean=-1.108 kl=0.00017 clipfrac=0.000 eval={'landed_fraction': 0.0, 'crashed_fraction': 0.0, 'mean_touchdown_speed': nan, 'max_touchdown_speed': nan, 'mean_pad_distance': nan, 'max_pad_distance': nan, 'mean_delta_v_proxy': 6.361935615539551, 'mean_eval_throttle': 0.5017736927337116, 'max_eval_throttle': 0.5073333978652954, 'max_upward_speed': 2.057933807373047, 'max_downward_speed': 13.073040962219238, 'passed': False}
{"type":"train_update","update":17,"global_step":278528,"wall_s":214.18,"sps":1300.5,"loss":37.604172,"loss_ema":35.860139,"loss_plateau_delta":0.436008,"loss_plateau_count":0,"pg_loss":-4.6e-05,"v_loss":75.208437,"entropy":2.094029,"approx_kl":6.8e-05,"clipfrac":0.0,"reward_mean":-1.1138,"reward_std":0.6824,"reward_min":-6.383,"reward_max":4.6718,"reward_scale":0.05,"throttle_mean":0.5018,"throttle_min":0.0516,"throttle_max":0.9417}
{"type":"train_update","update":18,"global_step":294912,"wall_s":222.23,"sps":1327.1,"loss":32.27359,"loss_ema":35.142829,"loss_plateau_delta":0.71731,"loss_plateau_count":0,"pg_loss":-0.000202,"v_loss":64.547583,"entropy":2.093886,"approx_kl":0.000136,"clipfrac":0.0,"reward_mean":-1.1217,"reward_std":0.8025,"reward_min":-6.4211,"reward_max":4.4966,"reward_scale":0.05,"throttle_mean":0.5038,"throttle_min":0.0587,"throttle_max":0.9632}
{"type":"train_update","update":19,"global_step":311296,"wall_s":228.59,"sps":1361.8,"loss":31.592493,"loss_ema":34.432762,"loss_plateau_delta":0.710067,"loss_plateau_count":0,"pg_loss":2.1e-05,"v_loss":63.184945,"entropy":2.093868,"approx_kl":8.1e-05,"clipfrac":0.0,"reward_mean":-1.1268,"reward_std":0.799,"reward_min":-6.8937,"reward_max":4.7596,"reward_scale":0.05,"throttle_mean":0.5058,"throttle_min":0.0554,"throttle_max":0.9455}
{"type":"train_update","update":20,"global_step":327680,"wall_s":234.99,"sps":1394.5,"loss":30.461004,"loss_ema":33.63841,"loss_plateau_delta":0.794351,"loss_plateau_count":0,"pg_loss":6.6e-05,"v_loss":60.921878,"entropy":2.093618,"approx_kl":0.00014,"clipfrac":0.0,"reward_mean":-1.1299,"reward_std":0.7907,"reward_min":-6.2187,"reward_max":4.7177,"reward_scale":0.05,"throttle_mean":0.5052,"throttle_min":0.0478,"throttle_max":0.9415}
{"type":"train_update","update":21,"global_step":344064,"wall_s":241.87,"sps":1422.5,"loss":29.785099,"loss_ema":32.867748,"loss_plateau_delta":0.770662,"loss_plateau_count":0,"pg_loss":-3.5e-05,"v_loss":59.570269,"entropy":2.093545,"approx_kl":3.1e-05,"clipfrac":0.0,"reward_mean":-1.1183,"reward_std":0.7963,"reward_min":-6.408,"reward_max":5.0278,"reward_scale":0.05,"throttle_mean":0.5063,"throttle_min":0.0608,"throttle_max":0.9455}
{"type":"train_update","update":22,"global_step":360448,"wall_s":249.14,"sps":1446.8,"loss":29.683891,"loss_ema":32.230977,"loss_plateau_delta":0.636771,"loss_plateau_count":0,"pg_loss":2.7e-05,"v_loss":59.367729,"entropy":2.093601,"approx_kl":4.5e-05,"clipfrac":0.0,"reward_mean":-1.1225,"reward_std":0.79,"reward_min":-6.6396,"reward_max":4.8836,"reward_scale":0.05,"throttle_mean":0.5043,"throttle_min":0.0551,"throttle_max":0.9388}
{"type":"train_update","update":23,"global_step":376832,"wall_s":255.59,"sps":1474.4,"loss":28.77034,"loss_ema":31.538849,"loss_plateau_delta":0.692127,"loss_plateau_count":0,"pg_loss":-1.9e-05,"v_loss":57.540719,"entropy":2.093638,"approx_kl":1.4e-05,"clipfrac":0.0,"reward_mean":-1.1126,"reward_std":0.7994,"reward_min":-6.4373,"reward_max":4.7054,"reward_scale":0.05,"throttle_mean":0.5067,"throttle_min":0.0554,"throttle_max":0.97}
{"type":"train_update","update":24,"global_step":393216,"wall_s":261.74,"sps":1502.3,"loss":29.277201,"loss_ema":31.08652,"loss_plateau_delta":0.45233,"loss_plateau_count":0,"pg_loss":-7.5e-05,"v_loss":58.554551,"entropy":2.09371,"approx_kl":9.1e-05,"clipfrac":0.0,"reward_mean":-1.1495,"reward_std":0.784,"reward_min":-6.2794,"reward_max":5.0613,"reward_scale":0.05,"throttle_mean":0.5049,"throttle_min":0.0534,"throttle_max":0.9528}
{"type":"train_update","update":25,"global_step":409600,"wall_s":269.65,"sps":1519.0,"loss":29.329404,"loss_ema":30.735097,"loss_plateau_delta":0.351423,"loss_plateau_count":0,"pg_loss":-2.7e-05,"v_loss":58.658862,"entropy":2.0937,"approx_kl":7e-06,"clipfrac":0.0,"reward_mean":-1.1477,"reward_std":0.7926,"reward_min":-6.6222,"reward_max":4.9594,"reward_scale":0.05,"throttle_mean":0.503,"throttle_min":0.0577,"throttle_max":0.941}
{"type":"train_update","update":26,"global_step":425984,"wall_s":276.02,"sps":1543.3,"loss":28.325497,"loss_ema":30.253177,"loss_plateau_delta":0.48192,"loss_plateau_count":0,"pg_loss":-4e-06,"v_loss":56.651001,"entropy":2.093668,"approx_kl":4.5e-05,"clipfrac":0.0,"reward_mean":-1.1394,"reward_std":0.7927,"reward_min":-6.5268,"reward_max":4.6955,"reward_scale":0.05,"throttle_mean":0.5034,"throttle_min":0.0221,"throttle_max":0.9369}
{"type":"train_update","update":27,"global_step":442368,"wall_s":282.49,"sps":1565.9,"loss":28.139304,"loss_ema":29.830402,"loss_plateau_delta":0.422774,"loss_plateau_count":0,"pg_loss":-2.3e-05,"v_loss":56.278656,"entropy":2.093628,"approx_kl":2e-05,"clipfrac":0.0,"reward_mean":-1.1468,"reward_std":0.7895,"reward_min":-6.4526,"reward_max":4.7484,"reward_scale":0.05,"throttle_mean":0.5048,"throttle_min":0.0609,"throttle_max":0.9442}
{"type":"train_update","update":28,"global_step":458752,"wall_s":289.24,"sps":1586.1,"loss":26.926867,"loss_ema":29.249695,"loss_plateau_delta":0.580707,"loss_plateau_count":0,"pg_loss":-5.5e-05,"v_loss":53.853843,"entropy":2.093627,"approx_kl":1e-05,"clipfrac":0.0,"reward_mean":-1.1212,"reward_std":0.7902,"reward_min":-6.3281,"reward_max":4.5958,"reward_scale":0.05,"throttle_mean":0.5039,"throttle_min":0.0634,"throttle_max":0.9341}
{"type":"train_update","update":29,"global_step":475136,"wall_s":296.35,"sps":1603.3,"loss":26.367232,"loss_ema":28.673202,"loss_plateau_delta":0.576493,"loss_plateau_count":0,"pg_loss":-1.7e-05,"v_loss":52.734499,"entropy":2.09363,"approx_kl":7e-06,"clipfrac":0.0,"reward_mean":-1.1239,"reward_std":0.793,"reward_min":-6.4854,"reward_max":4.6701,"reward_scale":0.05,"throttle_mean":0.5049,"throttle_min":0.0517,"throttle_max":0.9439}
{"type":"train_update","update":30,"global_step":491520,"wall_s":302.91,"sps":1622.7,"loss":26.450875,"loss_ema":28.228737,"loss_plateau_delta":0.444465,"loss_plateau_count":0,"pg_loss":-8e-06,"v_loss":52.901766,"entropy":2.093634,"approx_kl":1e-06,"clipfrac":0.0,"reward_mean":-1.1269,"reward_std":0.7962,"reward_min":-6.6028,"reward_max":4.5317,"reward_scale":0.05,"throttle_mean":0.5023,"throttle_min":0.0517,"throttle_max":0.9735}
{"type":"train_update","update":31,"global_step":507904,"wall_s":309.12,"sps":1643.1,"loss":26.102566,"loss_ema":27.803503,"loss_plateau_delta":0.425234,"loss_plateau_count":0,"pg_loss":-1.8e-05,"v_loss":52.205167,"entropy":2.093644,"approx_kl":1e-06,"clipfrac":0.0,"reward_mean":-1.1273,"reward_std":0.7932,"reward_min":-6.3397,"reward_max":4.5546,"reward_scale":0.05,"throttle_mean":0.5034,"throttle_min":0.0696,"throttle_max":0.9366}
step=507,904 reward_mean=-1.127 kl=0.00000 clipfrac=0.000 eval={'landed_fraction': 0.0, 'crashed_fraction': 0.0, 'mean_touchdown_speed': nan, 'max_touchdown_speed': nan, 'mean_pad_distance': nan, 'max_pad_distance': nan, 'mean_delta_v_proxy': 6.389524936676025, 'mean_eval_throttle': 0.5026010036468506, 'max_eval_throttle': 0.5109294056892395, 'max_upward_speed': 2.092792272567749, 'max_downward_speed': 13.1015043258667, 'passed': False}
{"type":"train_update","update":32,"global_step":524288,"wall_s":363.65,"sps":1441.8,"loss":31.156311,"loss_ema":28.474065,"loss_plateau_delta":0.670562,"loss_plateau_count":0,"pg_loss":-1e-05,"v_loss":62.312643,"entropy":2.093652,"approx_kl":1e-06,"clipfrac":0.0,"reward_mean":-1.1319,"reward_std":0.6873,"reward_min":-6.3504,"reward_max":4.8091,"reward_scale":0.05,"throttle_mean":0.5037,"throttle_min":0.0404,"throttle_max":0.9431}
{"type":"train_update","update":33,"global_step":540672,"wall_s":370.05,"sps":1461.1,"loss":26.157511,"loss_ema":28.010754,"loss_plateau_delta":0.463311,"loss_plateau_count":0,"pg_loss":-9e-06,"v_loss":52.31504,"entropy":2.09365,"approx_kl":1e-06,"clipfrac":0.0,"reward_mean":-1.1184,"reward_std":0.8029,"reward_min":-6.3726,"reward_max":4.9466,"reward_scale":0.05,"throttle_mean":0.5022,"throttle_min":0.0537,"throttle_max":0.9444}
{"type":"train_update","update":34,"global_step":557056,"wall_s":376.49,"sps":1479.6,"loss":24.626714,"loss_ema":27.333946,"loss_plateau_delta":0.676808,"loss_plateau_count":0,"pg_loss":-1e-05,"v_loss":49.253448,"entropy":2.093653,"approx_kl":0.0,"clipfrac":0.0,"reward_mean":-1.1099,"reward_std":0.7903,"reward_min":-6.7109,"reward_max":4.7583,"reward_scale":0.05,"throttle_mean":0.5004,"throttle_min":0.0578,"throttle_max":0.9437}
{"type":"train_update","update":35,"global_step":573440,"wall_s":383.99,"sps":1493.4,"loss":25.077506,"loss_ema":26.882658,"loss_plateau_delta":0.451288,"loss_plateau_count":0,"pg_loss":-2e-05,"v_loss":50.155052,"entropy":2.093668,"approx_kl":2e-06,"clipfrac":0.0,"reward_mean":-1.1352,"reward_std":0.792,"reward_min":-6.2607,"reward_max":4.8936,"reward_scale":0.05,"throttle_mean":0.5011,"throttle_min":0.0541,"throttle_max":0.9656}
{"type":"train_update","update":36,"global_step":589824,"wall_s":390.95,"sps":1508.7,"loss":24.589593,"loss_ema":26.424045,"loss_plateau_delta":0.458613,"loss_plateau_count":0,"pg_loss":-1.8e-05,"v_loss":49.179222,"entropy":2.093688,"approx_kl":2e-06,"clipfrac":0.0,"reward_mean":-1.1239,"reward_std":0.7823,"reward_min":-6.199,"reward_max":4.7531,"reward_scale":0.05,"throttle_mean":0.5034,"throttle_min":0.0611,"throttle_max":0.9398}
{"type":"train_update","update":37,"global_step":606208,"wall_s":397.64,"sps":1524.5,"loss":24.842358,"loss_ema":26.107707,"loss_plateau_delta":0.316337,"loss_plateau_count":0,"pg_loss":-2.5e-05,"v_loss":49.684765,"entropy":2.093707,"approx_kl":3e-06,"clipfrac":0.0,"reward_mean":-1.1402,"reward_std":0.8016,"reward_min":-6.2559,"reward_max":4.8757,"reward_scale":0.05,"throttle_mean":0.5025,"throttle_min":0.0718,"throttle_max":0.9492}
{"type":"train_update","update":38,"global_step":622592,"wall_s":403.69,"sps":1542.3,"loss":24.552712,"loss_ema":25.796708,"loss_plateau_delta":0.310999,"loss_plateau_count":0,"pg_loss":-9e-06,"v_loss":49.105442,"entropy":2.093721,"approx_kl":1e-06,"clipfrac":0.0,"reward_mean":-1.1287,"reward_std":0.7777,"reward_min":-6.3102,"reward_max":4.9519,"reward_scale":0.05,"throttle_mean":0.5035,"throttle_min":0.0451,"throttle_max":0.9478}
{"type":"train_update","update":39,"global_step":638976,"wall_s":411.67,"sps":1552.1,"loss":24.225601,"loss_ema":25.482487,"loss_plateau_delta":0.314221,"loss_plateau_count":0,"pg_loss":-8e-06,"v_loss":48.451218,"entropy":2.093721,"approx_kl":1e-06,"clipfrac":0.0,"reward_mean":-1.1429,"reward_std":0.7893,"reward_min":-6.4267,"reward_max":4.937,"reward_scale":0.05,"throttle_mean":0.5035,"throttle_min":0.044,"throttle_max":0.9376}
{"type":"train_update","update":40,"global_step":655360,"wall_s":418.1,"sps":1567.5,"loss":23.633157,"loss_ema":25.112621,"loss_plateau_delta":0.369866,"loss_plateau_count":0,"pg_loss":-1.1e-05,"v_loss":47.266336,"entropy":2.093708,"approx_kl":1e-06,"clipfrac":0.0,"reward_mean":-1.1279,"reward_std":0.7922,"reward_min":-6.2544,"reward_max":4.717,"reward_scale":0.05,"throttle_mean":0.502,"throttle_min":0.0572,"throttle_max":0.9616}
{"type":"train_update","update":41,"global_step":671744,"wall_s":424.45,"sps":1582.6,"loss":23.455564,"loss_ema":24.78121,"loss_plateau_delta":0.331411,"loss_plateau_count":0,"pg_loss":-1.2e-05,"v_loss":46.911153,"entropy":2.0937,"approx_kl":1e-06,"clipfrac":0.0,"reward_mean":-1.1187,"reward_std":0.8032,"reward_min":-6.4267,"reward_max":4.9168,"reward_scale":0.05,"throttle_mean":0.5031,"throttle_min":0.0692,"throttle_max":0.9461}
{"type":"train_update","update":42,"global_step":688128,"wall_s":432.0,"sps":1592.9,"loss":23.610653,"loss_ema":24.547098,"loss_plateau_delta":0.234111,"loss_plateau_count":0,"pg_loss":-2.1e-05,"v_loss":47.221349,"entropy":2.093694,"approx_kl":3e-06,"clipfrac":0.0,"reward_mean":-1.1237,"reward_std":0.7911,"reward_min":-6.2822,"reward_max":4.6801,"reward_scale":0.05,"throttle_mean":0.5048,"throttle_min":0.0558,"throttle_max":0.9482}
{"type":"train_update","update":43,"global_step":704512,"wall_s":438.9,"sps":1605.2,"loss":24.180558,"loss_ema":24.47379,"loss_plateau_delta":0.073308,"loss_plateau_count":0,"pg_loss":-2.3e-05,"v_loss":48.361163,"entropy":2.093706,"approx_kl":2e-06,"clipfrac":0.0,"reward_mean":-1.1262,"reward_std":0.7853,"reward_min":-6.363,"reward_max":4.8492,"reward_scale":0.05,"throttle_mean":0.503,"throttle_min":0.0631,"throttle_max":0.9538}
{"type":"train_update","update":44,"global_step":720896,"wall_s":445.61,"sps":1617.8,"loss":22.980997,"loss_ema":24.175232,"loss_plateau_delta":0.298559,"loss_plateau_count":0,"pg_loss":-1.9e-05,"v_loss":45.962034,"entropy":2.093707,"approx_kl":1e-06,"clipfrac":0.0,"reward_mean":-1.1318,"reward_std":0.7904,"reward_min":-6.3961,"reward_max":4.6204,"reward_scale":0.05,"throttle_mean":0.5029,"throttle_min":0.0611,"throttle_max":0.9468}
{"type":"train_update","update":45,"global_step":737280,"wall_s":451.84,"sps":1631.7,"loss":22.518519,"loss_ema":23.843889,"loss_plateau_delta":0.331342,"loss_plateau_count":0,"pg_loss":-2.7e-05,"v_loss":45.037093,"entropy":2.093696,"approx_kl":4e-06,"clipfrac":0.0,"reward_mean":-1.1219,"reward_std":0.7848,"reward_min":-6.602,"reward_max":4.8203,"reward_scale":0.05,"throttle_mean":0.5029,"throttle_min":0.0632,"throttle_max":0.9498}
{"type":"train_update","update":46,"global_step":753664,"wall_s":459.72,"sps":1639.4,"loss":22.902445,"loss_ema":23.6556,"loss_plateau_delta":0.188289,"loss_plateau_count":0,"pg_loss":-1.7e-05,"v_loss":45.804925,"entropy":2.093704,"approx_kl":2e-06,"clipfrac":0.0,"reward_mean":-1.122,"reward_std":0.7973,"reward_min":-6.484,"reward_max":4.8392,"reward_scale":0.05,"throttle_mean":0.503,"throttle_min":0.0362,"throttle_max":0.9564}
step=753,664 reward_mean=-1.122 kl=0.00000 clipfrac=0.000 eval={'landed_fraction': 0.0, 'crashed_fraction': 0.0, 'mean_touchdown_speed': nan, 'max_touchdown_speed': nan, 'mean_pad_distance': nan, 'max_pad_distance': nan, 'mean_delta_v_proxy': 6.381324768066406, 'mean_eval_throttle': 0.5025677692227893, 'max_eval_throttle': 0.5115852355957031, 'max_upward_speed': 2.116344928741455, 'max_downward_speed': 13.102910995483398, 'passed': False}
{"type":"train_update","update":47,"global_step":770048,"wall_s":514.93,"sps":1495.4,"loss":28.141174,"loss_ema":24.552715,"loss_plateau_delta":0.897115,"loss_plateau_count":0,"pg_loss":-1.3e-05,"v_loss":56.282375,"entropy":2.093713,"approx_kl":2e-06,"clipfrac":0.0,"reward_mean":-1.1326,"reward_std":0.6939,"reward_min":-6.3842,"reward_max":4.8045,"reward_scale":0.05,"throttle_mean":0.5027,"throttle_min":0.0447,"throttle_max":0.9443}
{"type":"train_update","update":48,"global_step":786432,"wall_s":521.22,"sps":1508.8,"loss":23.830601,"loss_ema":24.408292,"loss_plateau_delta":0.144423,"loss_plateau_count":0,"pg_loss":-1.2e-05,"v_loss":47.661227,"entropy":2.093704,"approx_kl":1e-06,"clipfrac":0.0,"reward_mean":-1.1231,"reward_std":0.7977,"reward_min":-6.7083,"reward_max":4.6816,"reward_scale":0.05,"throttle_mean":0.5041,"throttle_min":0.0542,"throttle_max":0.9576}
{"type":"train_update","update":49,"global_step":802816,"wall_s":529.02,"sps":1517.6,"loss":22.350323,"loss_ema":23.996699,"loss_plateau_delta":0.411594,"loss_plateau_count":0,"pg_loss":-3.8e-05,"v_loss":44.700722,"entropy":2.093698,"approx_kl":6e-06,"clipfrac":0.0,"reward_mean":-1.1061,"reward_std":0.8028,"reward_min":-6.2408,"reward_max":4.7352,"reward_scale":0.05,"throttle_mean":0.5043,"throttle_min":0.0387,"throttle_max":0.9456}
{"type":"train_update","update":50,"global_step":819200,"wall_s":535.51,"sps":1529.7,"loss":21.547583,"loss_ema":23.506875,"loss_plateau_delta":0.489823,"loss_plateau_count":0,"pg_loss":-4.4e-05,"v_loss":43.095254,"entropy":2.093687,"approx_kl":8e-06,"clipfrac":0.0,"reward_mean":-1.1127,"reward_std":0.7926,"reward_min":-6.4228,"reward_max":4.7784,"reward_scale":0.05,"throttle_mean":0.5007,"throttle_min":0.0294,"throttle_max":0.97}
{"type":"train_update","update":51,"global_step":835584,"wall_s":541.95,"sps":1541.8,"loss":22.613354,"loss_ema":23.328171,"loss_plateau_delta":0.178704,"loss_plateau_count":0,"pg_loss":-2e-05,"v_loss":45.226748,"entropy":2.093682,"approx_kl":2e-06,"clipfrac":0.0,"reward_mean":-1.1307,"reward_std":0.7859,"reward_min":-6.3948,"reward_max":4.5942,"reward_scale":0.05,"throttle_mean":0.5036,"throttle_min":0.052,"throttle_max":0.9373}
{"type":"train_update","update":52,"global_step":851968,"wall_s":549.3,"sps":1551.0,"loss":22.078596,"loss_ema":23.078256,"loss_plateau_delta":0.249915,"loss_plateau_count":0,"pg_loss":-2.4e-05,"v_loss":44.15724,"entropy":2.093688,"approx_kl":3e-06,"clipfrac":0.0,"reward_mean":-1.1376,"reward_std":0.7925,"reward_min":-6.1916,"reward_max":4.5072,"reward_scale":0.05,"throttle_mean":0.4983,"throttle_min":0.0586,"throttle_max":0.9542}
{"type":"train_update","update":53,"global_step":868352,"wall_s":556.38,"sps":1560.7,"loss":21.552219,"loss_ema":22.773049,"loss_plateau_delta":0.305207,"loss_plateau_count":0,"pg_loss":-3.1e-05,"v_loss":43.1045,"entropy":2.093698,"approx_kl":2e-06,"clipfrac":0.0,"reward_mean":-1.1126,"reward_std":0.799,"reward_min":-6.2928,"reward_max":4.9899,"reward_scale":0.05,"throttle_mean":0.4995,"throttle_min":0.0575,"throttle_max":0.952}
{"type":"train_update","update":54,"global_step":884736,"wall_s":563.05,"sps":1571.3,"loss":22.453871,"loss_ema":22.709213,"loss_plateau_delta":0.063835,"loss_plateau_count":0,"pg_loss":-4.4e-05,"v_loss":44.907831,"entropy":2.093706,"approx_kl":8e-06,"clipfrac":0.0,"reward_mean":-1.1355,"reward_std":0.7948,"reward_min":-6.6369,"reward_max":4.79,"reward_scale":0.05,"throttle_mean":0.5013,"throttle_min":0.0526,"throttle_max":0.9341}
{"type":"train_update","update":55,"global_step":901120,"wall_s":569.19,"sps":1583.2,"loss":21.128927,"loss_ema":22.393156,"loss_plateau_delta":0.316057,"loss_plateau_count":0,"pg_loss":-2.9e-05,"v_loss":42.257912,"entropy":2.093714,"approx_kl":5e-06,"clipfrac":0.0,"reward_mean":-1.1276,"reward_std":0.7922,"reward_min":-6.2698,"reward_max":4.8746,"reward_scale":0.05,"throttle_mean":0.5023,"throttle_min":0.0529,"throttle_max":0.9523}
{"type":"train_update","update":56,"global_step":917504,"wall_s":577.33,"sps":1589.2,"loss":21.243157,"loss_ema":22.163156,"loss_plateau_delta":0.23,"loss_plateau_count":0,"pg_loss":-2.4e-05,"v_loss":42.486362,"entropy":2.09372,"approx_kl":5e-06,"clipfrac":0.0,"reward_mean":-1.1393,"reward_std":0.7897,"reward_min":-6.6476,"reward_max":4.9097,"reward_scale":0.05,"throttle_mean":0.5022,"throttle_min":0.0385,"throttle_max":0.9379}
{"type":"train_update","update":57,"global_step":933888,"wall_s":583.73,"sps":1599.9,"loss":21.397961,"loss_ema":22.010117,"loss_plateau_delta":0.153039,"loss_plateau_count":0,"pg_loss":-1e-05,"v_loss":42.795942,"entropy":2.093714,"approx_kl":1e-06,"clipfrac":0.0,"reward_mean":-1.1207,"reward_std":0.79,"reward_min":-6.4099,"reward_max":4.7939,"reward_scale":0.05,"throttle_mean":0.5039,"throttle_min":0.0551,"throttle_max":0.9345}
{"type":"train_update","update":58,"global_step":950272,"wall_s":590.08,"sps":1610.4,"loss":21.316851,"loss_ema":21.871464,"loss_plateau_delta":0.138653,"loss_plateau_count":0,"pg_loss":-1.3e-05,"v_loss":42.633728,"entropy":2.093727,"approx_kl":2e-06,"clipfrac":0.0,"reward_mean":-1.1083,"reward_std":0.7919,"reward_min":-6.343,"reward_max":4.5947,"reward_scale":0.05,"throttle_mean":0.4995,"throttle_min":0.0494,"throttle_max":0.933}
{"type":"train_update","update":59,"global_step":966656,"wall_s":597.76,"sps":1617.1,"loss":20.976805,"loss_ema":21.692532,"loss_plateau_delta":0.178932,"loss_plateau_count":0,"pg_loss":-3.3e-05,"v_loss":41.953675,"entropy":2.093734,"approx_kl":5e-06,"clipfrac":0.0,"reward_mean":-1.1356,"reward_std":0.7933,"reward_min":-6.4352,"reward_max":4.6559,"reward_scale":0.05,"throttle_mean":0.5011,"throttle_min":0.0611,"throttle_max":0.9432}
{"type":"train_update","update":60,"global_step":983040,"wall_s":604.55,"sps":1626.1,"loss":20.937093,"loss_ema":21.541444,"loss_plateau_delta":0.151088,"loss_plateau_count":0,"pg_loss":-2.9e-05,"v_loss":41.874243,"entropy":2.093755,"approx_kl":4e-06,"clipfrac":0.0,"reward_mean":-1.1196,"reward_std":0.7958,"reward_min":-6.6077,"reward_max":4.9773,"reward_scale":0.05,"throttle_mean":0.5032,"throttle_min":0.0503,"throttle_max":0.9581}
{"type":"train_update","update":61,"global_step":999424,"wall_s":611.15,"sps":1635.3,"loss":20.754099,"loss_ema":21.383975,"loss_plateau_delta":0.157469,"loss_plateau_count":0,"pg_loss":-6.2e-05,"v_loss":41.508322,"entropy":2.093787,"approx_kl":1.3e-05,"clipfrac":0.0,"reward_mean":-1.1169,"reward_std":0.7975,"reward_min":-6.4624,"reward_max":4.7383,"reward_scale":0.05,"throttle_mean":0.5017,"throttle_min":0.0499,"throttle_max":0.9598}
{"type":"train_update","update":62,"global_step":1015808,"wall_s":617.59,"sps":1644.8,"loss":21.134359,"loss_ema":21.334052,"loss_plateau_delta":0.049923,"loss_plateau_count":0,"pg_loss":-3.3e-05,"v_loss":42.268785,"entropy":2.093806,"approx_kl":7e-06,"clipfrac":0.0,"reward_mean":-1.1383,"reward_std":0.7814,"reward_min":-6.6906,"reward_max":4.8257,"reward_scale":0.05,"throttle_mean":0.5025,"throttle_min":0.0565,"throttle_max":0.9543}
step=1,015,808 reward_mean=-1.138 kl=0.00001 clipfrac=0.000 eval={'landed_fraction': 0.0, 'crashed_fraction': 0.0, 'mean_touchdown_speed': nan, 'max_touchdown_speed': nan, 'mean_pad_distance': nan, 'max_pad_distance': nan, 'mean_delta_v_proxy': 6.356928825378418, 'mean_eval_throttle': 0.5016551246576839, 'max_eval_throttle': 0.511003315448761, 'max_upward_speed': 1.9833046197891235, 'max_downward_speed': 13.065192222595215, 'passed': False}
{"type":"train_update","update":63,"global_step":1032192,"wall_s":672.94,"sps":1533.9,"loss":26.778524,"loss_ema":22.422946,"loss_plateau_delta":1.088895,"loss_plateau_count":0,"pg_loss":-1.2e-05,"v_loss":53.557072,"entropy":2.093796,"approx_kl":2e-06,"clipfrac":0.0,"reward_mean":-1.1527,"reward_std":0.6787,"reward_min":-6.7642,"reward_max":4.793,"reward_scale":0.05,"throttle_mean":0.5035,"throttle_min":0.0554,"throttle_max":0.9495}
{"type":"train_update","update":64,"global_step":1048576,"wall_s":679.37,"sps":1543.5,"loss":21.043005,"loss_ema":22.146958,"loss_plateau_delta":0.275988,"loss_plateau_count":0,"pg_loss":-3.2e-05,"v_loss":42.086074,"entropy":2.093794,"approx_kl":5e-06,"clipfrac":0.0,"reward_mean":-1.1126,"reward_std":0.8038,"reward_min":-6.5313,"reward_max":4.8325,"reward_scale":0.05,"throttle_mean":0.5022,"throttle_min":0.0595,"throttle_max":0.949}
{"type":"train_update","update":65,"global_step":1064960,"wall_s":685.69,"sps":1553.1,"loss":20.536501,"loss_ema":21.824867,"loss_plateau_delta":0.322091,"loss_plateau_count":0,"pg_loss":-4.5e-05,"v_loss":41.073092,"entropy":2.09379,"approx_kl":1.1e-05,"clipfrac":0.0,"reward_mean":-1.1301,"reward_std":0.7876,"reward_min":-6.8609,"reward_max":4.4777,"reward_scale":0.05,"throttle_mean":0.5028,"throttle_min":0.0391,"throttle_max":0.9374}
{"type":"train_update","update":66,"global_step":1081344,"wall_s":693.62,"sps":1559.0,"loss":20.137677,"loss_ema":21.487429,"loss_plateau_delta":0.337438,"loss_plateau_count":0,"pg_loss":-5.7e-05,"v_loss":40.275467,"entropy":2.093779,"approx_kl":1.4e-05,"clipfrac":0.0,"reward_mean":-1.1196,"reward_std":0.7874,"reward_min":-6.4231,"reward_max":4.4485,"reward_scale":0.05,"throttle_mean":0.5009,"throttle_min":0.0517,"throttle_max":0.9357}
{"type":"train_update","update":67,"global_step":1097728,"wall_s":700.15,"sps":1567.9,"loss":20.654045,"loss_ema":21.320752,"loss_plateau_delta":0.166677,"loss_plateau_count":0,"pg_loss":-2.7e-05,"v_loss":41.308143,"entropy":2.09377,"approx_kl":5e-06,"clipfrac":0.0,"reward_mean":-1.1358,"reward_std":0.7945,"reward_min":-6.4078,"reward_max":4.4354,"reward_scale":0.05,"throttle_mean":0.4993,"throttle_min":0.0498,"throttle_max":0.9585}
{"type":"train_update","update":68,"global_step":1114112,"wall_s":706.74,"sps":1576.4,"loss":20.262079,"loss_ema":21.109017,"loss_plateau_delta":0.211735,"loss_plateau_count":0,"pg_loss":-4.5e-05,"v_loss":40.524249,"entropy":2.09377,"approx_kl":1.3e-05,"clipfrac":0.0,"reward_mean":-1.129,"reward_std":0.7915,"reward_min":-6.4381,"reward_max":5.0279,"reward_scale":0.05,"throttle_mean":0.5005,"throttle_min":0.047,"throttle_max":0.9334}
{"type":"train_update","update":69,"global_step":1130496,"wall_s":713.49,"sps":1584.5,"loss":19.899579,"loss_ema":20.86713,"loss_plateau_delta":0.241888,"loss_plateau_count":0,"pg_loss":-4.6e-05,"v_loss":39.799248,"entropy":2.093753,"approx_kl":1e-05,"clipfrac":0.0,"reward_mean":-1.1244,"reward_std":0.7969,"reward_min":-6.6532,"reward_max":4.8086,"reward_scale":0.05,"throttle_mean":0.5028,"throttle_min":0.0362,"throttle_max":0.9328}
{"type":"train_update","update":70,"global_step":1146880,"wall_s":720.93,"sps":1590.8,"loss":20.364507,"loss_ema":20.766605,"loss_plateau_delta":0.100524,"loss_plateau_count":0,"pg_loss":-5.8e-05,"v_loss":40.72913,"entropy":2.093744,"approx_kl":1.5e-05,"clipfrac":0.0,"reward_mean":-1.1265,"reward_std":0.797,"reward_min":-6.2937,"reward_max":4.8652,"reward_scale":0.05,"throttle_mean":0.5002,"throttle_min":0.0542,"throttle_max":0.9509}
{"type":"train_update","update":71,"global_step":1163264,"wall_s":727.32,"sps":1599.4,"loss":19.422882,"loss_ema":20.497861,"loss_plateau_delta":0.268745,"loss_plateau_count":0,"pg_loss":-1e-05,"v_loss":38.845785,"entropy":2.093751,"approx_kl":3e-06,"clipfrac":0.0,"reward_mean":-1.13,"reward_std":0.7976,"reward_min":-6.4967,"reward_max":5.0404,"reward_scale":0.05,"throttle_mean":0.5003,"throttle_min":0.061,"throttle_max":0.9423}
{"type":"train_update","update":72,"global_step":1179648,"wall_s":733.61,"sps":1608.0,"loss":19.048333,"loss_ema":20.207955,"loss_plateau_delta":0.289906,"loss_plateau_count":0,"pg_loss":-2.6e-05,"v_loss":38.096718,"entropy":2.09375,"approx_kl":6e-06,"clipfrac":0.0,"reward_mean":-1.1188,"reward_std":0.785,"reward_min":-6.4986,"reward_max":4.7331,"reward_scale":0.05,"throttle_mean":0.501,"throttle_min":0.0487,"throttle_max":0.9522}
{"type":"train_update","update":73,"global_step":1196032,"wall_s":741.58,"sps":1612.8,"loss":19.791255,"loss_ema":20.124615,"loss_plateau_delta":0.08334,"loss_plateau_count":0,"pg_loss":-4e-05,"v_loss":39.582589,"entropy":2.093747,"approx_kl":9e-06,"clipfrac":0.0,"reward_mean":-1.1443,"reward_std":0.7907,"reward_min":-6.6364,"reward_max":4.9132,"reward_scale":0.05,"throttle_mean":0.5016,"throttle_min":0.0517,"throttle_max":0.9376}
{"type":"train_update","update":74,"global_step":1212416,"wall_s":748.03,"sps":1620.8,"loss":19.435833,"loss_ema":19.986859,"loss_plateau_delta":0.137756,"loss_plateau_count":0,"pg_loss":-6.2e-05,"v_loss":38.871789,"entropy":2.093769,"approx_kl":1.4e-05,"clipfrac":0.0,"reward_mean":-1.1454,"reward_std":0.7956,"reward_min":-6.557,"reward_max":5.0793,"reward_scale":0.05,"throttle_mean":0.5023,"throttle_min":0.0396,"throttle_max":0.9542}
{"type":"train_update","update":75,"global_step":1228800,"wall_s":754.75,"sps":1628.1,"loss":19.648809,"loss_ema":19.919249,"loss_plateau_delta":0.06761,"loss_plateau_count":0,"pg_loss":-4.9e-05,"v_loss":39.297716,"entropy":2.093755,"approx_kl":1.1e-05,"clipfrac":0.0,"reward_mean":-1.13,"reward_std":0.7965,"reward_min":-6.3243,"reward_max":4.8457,"reward_scale":0.05,"throttle_mean":0.4997,"throttle_min":0.035,"throttle_max":0.9471}
{"type":"train_update","update":76,"global_step":1245184,"wall_s":761.78,"sps":1634.6,"loss":19.661862,"loss_ema":19.867771,"loss_plateau_delta":0.051477,"loss_plateau_count":0,"pg_loss":-6.4e-05,"v_loss":39.323852,"entropy":2.093757,"approx_kl":1.6e-05,"clipfrac":0.0,"reward_mean":-1.1349,"reward_std":0.7854,"reward_min":-6.6559,"reward_max":4.788,"reward_scale":0.05,"throttle_mean":0.5024,"throttle_min":0.0469,"throttle_max":0.956}
{"type":"train_update","update":77,"global_step":1261568,"wall_s":769.16,"sps":1640.2,"loss":18.625657,"loss_ema":19.619348,"loss_plateau_delta":0.248423,"loss_plateau_count":0,"pg_loss":-3.9e-05,"v_loss":37.251392,"entropy":2.09378,"approx_kl":1.4e-05,"clipfrac":0.0,"reward_mean":-1.1177,"reward_std":0.7909,"reward_min":-6.4221,"reward_max":4.7063,"reward_scale":0.05,"throttle_mean":0.4999,"throttle_min":0.038,"throttle_max":0.9409}
step=1,261,568 reward_mean=-1.118 kl=0.00001 clipfrac=0.000 eval={'landed_fraction': 0.0, 'crashed_fraction': 0.0, 'mean_touchdown_speed': nan, 'max_touchdown_speed': nan, 'mean_pad_distance': nan, 'max_pad_distance': nan, 'mean_delta_v_proxy': 6.330758094787598, 'mean_eval_throttle': 0.5006589071287049, 'max_eval_throttle': 0.5097824335098267, 'max_upward_speed': 2.067641258239746, 'max_downward_speed': 13.105178833007812, 'passed': False}
{"type":"train_update","update":78,"global_step":1277952,"wall_s":824.26,"sps":1550.4,"loss":24.530507,"loss_ema":20.60158,"loss_plateau_delta":0.982232,"loss_plateau_count":0,"pg_loss":-3.1e-05,"v_loss":49.061078,"entropy":2.093809,"approx_kl":7e-06,"clipfrac":0.0,"reward_mean":-1.1393,"reward_std":0.6835,"reward_min":-6.2179,"reward_max":4.6309,"reward_scale":0.05,"throttle_mean":0.5029,"throttle_min":0.0432,"throttle_max":0.9557}
{"type":"train_update","update":79,"global_step":1294336,"wall_s":830.43,"sps":1558.6,"loss":18.929566,"loss_ema":20.267177,"loss_plateau_delta":0.334403,"loss_plateau_count":0,"pg_loss":-1.9e-05,"v_loss":37.85917,"entropy":2.093834,"approx_kl":5e-06,"clipfrac":0.0,"reward_mean":-1.117,"reward_std":0.8074,"reward_min":-6.3271,"reward_max":4.712,"reward_scale":0.05,"throttle_mean":0.5022,"throttle_min":0.0332,"throttle_max":0.9455}
{"type":"train_update","update":80,"global_step":1310720,"wall_s":838.27,"sps":1563.6,"loss":18.428964,"loss_ema":19.899535,"loss_plateau_delta":0.367643,"loss_plateau_count":0,"pg_loss":-6.8e-05,"v_loss":36.858063,"entropy":2.093815,"approx_kl":1.8e-05,"clipfrac":0.0,"reward_mean":-1.1148,"reward_std":0.7892,"reward_min":-6.6387,"reward_max":4.7618,"reward_scale":0.05,"throttle_mean":0.5031,"throttle_min":0.0442,"throttle_max":0.9385}
{"type":"train_update","update":81,"global_step":1327104,"wall_s":844.74,"sps":1571.0,"loss":19.055143,"loss_ema":19.730656,"loss_plateau_delta":0.168878,"loss_plateau_count":0,"pg_loss":-5e-05,"v_loss":38.110386,"entropy":2.09383,"approx_kl":1.6e-05,"clipfrac":0.0,"reward_mean":-1.1385,"reward_std":0.7923,"reward_min":-6.7386,"reward_max":4.8647,"reward_scale":0.05,"throttle_mean":0.5006,"throttle_min":0.0474,"throttle_max":0.9514}
{"type":"train_update","update":82,"global_step":1343488,"wall_s":851.22,"sps":1578.3,"loss":18.348755,"loss_ema":19.454276,"loss_plateau_delta":0.27638,"loss_plateau_count":0,"pg_loss":-1.9e-05,"v_loss":36.697548,"entropy":2.093812,"approx_kl":3e-06,"clipfrac":0.0,"reward_mean":-1.1185,"reward_std":0.794,"reward_min":-6.4107,"reward_max":4.8873,"reward_scale":0.05,"throttle_mean":0.4988,"throttle_min":0.0474,"throttle_max":0.948}
{"type":"train_update","update":83,"global_step":1359872,"wall_s":859.02,"sps":1583.0,"loss":18.215077,"loss_ema":19.206436,"loss_plateau_delta":0.24784,"loss_plateau_count":0,"pg_loss":-6.8e-05,"v_loss":36.43029,"entropy":2.093754,"approx_kl":1.8e-05,"clipfrac":0.0,"reward_mean":-1.1209,"reward_std":0.7921,"reward_min":-6.4099,"reward_max":5.0086,"reward_scale":0.05,"throttle_mean":0.5005,"throttle_min":0.0469,"throttle_max":0.9429}
{"type":"train_update","update":84,"global_step":1376256,"wall_s":865.81,"sps":1589.6,"loss":18.407481,"loss_ema":19.046645,"loss_plateau_delta":0.159791,"loss_plateau_count":0,"pg_loss":-6.3e-05,"v_loss":36.815088,"entropy":2.093733,"approx_kl":2.1e-05,"clipfrac":0.0,"reward_mean":-1.1292,"reward_std":0.7937,"reward_min":-6.6753,"reward_max":4.8681,"reward_scale":0.05,"throttle_mean":0.4987,"throttle_min":0.0481,"throttle_max":0.9518}
{"type":"train_update","update":85,"global_step":1392640,"wall_s":872.51,"sps":1596.1,"loss":19.004119,"loss_ema":19.03814,"loss_plateau_delta":0.008505,"loss_plateau_count":1,"pg_loss":-3.1e-05,"v_loss":38.008299,"entropy":2.093733,"approx_kl":8e-06,"clipfrac":0.0,"reward_mean":-1.1475,"reward_std":0.7881,"reward_min":-6.5154,"reward_max":4.8392,"reward_scale":0.05,"throttle_mean":0.4987,"throttle_min":0.0654,"throttle_max":0.9496}
{"type":"train_update","update":86,"global_step":1409024,"wall_s":879.17,"sps":1602.7,"loss":18.909576,"loss_ema":19.012427,"loss_plateau_delta":0.025713,"loss_plateau_count":0,"pg_loss":-5.6e-05,"v_loss":37.819264,"entropy":2.093751,"approx_kl":1.3e-05,"clipfrac":0.0,"reward_mean":-1.1438,"reward_std":0.7917,"reward_min":-6.5978,"reward_max":4.4852,"reward_scale":0.05,"throttle_mean":0.5012,"throttle_min":0.045,"throttle_max":0.9515}
{"type":"train_update","update":87,"global_step":1425408,"wall_s":886.88,"sps":1607.2,"loss":17.563585,"loss_ema":18.722659,"loss_plateau_delta":0.289768,"loss_plateau_count":0,"pg_loss":-7.4e-05,"v_loss":35.12732,"entropy":2.093768,"approx_kl":2.9e-05,"clipfrac":0.0,"reward_mean":-1.1375,"reward_std":0.7931,"reward_min":-6.3265,"reward_max":4.7823,"reward_scale":0.05,"throttle_mean":0.4998,"throttle_min":0.0377,"throttle_max":0.9486}
{"type":"train_update","update":88,"global_step":1441792,"wall_s":893.31,"sps":1614.0,"loss":17.991807,"loss_ema":18.576488,"loss_plateau_delta":0.14617,"loss_plateau_count":0,"pg_loss":-5.5e-05,"v_loss":35.983724,"entropy":2.093822,"approx_kl":1.7e-05,"clipfrac":0.0,"reward_mean":-1.1454,"reward_std":0.7916,"reward_min":-6.5253,"reward_max":4.5706,"reward_scale":0.05,"throttle_mean":0.4998,"throttle_min":0.0636,"throttle_max":0.946}
{"type":"train_update","update":89,"global_step":1458176,"wall_s":899.67,"sps":1620.8,"loss":17.285965,"loss_ema":18.318384,"loss_plateau_delta":0.258105,"loss_plateau_count":0,"pg_loss":-5e-05,"v_loss":34.572032,"entropy":2.093832,"approx_kl":1.4e-05,"clipfrac":0.0,"reward_mean":-1.1127,"reward_std":0.7939,"reward_min":-6.7226,"reward_max":4.5015,"reward_scale":0.05,"throttle_mean":0.4987,"throttle_min":0.0628,"throttle_max":0.953}
{"type":"train_update","update":90,"global_step":1474560,"wall_s":907.46,"sps":1624.9,"loss":17.861812,"loss_ema":18.227069,"loss_plateau_delta":0.091314,"loss_plateau_count":0,"pg_loss":-7.4e-05,"v_loss":35.723772,"entropy":2.093805,"approx_kl":2.4e-05,"clipfrac":0.0,"reward_mean":-1.1419,"reward_std":0.7831,"reward_min":-6.3511,"reward_max":4.8536,"reward_scale":0.05,"throttle_mean":0.5003,"throttle_min":0.0362,"throttle_max":0.9442}
{"type":"train_update","update":91,"global_step":1490944,"wall_s":914.09,"sps":1631.1,"loss":16.831141,"loss_ema":17.947884,"loss_plateau_delta":0.279186,"loss_plateau_count":0,"pg_loss":-3.8e-05,"v_loss":33.662357,"entropy":2.093804,"approx_kl":1.4e-05,"clipfrac":0.0,"reward_mean":-1.1246,"reward_std":0.8037,"reward_min":-6.4267,"reward_max":5.1222,"reward_scale":0.05,"throttle_mean":0.5019,"throttle_min":0.0465,"throttle_max":0.9562}
{"type":"train_update","update":92,"global_step":1507328,"wall_s":920.69,"sps":1637.2,"loss":17.898306,"loss_ema":17.937968,"loss_plateau_delta":0.009915,"loss_plateau_count":1,"pg_loss":-0.000112,"v_loss":35.796836,"entropy":2.093788,"approx_kl":3.9e-05,"clipfrac":0.0,"reward_mean":-1.153,"reward_std":0.7857,"reward_min":-6.4617,"reward_max":4.5422,"reward_scale":0.05,"throttle_mean":0.502,"throttle_min":0.0597,"throttle_max":0.9499}
step=1,507,328 reward_mean=-1.153 kl=0.00004 clipfrac=0.000 eval={'landed_fraction': 0.0, 'crashed_fraction': 0.0, 'mean_touchdown_speed': nan, 'max_touchdown_speed': nan, 'mean_pad_distance': nan, 'max_pad_distance': nan, 'mean_delta_v_proxy': 6.30314826965332, 'mean_eval_throttle': 0.49954050762785807, 'max_eval_throttle': 0.5075017809867859, 'max_upward_speed': 2.013871908187866, 'max_downward_speed': 13.182283401489258, 'passed': False}
{"type":"train_update","update":93,"global_step":1523712,"wall_s":975.21,"sps":1562.4,"loss":22.412058,"loss_ema":18.832786,"loss_plateau_delta":0.894818,"loss_plateau_count":0,"pg_loss":-5.2e-05,"v_loss":44.824218,"entropy":2.093762,"approx_kl":1.9e-05,"clipfrac":0.0,"reward_mean":-1.1457,"reward_std":0.6868,"reward_min":-6.1567,"reward_max":4.4995,"reward_scale":0.05,"throttle_mean":0.5004,"throttle_min":0.0387,"throttle_max":0.9645}
{"type":"train_update","update":94,"global_step":1540096,"wall_s":982.78,"sps":1567.1,"loss":18.329947,"loss_ema":18.732218,"loss_plateau_delta":0.100568,"loss_plateau_count":0,"pg_loss":-4e-05,"v_loss":36.659976,"entropy":2.093762,"approx_kl":1.3e-05,"clipfrac":0.0,"reward_mean":-1.1221,"reward_std":0.8027,"reward_min":-6.5287,"reward_max":4.4951,"reward_scale":0.05,"throttle_mean":0.4999,"throttle_min":0.0606,"throttle_max":0.9395}
{"type":"train_update","update":95,"global_step":1556480,"wall_s":989.22,"sps":1573.4,"loss":16.47757,"loss_ema":18.281289,"loss_plateau_delta":0.45093,"loss_plateau_count":0,"pg_loss":-9.2e-05,"v_loss":32.955324,"entropy":2.093779,"approx_kl":3.1e-05,"clipfrac":0.0,"reward_mean":-1.1087,"reward_std":0.7961,"reward_min":-6.7543,"reward_max":4.9521,"reward_scale":0.05,"throttle_mean":0.5006,"throttle_min":0.0507,"throttle_max":0.941}
{"type":"train_update","update":96,"global_step":1572864,"wall_s":995.44,"sps":1580.1,"loss":16.466884,"loss_ema":17.918408,"loss_plateau_delta":0.362881,"loss_plateau_count":0,"pg_loss":-8.9e-05,"v_loss":32.933947,"entropy":2.093807,"approx_kl":4.5e-05,"clipfrac":0.0,"reward_mean":-1.131,"reward_std":0.7931,"reward_min":-6.4626,"reward_max":4.9109,"reward_scale":0.05,"throttle_mean":0.5018,"throttle_min":0.065,"throttle_max":0.9499}
{"type":"train_update","update":97,"global_step":1589248,"wall_s":1003.67,"sps":1583.4,"loss":16.241555,"loss_ema":17.583037,"loss_plateau_delta":0.335371,"loss_plateau_count":0,"pg_loss":-0.000109,"v_loss":32.483328,"entropy":2.093802,"approx_kl":5.3e-05,"clipfrac":0.0,"reward_mean":-1.1099,"reward_std":0.8067,"reward_min":-6.6519,"reward_max":4.8332,"reward_scale":0.05,"throttle_mean":0.4983,"throttle_min":0.0447,"throttle_max":0.9379}
{"type":"train_update","update":98,"global_step":1605632,"wall_s":1010.11,"sps":1589.6,"loss":17.274483,"loss_ema":17.521326,"loss_plateau_delta":0.061711,"loss_plateau_count":0,"pg_loss":-4.5e-05,"v_loss":34.549056,"entropy":2.093744,"approx_kl":1.6e-05,"clipfrac":0.0,"reward_mean":-1.1449,"reward_std":0.795,"reward_min":-6.6303,"reward_max":4.5927,"reward_scale":0.05,"throttle_mean":0.5,"throttle_min":0.0596,"throttle_max":0.9726}
{"type":"train_update","update":99,"global_step":1622016,"wall_s":1016.77,"sps":1595.3,"loss":15.922965,"loss_ema":17.201654,"loss_plateau_delta":0.319672,"loss_plateau_count":0,"pg_loss":-6.1e-05,"v_loss":31.846052,"entropy":2.093679,"approx_kl":2.6e-05,"clipfrac":0.0,"reward_mean":-1.1164,"reward_std":0.7901,"reward_min":-6.558,"reward_max":4.9571,"reward_scale":0.05,"throttle_mean":0.4975,"throttle_min":0.0512,"throttle_max":0.9591}
{"type":"train_update","update":100,"global_step":1638400,"wall_s":1024.16,"sps":1599.7,"loss":15.945908,"loss_ema":16.950505,"loss_plateau_delta":0.251149,"loss_plateau_count":0,"pg_loss":-6.3e-05,"v_loss":31.891941,"entropy":2.093709,"approx_kl":1.3e-05,"clipfrac":0.0,"reward_mean":-1.135,"reward_std":0.7905,"reward_min":-6.4895,"reward_max":4.8717,"reward_scale":0.05,"throttle_mean":0.5002,"throttle_min":0.0553,"throttle_max":0.9565}
{"type":"train_update","update":101,"global_step":1654784,"wall_s":1031.12,"sps":1604.8,"loss":16.172316,"loss_ema":16.794867,"loss_plateau_delta":0.155638,"loss_plateau_count":0,"pg_loss":-8.6e-05,"v_loss":32.344805,"entropy":2.093711,"approx_kl":3.6e-05,"clipfrac":0.0,"reward_mean":-1.1385,"reward_std":0.795,"reward_min":-6.5152,"reward_max":4.737,"reward_scale":0.05,"throttle_mean":0.4969,"throttle_min":0.0508,"throttle_max":0.9485}
{"type":"train_update","update":102,"global_step":1671168,"wall_s":1037.81,"sps":1610.3,"loss":16.007133,"loss_ema":16.63732,"loss_plateau_delta":0.157547,"loss_plateau_count":0,"pg_loss":-6e-05,"v_loss":32.014385,"entropy":2.093761,"approx_kl":1.8e-05,"clipfrac":0.0,"reward_mean":-1.1325,"reward_std":0.7945,"reward_min":-6.3085,"reward_max":5.0154,"reward_scale":0.05,"throttle_mean":0.4982,"throttle_min":0.0532,"throttle_max":0.9624}
{"type":"train_update","update":103,"global_step":1687552,"wall_s":1044.07,"sps":1616.3,"loss":16.184365,"loss_ema":16.546729,"loss_plateau_delta":0.090591,"loss_plateau_count":0,"pg_loss":-8.5e-05,"v_loss":32.368901,"entropy":2.093826,"approx_kl":4.1e-05,"clipfrac":0.0,"reward_mean":-1.1292,"reward_std":0.7958,"reward_min":-6.2717,"reward_max":4.7111,"reward_scale":0.05,"throttle_mean":0.4985,"throttle_min":0.0464,"throttle_max":0.9568}
{"type":"train_update","update":104,"global_step":1703936,"wall_s":1052.33,"sps":1619.2,"loss":15.942002,"loss_ema":16.425784,"loss_plateau_delta":0.120945,"loss_plateau_count":0,"pg_loss":-6.4e-05,"v_loss":31.884132,"entropy":2.093891,"approx_kl":3.3e-05,"clipfrac":0.0,"reward_mean":-1.1428,"reward_std":0.7915,"reward_min":-6.6127,"reward_max":5.0331,"reward_scale":0.05,"throttle_mean":0.4975,"throttle_min":0.0443,"throttle_max":0.9421}
{"type":"train_update","update":105,"global_step":1720320,"wall_s":1058.74,"sps":1624.9,"loss":15.474639,"loss_ema":16.235555,"loss_plateau_delta":0.190229,"loss_plateau_count":0,"pg_loss":-7e-05,"v_loss":30.949417,"entropy":2.093854,"approx_kl":4e-05,"clipfrac":0.0,"reward_mean":-1.1229,"reward_std":0.7988,"reward_min":-6.6381,"reward_max":4.8925,"reward_scale":0.05,"throttle_mean":0.4981,"throttle_min":0.048,"throttle_max":0.9284}
{"type":"train_update","update":106,"global_step":1736704,"wall_s":1065.14,"sps":1630.5,"loss":15.372988,"loss_ema":16.063042,"loss_plateau_delta":0.172513,"loss_plateau_count":0,"pg_loss":-5.3e-05,"v_loss":30.746082,"entropy":2.093819,"approx_kl":1.5e-05,"clipfrac":0.0,"reward_mean":-1.1425,"reward_std":0.7953,"reward_min":-6.4165,"reward_max":4.9284,"reward_scale":0.05,"throttle_mean":0.4975,"throttle_min":0.0376,"throttle_max":0.9513}
{"type":"train_update","update":107,"global_step":1753088,"wall_s":1072.86,"sps":1634.0,"loss":14.796194,"loss_ema":15.809672,"loss_plateau_delta":0.25337,"loss_plateau_count":0,"pg_loss":-5.7e-05,"v_loss":29.592502,"entropy":2.093813,"approx_kl":2.8e-05,"clipfrac":0.0,"reward_mean":-1.128,"reward_std":0.7939,"reward_min":-6.3017,"reward_max":4.9119,"reward_scale":0.05,"throttle_mean":0.4974,"throttle_min":0.0468,"throttle_max":0.9481}
step=1,753,088 reward_mean=-1.128 kl=0.00003 clipfrac=0.000 eval={'landed_fraction': 0.0, 'crashed_fraction': 0.0, 'mean_touchdown_speed': nan, 'max_touchdown_speed': nan, 'mean_pad_distance': nan, 'max_pad_distance': nan, 'mean_delta_v_proxy': 6.2095489501953125, 'mean_eval_throttle': 0.496651645898819, 'max_eval_throttle': 0.5037255883216858, 'max_upward_speed': 2.015909194946289, 'max_downward_speed': 13.222609519958496, 'passed': False}
{"type":"train_update","update":108,"global_step":1769472,"wall_s":1127.18,"sps":1569.8,"loss":18.681038,"loss_ema":16.383945,"loss_plateau_delta":0.574273,"loss_plateau_count":0,"pg_loss":-5.2e-05,"v_loss":37.362178,"entropy":2.093841,"approx_kl":2.1e-05,"clipfrac":0.0,"reward_mean":-1.1437,"reward_std":0.6952,"reward_min":-6.423,"reward_max":4.4149,"reward_scale":0.05,"throttle_mean":0.4984,"throttle_min":0.0611,"throttle_max":0.9542}
{"type":"train_update","update":109,"global_step":1785856,"wall_s":1133.87,"sps":1575.0,"loss":15.133275,"loss_ema":16.133811,"loss_plateau_delta":0.250134,"loss_plateau_count":0,"pg_loss":-8.4e-05,"v_loss":30.266718,"entropy":2.093857,"approx_kl":3.3e-05,"clipfrac":0.0,"reward_mean":-1.137,"reward_std":0.8013,"reward_min":-6.6587,"reward_max":4.7714,"reward_scale":0.05,"throttle_mean":0.4981,"throttle_min":0.0413,"throttle_max":0.9404}
{"type":"train_update","update":110,"global_step":1802240,"wall_s":1140.49,"sps":1580.2,"loss":14.684492,"loss_ema":15.843947,"loss_plateau_delta":0.289864,"loss_plateau_count":0,"pg_loss":-0.000154,"v_loss":29.369291,"entropy":2.093845,"approx_kl":9.4e-05,"clipfrac":0.0,"reward_mean":-1.1385,"reward_std":0.7914,"reward_min":-6.5034,"reward_max":4.299,"reward_scale":0.05,"throttle_mean":0.4982,"throttle_min":0.0652,"throttle_max":0.9443}
{"type":"train_update","update":111,"global_step":1818624,"wall_s":1148.0,"sps":1584.2,"loss":14.730474,"loss_ema":15.621253,"loss_plateau_delta":0.222695,"loss_plateau_count":0,"pg_loss":-3.1e-05,"v_loss":29.46101,"entropy":2.093852,"approx_kl":2e-05,"clipfrac":0.0,"reward_mean":-1.1512,"reward_std":0.7844,"reward_min":-6.3277,"reward_max":4.8306,"reward_scale":0.05,"throttle_mean":0.4966,"throttle_min":0.0668,"throttle_max":0.942}
{"type":"train_update","update":112,"global_step":1835008,"wall_s":1154.51,"sps":1589.4,"loss":13.915056,"loss_ema":15.280013,"loss_plateau_delta":0.341239,"loss_plateau_count":0,"pg_loss":-8e-05,"v_loss":27.830272,"entropy":2.09391,"approx_kl":4.7e-05,"clipfrac":0.0,"reward_mean":-1.1362,"reward_std":0.8043,"reward_min":-6.5603,"reward_max":4.9803,"reward_scale":0.05,"throttle_mean":0.4965,"throttle_min":0.043,"throttle_max":0.9442}
{"type":"train_update","update":113,"global_step":1851392,"wall_s":1160.79,"sps":1594.9,"loss":13.466942,"loss_ema":14.917399,"loss_plateau_delta":0.362614,"loss_plateau_count":0,"pg_loss":-0.000103,"v_loss":26.93409,"entropy":2.093882,"approx_kl":8e-05,"clipfrac":0.0,"reward_mean":-1.1281,"reward_std":0.7918,"reward_min":-6.4736,"reward_max":4.5434,"reward_scale":0.05,"throttle_mean":0.4944,"throttle_min":0.061,"throttle_max":0.9487}
{"type":"train_update","update":114,"global_step":1867776,"wall_s":1168.69,"sps":1598.2,"loss":13.977112,"loss_ema":14.729342,"loss_plateau_delta":0.188057,"loss_plateau_count":0,"pg_loss":-0.000157,"v_loss":27.954538,"entropy":2.093893,"approx_kl":0.000119,"clipfrac":0.0,"reward_mean":-1.1491,"reward_std":0.7914,"reward_min":-6.5249,"reward_max":4.6859,"reward_scale":0.05,"throttle_mean":0.496,"throttle_min":0.0374,"throttle_max":0.9697}
{"type":"train_update","update":115,"global_step":1884160,"wall_s":1175.21,"sps":1603.3,"loss":13.637608,"loss_ema":14.510995,"loss_plateau_delta":0.218347,"loss_plateau_count":0,"pg_loss":-0.000164,"v_loss":27.275545,"entropy":2.09395,"approx_kl":0.000115,"clipfrac":0.0,"reward_mean":-1.1392,"reward_std":0.8012,"reward_min":-6.6512,"reward_max":4.8364,"reward_scale":0.05,"throttle_mean":0.4931,"throttle_min":0.0396,"throttle_max":0.9445}
{"type":"train_update","update":116,"global_step":1900544,"wall_s":1181.84,"sps":1608.1,"loss":13.210179,"loss_ema":14.250832,"loss_plateau_delta":0.260163,"loss_plateau_count":0,"pg_loss":-7.9e-05,"v_loss":26.420516,"entropy":2.093984,"approx_kl":6.5e-05,"clipfrac":0.0,"reward_mean":-1.1264,"reward_std":0.7934,"reward_min":-6.6456,"reward_max":4.5939,"reward_scale":0.05,"throttle_mean":0.4926,"throttle_min":0.0418,"throttle_max":0.9455}
{"type":"train_update","update":117,"global_step":1916928,"wall_s":1188.76,"sps":1612.6,"loss":13.406601,"loss_ema":14.081986,"loss_plateau_delta":0.168846,"loss_plateau_count":0,"pg_loss":-9.2e-05,"v_loss":26.813387,"entropy":2.093988,"approx_kl":5.3e-05,"clipfrac":0.0,"reward_mean":-1.1234,"reward_std":0.7915,"reward_min":-6.4108,"reward_max":4.4168,"reward_scale":0.05,"throttle_mean":0.4938,"throttle_min":0.0631,"throttle_max":0.9552}
{"type":"train_update","update":118,"global_step":1933312,"wall_s":1196.1,"sps":1616.4,"loss":13.255806,"loss_ema":13.91675,"loss_plateau_delta":0.165236,"loss_plateau_count":0,"pg_loss":-0.000103,"v_loss":26.511819,"entropy":2.094038,"approx_kl":4.7e-05,"clipfrac":0.0,"reward_mean":-1.1295,"reward_std":0.7955,"reward_min":-6.3155,"reward_max":4.862,"reward_scale":0.05,"throttle_mean":0.49,"throttle_min":0.0487,"throttle_max":0.9381}
{"type":"train_update","update":119,"global_step":1949696,"wall_s":1203.24,"sps":1620.4,"loss":12.624018,"loss_ema":13.658203,"loss_plateau_delta":0.258546,"loss_plateau_count":0,"pg_loss":-8.8e-05,"v_loss":25.248212,"entropy":2.094127,"approx_kl":6.3e-05,"clipfrac":0.0,"reward_mean":-1.1196,"reward_std":0.8026,"reward_min":-6.4348,"reward_max":4.9858,"reward_scale":0.05,"throttle_mean":0.4899,"throttle_min":0.0475,"throttle_max":0.9486}
{"type":"train_update","update":120,"global_step":1966080,"wall_s":1209.63,"sps":1625.4,"loss":12.954396,"loss_ema":13.517442,"loss_plateau_delta":0.140761,"loss_plateau_count":0,"pg_loss":-0.00015,"v_loss":25.909093,"entropy":2.094201,"approx_kl":0.000108,"clipfrac":0.0,"reward_mean":-1.1428,"reward_std":0.789,"reward_min":-6.6917,"reward_max":4.7556,"reward_scale":0.05,"throttle_mean":0.4919,"throttle_min":0.0417,"throttle_max":0.9583}
{"type":"train_update","update":121,"global_step":1982464,"wall_s":1217.88,"sps":1627.8,"loss":12.677552,"loss_ema":13.349464,"loss_plateau_delta":0.167978,"loss_plateau_count":0,"pg_loss":-0.000298,"v_loss":25.3557,"entropy":2.094195,"approx_kl":0.000225,"clipfrac":0.0,"reward_mean":-1.1284,"reward_std":0.8055,"reward_min":-6.5532,"reward_max":4.732,"reward_scale":0.05,"throttle_mean":0.4904,"throttle_min":0.0575,"throttle_max":0.9496}
{"type":"train_update","update":122,"global_step":1998848,"wall_s":1224.28,"sps":1632.7,"loss":12.870635,"loss_ema":13.253698,"loss_plateau_delta":0.095766,"loss_plateau_count":0,"pg_loss":-8.2e-05,"v_loss":25.741435,"entropy":2.094176,"approx_kl":4.9e-05,"clipfrac":0.0,"reward_mean":-1.1485,"reward_std":0.782,"reward_min":-6.4253,"reward_max":4.8454,"reward_scale":0.05,"throttle_mean":0.4906,"throttle_min":0.0374,"throttle_max":0.9425}
{"type":"train_update","update":123,"global_step":2015232,"wall_s":1230.83,"sps":1637.3,"loss":12.211821,"loss_ema":13.045323,"loss_plateau_delta":0.208375,"loss_plateau_count":0,"pg_loss":-0.000102,"v_loss":24.423845,"entropy":2.094122,"approx_kl":5.2e-05,"clipfrac":0.0,"reward_mean":-1.1285,"reward_std":0.8028,"reward_min":-6.8269,"reward_max":4.9314,"reward_scale":0.05,"throttle_mean":0.4906,"throttle_min":0.0609,"throttle_max":0.9579}
step=2,015,232 reward_mean=-1.128 kl=0.00005 clipfrac=0.000 eval={'landed_fraction': 0.0, 'crashed_fraction': 0.0, 'mean_touchdown_speed': nan, 'max_touchdown_speed': nan, 'mean_pad_distance': nan, 'max_pad_distance': nan, 'mean_delta_v_proxy': 6.01488733291626, 'mean_eval_throttle': 0.4888751791914304, 'max_eval_throttle': 0.5057515501976013, 'max_upward_speed': 2.1241912841796875, 'max_downward_speed': 13.260392189025879, 'passed': False}
{"type":"train_update","update":124,"global_step":2031616,"wall_s":1284.73,"sps":1581.4,"loss":16.277004,"loss_ema":13.691659,"loss_plateau_delta":0.646336,"loss_plateau_count":0,"pg_loss":-7.2e-05,"v_loss":32.554153,"entropy":2.094042,"approx_kl":1.9e-05,"clipfrac":0.0,"reward_mean":-1.134,"reward_std":0.6946,"reward_min":-6.1097,"reward_max":4.7269,"reward_scale":0.05,"throttle_mean":0.4896,"throttle_min":0.0507,"throttle_max":0.9296}
{"type":"train_update","update":125,"global_step":2048000,"wall_s":1291.69,"sps":1585.5,"loss":12.141437,"loss_ema":13.381615,"loss_plateau_delta":0.310044,"loss_plateau_count":0,"pg_loss":-0.000198,"v_loss":24.283269,"entropy":2.094018,"approx_kl":0.000165,"clipfrac":0.0,"reward_mean":-1.0957,"reward_std":0.8026,"reward_min":-6.5971,"reward_max":4.8391,"reward_scale":0.05,"throttle_mean":0.4892,"throttle_min":0.0531,"throttle_max":0.935}
{"type":"train_update","update":126,"global_step":2064384,"wall_s":1298.43,"sps":1589.9,"loss":12.144033,"loss_ema":13.134098,"loss_plateau_delta":0.247516,"loss_plateau_count":0,"pg_loss":-0.000541,"v_loss":24.289149,"entropy":2.094015,"approx_kl":0.000481,"clipfrac":0.0,"reward_mean":-1.1262,"reward_std":0.7933,"reward_min":-6.8777,"reward_max":4.8736,"reward_scale":0.05,"throttle_mean":0.4907,"throttle_min":0.0407,"throttle_max":0.9579}
{"type":"train_update","update":127,"global_step":2080768,"wall_s":1304.66,"sps":1594.9,"loss":11.485245,"loss_ema":12.804328,"loss_plateau_delta":0.329771,"loss_plateau_count":0,"pg_loss":-0.000269,"v_loss":22.971027,"entropy":2.093951,"approx_kl":0.000314,"clipfrac":0.0,"reward_mean":-1.1013,"reward_std":0.7989,"reward_min":-6.3301,"reward_max":4.5556,"reward_scale":0.05,"throttle_mean":0.4835,"throttle_min":0.0478,"throttle_max":0.934}
{"type":"train_update","update":128,"global_step":2097152,"wall_s":1312.67,"sps":1597.6,"loss":11.792727,"loss_ema":12.602007,"loss_plateau_delta":0.20232,"loss_plateau_count":0,"pg_loss":-4.1e-05,"v_loss":23.585537,"entropy":2.093952,"approx_kl":2.3e-05,"clipfrac":0.0,"reward_mean":-1.1218,"reward_std":0.7999,"reward_min":-6.3984,"reward_max":4.7716,"reward_scale":0.05,"throttle_mean":0.4787,"throttle_min":0.0578,"throttle_max":0.9375}
{"type":"train_update","update":129,"global_step":2113536,"wall_s":1319.01,"sps":1602.4,"loss":11.369009,"loss_ema":12.355408,"loss_plateau_delta":0.2466,"loss_plateau_count":0,"pg_loss":-0.000146,"v_loss":22.738311,"entropy":2.094018,"approx_kl":0.000124,"clipfrac":0.0,"reward_mean":-1.1159,"reward_std":0.8004,"reward_min":-6.2015,"reward_max":4.8127,"reward_scale":0.05,"throttle_mean":0.4825,"throttle_min":0.0495,"throttle_max":0.9523}
{"type":"train_update","update":130,"global_step":2129920,"wall_s":1325.46,"sps":1606.9,"loss":11.33422,"loss_ema":12.15117,"loss_plateau_delta":0.204238,"loss_plateau_count":0,"pg_loss":-0.000109,"v_loss":22.668658,"entropy":2.094013,"approx_kl":9.2e-05,"clipfrac":0.0,"reward_mean":-1.1149,"reward_std":0.7927,"reward_min":-6.4269,"reward_max":4.8676,"reward_scale":0.05,"throttle_mean":0.481,"throttle_min":0.0571,"throttle_max":0.9303}
{"type":"train_update","update":131,"global_step":2146304,"wall_s":1333.06,"sps":1610.1,"loss":11.197653,"loss_ema":11.960467,"loss_plateau_delta":0.190703,"loss_plateau_count":0,"pg_loss":-0.000223,"v_loss":22.395751,"entropy":2.093971,"approx_kl":0.000211,"clipfrac":0.0,"reward_mean":-1.1275,"reward_std":0.8128,"reward_min":-6.6009,"reward_max":4.9422,"reward_scale":0.05,"throttle_mean":0.4824,"throttle_min":0.0333,"throttle_max":0.9498}
{"type":"train_update","update":132,"global_step":2162688,"wall_s":1339.89,"sps":1614.1,"loss":11.006788,"loss_ema":11.769731,"loss_plateau_delta":0.190736,"loss_plateau_count":0,"pg_loss":-0.000125,"v_loss":22.013826,"entropy":2.094003,"approx_kl":0.000114,"clipfrac":0.0,"reward_mean":-1.125,"reward_std":0.7977,"reward_min":-6.5887,"reward_max":4.9936,"reward_scale":0.05,"throttle_mean":0.4782,"throttle_min":0.0528,"throttle_max":0.951}
{"type":"train_update","update":133,"global_step":2179072,"wall_s":1347.07,"sps":1617.6,"loss":11.213857,"loss_ema":11.658556,"loss_plateau_delta":0.111175,"loss_plateau_count":0,"pg_loss":-5.5e-05,"v_loss":22.427824,"entropy":2.093945,"approx_kl":4.8e-05,"clipfrac":0.0,"reward_mean":-1.1329,"reward_std":0.7978,"reward_min":-6.4775,"reward_max":4.9123,"reward_scale":0.05,"throttle_mean":0.4783,"throttle_min":0.0635,"throttle_max":0.9338}
{"type":"train_update","update":134,"global_step":2195456,"wall_s":1353.89,"sps":1621.6,"loss":11.510732,"loss_ema":11.628991,"loss_plateau_delta":0.029565,"loss_plateau_count":0,"pg_loss":-0.000194,"v_loss":23.02185,"entropy":2.093935,"approx_kl":0.000164,"clipfrac":0.0,"reward_mean":-1.1379,"reward_std":0.793,"reward_min":-6.4907,"reward_max":4.7375,"reward_scale":0.05,"throttle_mean":0.4776,"throttle_min":0.0589,"throttle_max":0.975}
{"type":"train_update","update":135,"global_step":2211840,"wall_s":1361.57,"sps":1624.5,"loss":10.985121,"loss_ema":11.500217,"loss_plateau_delta":0.128774,"loss_plateau_count":0,"pg_loss":-0.000195,"v_loss":21.970632,"entropy":2.094048,"approx_kl":0.000215,"clipfrac":0.0,"reward_mean":-1.1231,"reward_std":0.8031,"reward_min":-6.297,"reward_max":4.8507,"reward_scale":0.05,"throttle_mean":0.4772,"throttle_min":0.0425,"throttle_max":0.9601}
{"type":"train_update","update":136,"global_step":2228224,"wall_s":1368.06,"sps":1628.7,"loss":11.176944,"loss_ema":11.435563,"loss_plateau_delta":0.064655,"loss_plateau_count":0,"pg_loss":-8.2e-05,"v_loss":22.354053,"entropy":2.094113,"approx_kl":7.7e-05,"clipfrac":0.0,"reward_mean":-1.1264,"reward_std":0.7949,"reward_min":-6.1093,"reward_max":4.5125,"reward_scale":0.05,"throttle_mean":0.4726,"throttle_min":0.0464,"throttle_max":0.9263}
{"type":"train_update","update":137,"global_step":2244608,"wall_s":1374.37,"sps":1633.2,"loss":10.914768,"loss_ema":11.331404,"loss_plateau_delta":0.104159,"loss_plateau_count":0,"pg_loss":-0.000114,"v_loss":21.829763,"entropy":2.093948,"approx_kl":6.6e-05,"clipfrac":0.0,"reward_mean":-1.1164,"reward_std":0.802,"reward_min":-6.7428,"reward_max":4.946,"reward_scale":0.05,"throttle_mean":0.4763,"throttle_min":0.0439,"throttle_max":0.9295}
{"type":"train_update","update":138,"global_step":2260992,"wall_s":1382.16,"sps":1635.8,"loss":10.725998,"loss_ema":11.210323,"loss_plateau_delta":0.121081,"loss_plateau_count":0,"pg_loss":-0.000196,"v_loss":21.452389,"entropy":2.093849,"approx_kl":0.000237,"clipfrac":0.0,"reward_mean":-1.1212,"reward_std":0.8055,"reward_min":-6.3808,"reward_max":4.7312,"reward_scale":0.05,"throttle_mean":0.471,"throttle_min":0.0262,"throttle_max":0.9451}
step=2,260,992 reward_mean=-1.121 kl=0.00024 clipfrac=0.000 eval={'landed_fraction': 0.0, 'crashed_fraction': 0.0, 'mean_touchdown_speed': nan, 'max_touchdown_speed': nan, 'mean_pad_distance': nan, 'max_pad_distance': nan, 'mean_delta_v_proxy': 5.444570541381836, 'mean_eval_throttle': 0.4674710978070895, 'max_eval_throttle': 0.5094268321990967, 'max_upward_speed': 2.1835122108459473, 'max_downward_speed': 13.432744979858398, 'passed': False}
{"type":"train_update","update":139,"global_step":2277376,"wall_s":1436.4,"sps":1585.5,"loss":13.86339,"loss_ema":11.740936,"loss_plateau_delta":0.530614,"loss_plateau_count":0,"pg_loss":-7.2e-05,"v_loss":27.726924,"entropy":2.093936,"approx_kl":4.8e-05,"clipfrac":0.0,"reward_mean":-1.1319,"reward_std":0.6947,"reward_min":-6.5521,"reward_max":5.1031,"reward_scale":0.05,"throttle_mean":0.4681,"throttle_min":0.0532,"throttle_max":0.9328}
{"type":"train_update","update":140,"global_step":2293760,"wall_s":1443.01,"sps":1589.6,"loss":11.073472,"loss_ema":11.607443,"loss_plateau_delta":0.133493,"loss_plateau_count":0,"pg_loss":-0.000177,"v_loss":22.147298,"entropy":2.093963,"approx_kl":0.000145,"clipfrac":0.0,"reward_mean":-1.1231,"reward_std":0.8109,"reward_min":-6.5208,"reward_max":5.09,"reward_scale":0.05,"throttle_mean":0.4694,"throttle_min":0.058,"throttle_max":0.9471}
{"type":"train_update","update":141,"global_step":2310144,"wall_s":1450.11,"sps":1593.1,"loss":9.977855,"loss_ema":11.281526,"loss_plateau_delta":0.325918,"loss_plateau_count":0,"pg_loss":-0.000314,"v_loss":19.956339,"entropy":2.094037,"approx_kl":0.000388,"clipfrac":0.0,"reward_mean":-1.1177,"reward_std":0.7967,"reward_min":-6.3962,"reward_max":4.4561,"reward_scale":0.05,"throttle_mean":0.4666,"throttle_min":0.0484,"throttle_max":0.9257}
{"type":"train_update","update":142,"global_step":2326528,"wall_s":1457.27,"sps":1596.5,"loss":10.043805,"loss_ema":11.033982,"loss_plateau_delta":0.247544,"loss_plateau_count":0,"pg_loss":-0.000251,"v_loss":20.088111,"entropy":2.093949,"approx_kl":0.000321,"clipfrac":0.0,"reward_mean":-1.1197,"reward_std":0.7919,"reward_min":-6.5201,"reward_max":4.6529,"reward_scale":0.05,"throttle_mean":0.4652,"throttle_min":0.0634,"throttle_max":0.9392}
{"type":"train_update","update":143,"global_step":2342912,"wall_s":1463.78,"sps":1600.6,"loss":9.95691,"loss_ema":10.818567,"loss_plateau_delta":0.215414,"loss_plateau_count":0,"pg_loss":-9.1e-05,"v_loss":19.914002,"entropy":2.093889,"approx_kl":8.3e-05,"clipfrac":0.0,"reward_mean":-1.1178,"reward_std":0.8095,"reward_min":-6.1038,"reward_max":5.0507,"reward_scale":0.05,"throttle_mean":0.4653,"throttle_min":0.0475,"throttle_max":0.9408}
{"type":"train_update","update":144,"global_step":2359296,"wall_s":1469.87,"sps":1605.1,"loss":9.871731,"loss_ema":10.6292,"loss_plateau_delta":0.189367,"loss_plateau_count":0,"pg_loss":-0.000103,"v_loss":19.743668,"entropy":2.093802,"approx_kl":0.000127,"clipfrac":0.0,"reward_mean":-1.1096,"reward_std":0.8017,"reward_min":-6.5361,"reward_max":4.8542,"reward_scale":0.05,"throttle_mean":0.4659,"throttle_min":0.0443,"throttle_max":0.9474}
{"type":"train_update","update":145,"global_step":2375680,"wall_s":1478.21,"sps":1607.1,"loss":9.501413,"loss_ema":10.403643,"loss_plateau_delta":0.225557,"loss_plateau_count":0,"pg_loss":-0.000361,"v_loss":19.003548,"entropy":2.093765,"approx_kl":0.000454,"clipfrac":0.0,"reward_mean":-1.1042,"reward_std":0.8054,"reward_min":-6.4504,"reward_max":5.0279,"reward_scale":0.05,"throttle_mean":0.4644,"throttle_min":0.0419,"throttle_max":0.9431}
{"type":"train_update","update":146,"global_step":2392064,"wall_s":1484.86,"sps":1611.0,"loss":9.762967,"loss_ema":10.275508,"loss_plateau_delta":0.128135,"loss_plateau_count":0,"pg_loss":-0.000435,"v_loss":19.526805,"entropy":2.0937,"approx_kl":0.000564,"clipfrac":0.0,"reward_mean":-1.1227,"reward_std":0.7967,"reward_min":-6.1634,"reward_max":4.7174,"reward_scale":0.05,"throttle_mean":0.462,"throttle_min":0.0298,"throttle_max":0.9505}
{"type":"train_update","update":147,"global_step":2408448,"wall_s":1491.33,"sps":1615.0,"loss":10.013364,"loss_ema":10.223079,"loss_plateau_delta":0.052429,"loss_plateau_count":0,"pg_loss":-0.000174,"v_loss":20.027076,"entropy":2.093707,"approx_kl":0.000308,"clipfrac":0.0,"reward_mean":-1.1211,"reward_std":0.8045,"reward_min":-6.2024,"reward_max":4.408,"reward_scale":0.05,"throttle_mean":0.4579,"throttle_min":0.0493,"throttle_max":0.926}
{"type":"train_update","update":148,"global_step":2424832,"wall_s":1498.91,"sps":1617.7,"loss":9.162041,"loss_ema":10.010871,"loss_plateau_delta":0.212208,"loss_plateau_count":0,"pg_loss":-0.000358,"v_loss":18.324798,"entropy":2.093751,"approx_kl":0.000482,"clipfrac":0.0,"reward_mean":-1.1142,"reward_std":0.7981,"reward_min":-6.3125,"reward_max":4.8226,"reward_scale":0.05,"throttle_mean":0.4593,"throttle_min":0.0488,"throttle_max":0.9516}
{"type":"train_update","update":149,"global_step":2441216,"wall_s":1505.91,"sps":1621.1,"loss":9.165788,"loss_ema":9.841855,"loss_plateau_delta":0.169017,"loss_plateau_count":0,"pg_loss":-0.00038,"v_loss":18.332336,"entropy":2.093542,"approx_kl":0.000599,"clipfrac":0.0,"reward_mean":-1.1226,"reward_std":0.8002,"reward_min":-6.2762,"reward_max":4.8238,"reward_scale":0.05,"throttle_mean":0.4559,"throttle_min":0.0529,"throttle_max":0.9414}
{"type":"train_update","update":150,"global_step":2457600,"wall_s":1512.72,"sps":1624.6,"loss":8.592161,"loss_ema":9.591916,"loss_plateau_delta":0.249939,"loss_plateau_count":0,"pg_loss":-0.000178,"v_loss":17.184677,"entropy":2.093511,"approx_kl":0.000234,"clipfrac":0.0,"reward_mean":-1.1098,"reward_std":0.805,"reward_min":-6.3822,"reward_max":4.8956,"reward_scale":0.05,"throttle_mean":0.4569,"throttle_min":0.0299,"throttle_max":0.9357}
{"type":"train_update","update":151,"global_step":2473984,"wall_s":1519.12,"sps":1628.6,"loss":8.759524,"loss_ema":9.425438,"loss_plateau_delta":0.166478,"loss_plateau_count":0,"pg_loss":-8.5e-05,"v_loss":17.519219,"entropy":2.093732,"approx_kl":0.000103,"clipfrac":0.0,"reward_mean":-1.1017,"reward_std":0.8137,"reward_min":-6.8871,"reward_max":5.1184,"reward_scale":0.05,"throttle_mean":0.4613,"throttle_min":0.0366,"throttle_max":0.9383}
{"type":"train_update","update":152,"global_step":2490368,"wall_s":1527.05,"sps":1630.8,"loss":9.175821,"loss_ema":9.375514,"loss_plateau_delta":0.049923,"loss_plateau_count":0,"pg_loss":-0.000117,"v_loss":18.351876,"entropy":2.093766,"approx_kl":0.000173,"clipfrac":0.0,"reward_mean":-1.1274,"reward_std":0.8096,"reward_min":-6.1525,"reward_max":4.7713,"reward_scale":0.05,"throttle_mean":0.4595,"throttle_min":0.0563,"throttle_max":0.9297}
{"type":"train_update","update":153,"global_step":2506752,"wall_s":1533.5,"sps":1634.7,"loss":9.174226,"loss_ema":9.335257,"loss_plateau_delta":0.040258,"loss_plateau_count":0,"pg_loss":-0.000233,"v_loss":18.348919,"entropy":2.093678,"approx_kl":0.000356,"clipfrac":0.0,"reward_mean":-1.1371,"reward_std":0.7893,"reward_min":-6.266,"reward_max":4.5373,"reward_scale":0.05,"throttle_mean":0.4549,"throttle_min":0.055,"throttle_max":0.9424}
step=2,506,752 reward_mean=-1.137 kl=0.00036 clipfrac=0.000 eval={'landed_fraction': 0.0, 'crashed_fraction': 0.0, 'mean_touchdown_speed': nan, 'max_touchdown_speed': nan, 'mean_pad_distance': nan, 'max_pad_distance': nan, 'mean_delta_v_proxy': 5.088362693786621, 'mean_eval_throttle': 0.4534375862280528, 'max_eval_throttle': 0.5125225186347961, 'max_upward_speed': 2.186786651611328, 'max_downward_speed': 13.60323715209961, 'passed': False}
{"type":"train_update","update":154,"global_step":2523136,"wall_s":1586.83,"sps":1590.0,"loss":13.080884,"loss_ema":10.084382,"loss_plateau_delta":0.749125,"loss_plateau_count":0,"pg_loss":-0.000217,"v_loss":26.162202,"entropy":2.093638,"approx_kl":0.000281,"clipfrac":0.0,"reward_mean":-1.1455,"reward_std":0.6922,"reward_min":-6.157,"reward_max":4.7702,"reward_scale":0.05,"throttle_mean":0.4549,"throttle_min":0.0377,"throttle_max":0.9463}
{"type":"train_update","update":155,"global_step":2539520,"wall_s":1593.95,"sps":1593.2,"loss":8.805552,"loss_ema":9.828616,"loss_plateau_delta":0.255766,"loss_plateau_count":0,"pg_loss":-0.000108,"v_loss":17.611321,"entropy":2.093549,"approx_kl":0.000113,"clipfrac":0.0,"reward_mean":-1.1029,"reward_std":0.8091,"reward_min":-6.1476,"reward_max":4.65,"reward_scale":0.05,"throttle_mean":0.456,"throttle_min":0.0463,"throttle_max":0.946}
{"type":"train_update","update":156,"global_step":2555904,"wall_s":1600.5,"sps":1596.9,"loss":8.940537,"loss_ema":9.651,"loss_plateau_delta":0.177616,"loss_plateau_count":0,"pg_loss":-0.000294,"v_loss":17.881663,"entropy":2.093559,"approx_kl":0.000461,"clipfrac":0.0,"reward_mean":-1.1001,"reward_std":0.8048,"reward_min":-6.3789,"reward_max":4.808,"reward_scale":0.05,"throttle_mean":0.4534,"throttle_min":0.0473,"throttle_max":0.9257}
{"type":"train_update","update":157,"global_step":2572288,"wall_s":1607.28,"sps":1600.4,"loss":9.131535,"loss_ema":9.547107,"loss_plateau_delta":0.103893,"loss_plateau_count":0,"pg_loss":-0.00015,"v_loss":18.263369,"entropy":2.093392,"approx_kl":0.00023,"clipfrac":0.0,"reward_mean":-1.141,"reward_std":0.7892,"reward_min":-6.1624,"reward_max":4.6133,"reward_scale":0.05,"throttle_mean":0.46,"throttle_min":0.042,"throttle_max":0.9478}
{"type":"train_update","update":158,"global_step":2588672,"wall_s":1614.79,"sps":1603.1,"loss":8.633553,"loss_ema":9.364396,"loss_plateau_delta":0.182711,"loss_plateau_count":0,"pg_loss":-0.000225,"v_loss":17.267554,"entropy":2.093197,"approx_kl":0.000376,"clipfrac":0.0,"reward_mean":-1.1184,"reward_std":0.8084,"reward_min":-6.4582,"reward_max":5.1014,"reward_scale":0.05,"throttle_mean":0.4617,"throttle_min":0.0346,"throttle_max":0.9205}
{"type":"train_update","update":159,"global_step":2605056,"wall_s":1621.98,"sps":1606.1,"loss":8.505068,"loss_ema":9.192531,"loss_plateau_delta":0.171866,"loss_plateau_count":0,"pg_loss":-8.1e-05,"v_loss":17.010297,"entropy":2.092981,"approx_kl":0.000156,"clipfrac":0.0,"reward_mean":-1.1237,"reward_std":0.8023,"reward_min":-6.3397,"reward_max":4.7778,"reward_scale":0.05,"throttle_mean":0.4603,"throttle_min":0.0535,"throttle_max":0.926}
{"type":"train_update","update":160,"global_step":2621440,"wall_s":1628.93,"sps":1609.3,"loss":7.703175,"loss_ema":8.89466,"loss_plateau_delta":0.297871,"loss_plateau_count":0,"pg_loss":-0.000285,"v_loss":15.406921,"entropy":2.093158,"approx_kl":0.000454,"clipfrac":0.0,"reward_mean":-1.0968,"reward_std":0.8074,"reward_min":-6.4528,"reward_max":4.8587,"reward_scale":0.05,"throttle_mean":0.4613,"throttle_min":0.0476,"throttle_max":0.9664}
{"type":"train_update","update":161,"global_step":2637824,"wall_s":1635.24,"sps":1613.1,"loss":8.444644,"loss_ema":8.804656,"loss_plateau_delta":0.090003,"loss_plateau_count":0,"pg_loss":-0.000478,"v_loss":16.890244,"entropy":2.093161,"approx_kl":0.000738,"clipfrac":0.0,"reward_mean":-1.1254,"reward_std":0.797,"reward_min":-6.1744,"reward_max":5.0049,"reward_scale":0.05,"throttle_mean":0.4568,"throttle_min":0.0395,"throttle_max":0.9502}
{"type":"train_update","update":162,"global_step":2654208,"wall_s":1643.31,"sps":1615.2,"loss":8.488589,"loss_ema":8.741443,"loss_plateau_delta":0.063214,"loss_plateau_count":0,"pg_loss":-0.000151,"v_loss":16.97748,"entropy":2.092996,"approx_kl":0.000399,"clipfrac":0.0,"reward_mean":-1.104,"reward_std":0.8021,"reward_min":-6.1109,"reward_max":4.9657,"reward_scale":0.05,"throttle_mean":0.4544,"throttle_min":0.0333,"throttle_max":0.9388}
{"type":"train_update","update":163,"global_step":2670592,"wall_s":1649.82,"sps":1618.7,"loss":8.700626,"loss_ema":8.733279,"loss_plateau_delta":0.008163,"loss_plateau_count":1,"pg_loss":-0.000226,"v_loss":17.401703,"entropy":2.093061,"approx_kl":0.000351,"clipfrac":0.0,"reward_mean":-1.1364,"reward_std":0.8028,"reward_min":-6.176,"reward_max":4.7733,"reward_scale":0.05,"throttle_mean":0.4517,"throttle_min":0.0459,"throttle_max":0.9434}
{"type":"train_update","update":164,"global_step":2686976,"wall_s":1656.31,"sps":1622.3,"loss":8.243353,"loss_ema":8.635294,"loss_plateau_delta":0.097985,"loss_plateau_count":0,"pg_loss":-0.000287,"v_loss":16.48728,"entropy":2.093119,"approx_kl":0.000631,"clipfrac":0.0,"reward_mean":-1.1109,"reward_std":0.8072,"reward_min":-6.379,"reward_max":4.7635,"reward_scale":0.05,"throttle_mean":0.4481,"throttle_min":0.046,"throttle_max":0.9495}
{"type":"train_update","update":165,"global_step":2703360,"wall_s":1663.99,"sps":1624.6,"loss":7.839512,"loss_ema":8.476138,"loss_plateau_delta":0.159156,"loss_plateau_count":0,"pg_loss":-9.7e-05,"v_loss":15.679218,"entropy":2.093086,"approx_kl":0.000206,"clipfrac":0.0,"reward_mean":-1.0924,"reward_std":0.8063,"reward_min":-6.5462,"reward_max":4.6787,"reward_scale":0.05,"throttle_mean":0.4447,"throttle_min":0.0306,"throttle_max":0.914}
{"type":"train_update","update":166,"global_step":2719744,"wall_s":1670.82,"sps":1627.8,"loss":8.043257,"loss_ema":8.389562,"loss_plateau_delta":0.086576,"loss_plateau_count":0,"pg_loss":-0.000185,"v_loss":16.086885,"entropy":2.093106,"approx_kl":0.000268,"clipfrac":0.0,"reward_mean":-1.1004,"reward_std":0.8098,"reward_min":-6.1852,"reward_max":5.0553,"reward_scale":0.05,"throttle_mean":0.4441,"throttle_min":0.0413,"throttle_max":0.9359}
{"type":"train_update","update":167,"global_step":2736128,"wall_s":1677.55,"sps":1631.0,"loss":7.750346,"loss_ema":8.261719,"loss_plateau_delta":0.127843,"loss_plateau_count":0,"pg_loss":-0.000456,"v_loss":15.501605,"entropy":2.093323,"approx_kl":0.000722,"clipfrac":0.0,"reward_mean":-1.0902,"reward_std":0.805,"reward_min":-6.1944,"reward_max":4.8027,"reward_scale":0.05,"throttle_mean":0.4411,"throttle_min":0.0227,"throttle_max":0.9376}
{"type":"train_update","update":168,"global_step":2752512,"wall_s":1684.21,"sps":1634.3,"loss":7.595589,"loss_ema":8.128493,"loss_plateau_delta":0.133226,"loss_plateau_count":0,"pg_loss":-0.000237,"v_loss":15.191651,"entropy":2.093555,"approx_kl":0.00048,"clipfrac":0.0,"reward_mean":-1.0811,"reward_std":0.8128,"reward_min":-6.1555,"reward_max":5.079,"reward_scale":0.05,"throttle_mean":0.4434,"throttle_min":0.0456,"throttle_max":0.9334}
step=2,752,512 reward_mean=-1.081 kl=0.00048 clipfrac=0.000 eval={'landed_fraction': 0.0, 'crashed_fraction': 0.0, 'mean_touchdown_speed': nan, 'max_touchdown_speed': nan, 'mean_pad_distance': nan, 'max_pad_distance': nan, 'mean_delta_v_proxy': 4.630221366882324, 'mean_eval_throttle': 0.43369826240672005, 'max_eval_throttle': 0.5174928903579712, 'max_upward_speed': 2.3003199100494385, 'max_downward_speed': 13.860771179199219, 'passed': False}
{"type":"train_update","update":169,"global_step":2768896,"wall_s":1738.76,"sps":1592.5,"loss":10.294834,"loss_ema":8.561761,"loss_plateau_delta":0.433268,"loss_plateau_count":0,"pg_loss":-0.000204,"v_loss":20.590075,"entropy":2.093675,"approx_kl":0.000326,"clipfrac":0.0,"reward_mean":-1.1106,"reward_std":0.6953,"reward_min":-6.1427,"reward_max":4.6712,"reward_scale":0.05,"throttle_mean":0.4358,"throttle_min":0.0454,"throttle_max":0.9673}
{"type":"train_update","update":170,"global_step":2785280,"wall_s":1745.18,"sps":1596.0,"loss":7.93258,"loss_ema":8.435925,"loss_plateau_delta":0.125836,"loss_plateau_count":0,"pg_loss":-0.000305,"v_loss":15.86577,"entropy":2.093688,"approx_kl":0.000531,"clipfrac":0.0,"reward_mean":-1.0943,"reward_std":0.8135,"reward_min":-6.1826,"reward_max":4.6773,"reward_scale":0.05,"throttle_mean":0.4415,"throttle_min":0.0462,"throttle_max":0.9562}
{"type":"train_update","update":171,"global_step":2801664,"wall_s":1751.8,"sps":1599.3,"loss":7.70503,"loss_ema":8.289746,"loss_plateau_delta":0.146179,"loss_plateau_count":0,"pg_loss":-0.000192,"v_loss":15.410444,"entropy":2.093757,"approx_kl":0.000272,"clipfrac":0.0,"reward_mean":-1.1073,"reward_std":0.8175,"reward_min":-6.327,"reward_max":5.053,"reward_scale":0.05,"throttle_mean":0.4401,"throttle_min":0.032,"throttle_max":0.9507}
{"type":"train_update","update":172,"global_step":2818048,"wall_s":1759.83,"sps":1601.3,"loss":7.153569,"loss_ema":8.06251,"loss_plateau_delta":0.227235,"loss_plateau_count":0,"pg_loss":-0.000413,"v_loss":14.307964,"entropy":2.093752,"approx_kl":0.000614,"clipfrac":0.0,"reward_mean":-1.1029,"reward_std":0.8056,"reward_min":-6.131,"reward_max":4.7124,"reward_scale":0.05,"throttle_mean":0.4363,"throttle_min":0.0467,"throttle_max":0.9296}
{"type":"train_update","update":173,"global_step":2834432,"wall_s":1766.21,"sps":1604.8,"loss":6.914496,"loss_ema":7.832907,"loss_plateau_delta":0.229603,"loss_plateau_count":0,"pg_loss":-0.000889,"v_loss":13.83077,"entropy":2.093677,"approx_kl":0.001749,"clipfrac":0.0005,"reward_mean":-1.09,"reward_std":0.8076,"reward_min":-6.1832,"reward_max":4.7808,"reward_scale":0.05,"throttle_mean":0.438,"throttle_min":0.0362,"throttle_max":0.909}
{"type":"train_update","update":174,"global_step":2850816,"wall_s":1772.73,"sps":1608.1,"loss":7.213953,"loss_ema":7.709117,"loss_plateau_delta":0.123791,"loss_plateau_count":0,"pg_loss":-0.000271,"v_loss":14.428448,"entropy":2.093519,"approx_kl":0.000423,"clipfrac":0.0,"reward_mean":-1.1159,"reward_std":0.805,"reward_min":-6.1215,"reward_max":4.9277,"reward_scale":0.05,"throttle_mean":0.4297,"throttle_min":0.0387,"throttle_max":0.9234}
{"type":"train_update","update":175,"global_step":2867200,"wall_s":1779.94,"sps":1610.8,"loss":6.936406,"loss_ema":7.554574,"loss_plateau_delta":0.154542,"loss_plateau_count":0,"pg_loss":-0.000209,"v_loss":13.87323,"entropy":2.093272,"approx_kl":0.000309,"clipfrac":0.0,"reward_mean":-1.1057,"reward_std":0.8087,"reward_min":-6.1152,"reward_max":4.9341,"reward_scale":0.05,"throttle_mean":0.4294,"throttle_min":0.0413,"throttle_max":0.9298}
{"type":"train_update","update":176,"global_step":2883584,"wall_s":1786.95,"sps":1613.7,"loss":7.118918,"loss_ema":7.467443,"loss_plateau_delta":0.087131,"loss_plateau_count":0,"pg_loss":-0.000115,"v_loss":14.238066,"entropy":2.092735,"approx_kl":0.000238,"clipfrac":0.0,"reward_mean":-1.0992,"reward_std":0.807,"reward_min":-6.0718,"reward_max":4.6313,"reward_scale":0.05,"throttle_mean":0.4274,"throttle_min":0.034,"throttle_max":0.9286}
{"type":"train_update","update":177,"global_step":2899968,"wall_s":1793.6,"sps":1616.8,"loss":6.818073,"loss_ema":7.337569,"loss_plateau_delta":0.129874,"loss_plateau_count":0,"pg_loss":-0.000262,"v_loss":13.63667,"entropy":2.092459,"approx_kl":0.000461,"clipfrac":0.0,"reward_mean":-1.088,"reward_std":0.8118,"reward_min":-6.1291,"reward_max":4.6515,"reward_scale":0.05,"throttle_mean":0.4285,"throttle_min":0.0236,"throttle_max":0.9148}
{"type":"train_update","update":178,"global_step":2916352,"wall_s":1799.78,"sps":1620.4,"loss":6.811698,"loss_ema":7.232395,"loss_plateau_delta":0.105174,"loss_plateau_count":0,"pg_loss":-0.000211,"v_loss":13.623818,"entropy":2.092248,"approx_kl":0.000542,"clipfrac":0.0,"reward_mean":-1.0972,"reward_std":0.8119,"reward_min":-6.1291,"reward_max":4.9764,"reward_scale":0.05,"throttle_mean":0.4259,"throttle_min":0.0419,"throttle_max":0.9334}
{"type":"train_update","update":179,"global_step":2932736,"wall_s":1807.93,"sps":1622.1,"loss":6.707988,"loss_ema":7.127513,"loss_plateau_delta":0.104881,"loss_plateau_count":0,"pg_loss":-0.000331,"v_loss":13.416638,"entropy":2.092142,"approx_kl":0.000535,"clipfrac":0.0,"reward_mean":-1.0857,"reward_std":0.8031,"reward_min":-6.1152,"reward_max":4.6056,"reward_scale":0.05,"throttle_mean":0.428,"throttle_min":0.0457,"throttle_max":0.9129}
{"type":"train_update","update":180,"global_step":2949120,"wall_s":1814.45,"sps":1625.4,"loss":6.553759,"loss_ema":7.012763,"loss_plateau_delta":0.114751,"loss_plateau_count":0,"pg_loss":-0.000479,"v_loss":13.108476,"entropy":2.09219,"approx_kl":0.00102,"clipfrac":0.0,"reward_mean":-1.1,"reward_std":0.8105,"reward_min":-6.1196,"reward_max":4.9748,"reward_scale":0.05,"throttle_mean":0.4302,"throttle_min":0.0464,"throttle_max":0.9221}
{"type":"train_update","update":181,"global_step":2965504,"wall_s":1820.95,"sps":1628.5,"loss":5.989973,"loss_ema":6.808205,"loss_plateau_delta":0.204558,"loss_plateau_count":0,"pg_loss":-0.000922,"v_loss":11.98179,"entropy":2.092229,"approx_kl":0.002551,"clipfrac":0.0011,"reward_mean":-1.0745,"reward_std":0.8138,"reward_min":-6.2354,"reward_max":5.011,"reward_scale":0.05,"throttle_mean":0.4234,"throttle_min":0.041,"throttle_max":0.927}
{"type":"train_update","update":182,"global_step":2981888,"wall_s":1828.51,"sps":1630.8,"loss":6.320885,"loss_ema":6.710741,"loss_plateau_delta":0.097464,"loss_plateau_count":0,"pg_loss":-0.000237,"v_loss":12.642244,"entropy":2.092227,"approx_kl":0.000856,"clipfrac":0.0,"reward_mean":-1.0811,"reward_std":0.8117,"reward_min":-6.422,"reward_max":4.759,"reward_scale":0.05,"throttle_mean":0.4141,"throttle_min":0.0342,"throttle_max":0.9258}
{"type":"train_update","update":183,"global_step":2998272,"wall_s":1835.44,"sps":1633.5,"loss":6.206299,"loss_ema":6.609852,"loss_plateau_delta":0.100888,"loss_plateau_count":0,"pg_loss":-0.000711,"v_loss":12.41402,"entropy":2.092357,"approx_kl":0.001721,"clipfrac":0.0002,"reward_mean":-1.0798,"reward_std":0.8166,"reward_min":-6.1623,"reward_max":5.153,"reward_scale":0.05,"throttle_mean":0.4134,"throttle_min":0.0233,"throttle_max":0.9271}
{"type":"train_update","update":184,"global_step":3014656,"wall_s":1842.42,"sps":1636.2,"loss":6.274274,"loss_ema":6.542737,"loss_plateau_delta":0.067116,"loss_plateau_count":0,"pg_loss":-0.000705,"v_loss":12.549957,"entropy":2.092375,"approx_kl":0.001736,"clipfrac":0.0002,"reward_mean":-1.1017,"reward_std":0.8203,"reward_min":-6.2489,"reward_max":4.7235,"reward_scale":0.05,"throttle_mean":0.4106,"throttle_min":0.0282,"throttle_max":0.9526}
step=3,014,656 reward_mean=-1.102 kl=0.00174 clipfrac=0.000 eval={'landed_fraction': 0.0, 'crashed_fraction': 0.0, 'mean_touchdown_speed': nan, 'max_touchdown_speed': nan, 'mean_pad_distance': nan, 'max_pad_distance': nan, 'mean_delta_v_proxy': 3.7452359199523926, 'mean_eval_throttle': 0.39340276797612506, 'max_eval_throttle': 0.5307788848876953, 'max_upward_speed': 2.28572940826416, 'max_downward_speed': 14.141958236694336, 'passed': False}
{"type":"train_update","update":185,"global_step":3031040,"wall_s":1896.08,"sps":1598.6,"loss":8.903749,"loss_ema":7.014939,"loss_plateau_delta":0.472203,"loss_plateau_count":0,"pg_loss":-0.000297,"v_loss":17.808093,"entropy":2.092577,"approx_kl":0.000894,"clipfrac":0.0,"reward_mean":-1.1349,"reward_std":0.7124,"reward_min":-6.3108,"reward_max":4.4687,"reward_scale":0.05,"throttle_mean":0.3987,"throttle_min":0.0351,"throttle_max":0.9262}
{"type":"train_update","update":186,"global_step":3047424,"wall_s":1903.74,"sps":1600.8,"loss":6.402463,"loss_ema":6.892444,"loss_plateau_delta":0.122495,"loss_plateau_count":0,"pg_loss":-0.000104,"v_loss":12.805133,"entropy":2.092693,"approx_kl":0.000187,"clipfrac":0.0,"reward_mean":-1.0855,"reward_std":0.8243,"reward_min":-6.115,"reward_max":4.7031,"reward_scale":0.05,"throttle_mean":0.3954,"throttle_min":0.0255,"throttle_max":0.9132}
{"type":"train_update","update":187,"global_step":3063808,"wall_s":1910.19,"sps":1603.9,"loss":6.092256,"loss_ema":6.732406,"loss_plateau_delta":0.160038,"loss_plateau_count":0,"pg_loss":-0.000163,"v_loss":12.184838,"entropy":2.092775,"approx_kl":0.000425,"clipfrac":0.0,"reward_mean":-1.104,"reward_std":0.8309,"reward_min":-6.0809,"reward_max":4.9419,"reward_scale":0.05,"throttle_mean":0.396,"throttle_min":0.0382,"throttle_max":0.925}
{"type":"train_update","update":188,"global_step":3080192,"wall_s":1916.67,"sps":1607.1,"loss":6.157459,"loss_ema":6.617417,"loss_plateau_delta":0.11499,"loss_plateau_count":0,"pg_loss":-0.000731,"v_loss":12.31638,"entropy":2.092846,"approx_kl":0.001939,"clipfrac":0.0003,"reward_mean":-1.1163,"reward_std":0.8177,"reward_min":-6.2727,"reward_max":4.5141,"reward_scale":0.05,"throttle_mean":0.3935,"throttle_min":0.0338,"throttle_max":0.9273}
{"type":"train_update","update":189,"global_step":3096576,"wall_s":1924.64,"sps":1608.9,"loss":5.870245,"loss_ema":6.467983,"loss_plateau_delta":0.149434,"loss_plateau_count":0,"pg_loss":-0.000462,"v_loss":11.741414,"entropy":2.09269,"approx_kl":0.001126,"clipfrac":0.0,"reward_mean":-1.1137,"reward_std":0.8084,"reward_min":-6.1123,"reward_max":4.6885,"reward_scale":0.05,"throttle_mean":0.3869,"throttle_min":0.0248,"throttle_max":0.9557}
{"type":"train_update","update":190,"global_step":3112960,"wall_s":1931.37,"sps":1611.8,"loss":5.745489,"loss_ema":6.323484,"loss_plateau_delta":0.144499,"loss_plateau_count":0,"pg_loss":-0.000829,"v_loss":11.492637,"entropy":2.092967,"approx_kl":0.002535,"clipfrac":0.0011,"reward_mean":-1.1014,"reward_std":0.8154,"reward_min":-6.2916,"reward_max":4.8,"reward_scale":0.05,"throttle_mean":0.3899,"throttle_min":0.025,"throttle_max":0.9154}
{"type":"train_update","update":191,"global_step":3129344,"wall_s":1938.32,"sps":1614.5,"loss":5.767279,"loss_ema":6.212243,"loss_plateau_delta":0.111241,"loss_plateau_count":0,"pg_loss":-0.000637,"v_loss":11.535833,"entropy":2.093341,"approx_kl":0.002625,"clipfrac":0.0016,"reward_mean":-1.1077,"reward_std":0.8172,"reward_min":-6.1145,"reward_max":4.6893,"reward_scale":0.05,"throttle_mean":0.3855,"throttle_min":0.0307,"throttle_max":0.9252}
{"type":"train_update","update":192,"global_step":3145728,"wall_s":1945.3,"sps":1617.1,"loss":5.45632,"loss_ema":6.061058,"loss_plateau_delta":0.151185,"loss_plateau_count":0,"pg_loss":-0.000406,"v_loss":10.91345,"entropy":2.093307,"approx_kl":0.001063,"clipfrac":0.0,"reward_mean":-1.1063,"reward_std":0.8244,"reward_min":-5.9797,"reward_max":4.6146,"reward_scale":0.05,"throttle_mean":0.3794,"throttle_min":0.0216,"throttle_max":0.9201}
{"type":"train_update","update":193,"global_step":3162112,"wall_s":1952.64,"sps":1619.4,"loss":5.930697,"loss_ema":6.034986,"loss_plateau_delta":0.026072,"loss_plateau_count":0,"pg_loss":-0.000702,"v_loss":11.862799,"entropy":2.093261,"approx_kl":0.001992,"clipfrac":0.0006,"reward_mean":-1.1051,"reward_std":0.8159,"reward_min":-6.1736,"reward_max":4.7779,"reward_scale":0.05,"throttle_mean":0.3779,"throttle_min":0.0166,"throttle_max":0.9073}
{"type":"train_update","update":194,"global_step":3178496,"wall_s":1959.32,"sps":1622.2,"loss":5.360685,"loss_ema":5.900126,"loss_plateau_delta":0.13486,"loss_plateau_count":0,"pg_loss":-0.000287,"v_loss":10.721944,"entropy":2.093303,"approx_kl":0.000585,"clipfrac":0.0,"reward_mean":-1.0973,"reward_std":0.819,"reward_min":-6.0857,"reward_max":4.7579,"reward_scale":0.05,"throttle_mean":0.3762,"throttle_min":0.0239,"throttle_max":0.9479}
{"type":"train_update","update":195,"global_step":3194880,"wall_s":1965.6,"sps":1625.4,"loss":5.265606,"loss_ema":5.773222,"loss_plateau_delta":0.126904,"loss_plateau_count":0,"pg_loss":-0.000586,"v_loss":10.532384,"entropy":2.093068,"approx_kl":0.001319,"clipfrac":0.0002,"reward_mean":-1.0873,"reward_std":0.8251,"reward_min":-6.1401,"reward_max":4.8124,"reward_scale":0.05,"throttle_mean":0.3736,"throttle_min":0.0223,"throttle_max":0.9532}
{"type":"train_update","update":196,"global_step":3211264,"wall_s":1973.82,"sps":1626.9,"loss":5.427779,"loss_ema":5.704133,"loss_plateau_delta":0.069089,"loss_plateau_count":0,"pg_loss":-8.9e-05,"v_loss":10.855736,"entropy":2.092706,"approx_kl":0.000619,"clipfrac":0.0,"reward_mean":-1.0694,"reward_std":0.8238,"reward_min":-6.1783,"reward_max":4.8567,"reward_scale":0.05,"throttle_mean":0.3723,"throttle_min":0.0232,"throttle_max":0.9066}
{"type":"train_update","update":197,"global_step":3227648,"wall_s":1980.18,"sps":1630.0,"loss":5.143449,"loss_ema":5.591996,"loss_plateau_delta":0.112137,"loss_plateau_count":0,"pg_loss":-0.000195,"v_loss":10.287288,"entropy":2.092557,"approx_kl":0.000674,"clipfrac":0.0,"reward_mean":-1.0705,"reward_std":0.8199,"reward_min":-6.0476,"reward_max":4.7839,"reward_scale":0.05,"throttle_mean":0.3682,"throttle_min":0.025,"throttle_max":0.9195}
{"type":"train_update","update":198,"global_step":3244032,"wall_s":1986.72,"sps":1632.9,"loss":5.110531,"loss_ema":5.495703,"loss_plateau_delta":0.096293,"loss_plateau_count":0,"pg_loss":-0.000613,"v_loss":10.222288,"entropy":2.092632,"approx_kl":0.001582,"clipfrac":0.0001,"reward_mean":-1.072,"reward_std":0.8225,"reward_min":-6.0508,"reward_max":4.6942,"reward_scale":0.05,"throttle_mean":0.3661,"throttle_min":0.0335,"throttle_max":0.9469}
{"type":"train_update","update":199,"global_step":3260416,"wall_s":1993.93,"sps":1635.2,"loss":5.157847,"loss_ema":5.428132,"loss_plateau_delta":0.067571,"loss_plateau_count":0,"pg_loss":-0.000204,"v_loss":10.316103,"entropy":2.092867,"approx_kl":0.000457,"clipfrac":0.0,"reward_mean":-1.0762,"reward_std":0.8305,"reward_min":-6.0874,"reward_max":4.9717,"reward_scale":0.05,"throttle_mean":0.3673,"throttle_min":0.0228,"throttle_max":0.9162}
step=3,260,416 reward_mean=-1.076 kl=0.00046 clipfrac=0.000 eval={'landed_fraction': 0.0, 'crashed_fraction': 0.0, 'mean_touchdown_speed': nan, 'max_touchdown_speed': nan, 'mean_pad_distance': nan, 'max_pad_distance': nan, 'mean_delta_v_proxy': 2.889051914215088, 'mean_eval_throttle': 0.34900616059700645, 'max_eval_throttle': 0.541151225566864, 'max_upward_speed': 2.294797897338867, 'max_downward_speed': 14.462093353271484, 'passed': False}
{"type":"train_update","update":200,"global_step":3276800,"wall_s":2048.16,"sps":1599.9,"loss":7.453558,"loss_ema":5.833217,"loss_plateau_delta":0.405085,"loss_plateau_count":0,"pg_loss":-0.000183,"v_loss":14.907482,"entropy":2.092886,"approx_kl":0.000317,"clipfrac":0.0,"reward_mean":-1.1124,"reward_std":0.715,"reward_min":-6.0301,"reward_max":4.8363,"reward_scale":0.05,"throttle_mean":0.3566,"throttle_min":0.0238,"throttle_max":0.9228}
{"type":"train_update","update":201,"global_step":3293184,"wall_s":2054.88,"sps":1602.6,"loss":5.017262,"loss_ema":5.670026,"loss_plateau_delta":0.163191,"loss_plateau_count":0,"pg_loss":-0.000217,"v_loss":10.034958,"entropy":2.092876,"approx_kl":0.000453,"clipfrac":0.0,"reward_mean":-1.0359,"reward_std":0.8319,"reward_min":-6.1815,"reward_max":4.9632,"reward_scale":0.05,"throttle_mean":0.3639,"throttle_min":0.0269,"throttle_max":0.9483}
{"type":"train_update","update":202,"global_step":3309568,"wall_s":2060.98,"sps":1605.8,"loss":5.06992,"loss_ema":5.550005,"loss_plateau_delta":0.120021,"loss_plateau_count":0,"pg_loss":-0.001063,"v_loss":10.141966,"entropy":2.093025,"approx_kl":0.003308,"clipfrac":0.0034,"reward_mean":-1.0607,"reward_std":0.8293,"reward_min":-6.0498,"reward_max":4.7048,"reward_scale":0.05,"throttle_mean":0.3634,"throttle_min":0.0277,"throttle_max":0.936}
{"type":"train_update","update":203,"global_step":3325952,"wall_s":2069.03,"sps":1607.5,"loss":4.634399,"loss_ema":5.366884,"loss_plateau_delta":0.183121,"loss_plateau_count":0,"pg_loss":-0.000568,"v_loss":9.269933,"entropy":2.093116,"approx_kl":0.001914,"clipfrac":0.0004,"reward_mean":-1.0596,"reward_std":0.819,"reward_min":-6.0772,"reward_max":5.0459,"reward_scale":0.05,"throttle_mean":0.3516,"throttle_min":0.0315,"throttle_max":0.9108}
{"type":"train_update","update":204,"global_step":3342336,"wall_s":2075.4,"sps":1610.5,"loss":4.650147,"loss_ema":5.223536,"loss_plateau_delta":0.143347,"loss_plateau_count":0,"pg_loss":-0.000797,"v_loss":9.301888,"entropy":2.09328,"approx_kl":0.002997,"clipfrac":0.0026,"reward_mean":-1.054,"reward_std":0.8265,"reward_min":-6.2948,"reward_max":5.0669,"reward_scale":0.05,"throttle_mean":0.3501,"throttle_min":0.0191,"throttle_max":0.905}
{"type":"train_update","update":205,"global_step":3358720,"wall_s":2081.96,"sps":1613.2,"loss":4.496316,"loss_ema":5.078092,"loss_plateau_delta":0.145444,"loss_plateau_count":0,"pg_loss":-0.000397,"v_loss":8.993427,"entropy":2.093171,"approx_kl":0.000955,"clipfrac":0.0,"reward_mean":-1.0523,"reward_std":0.825,"reward_min":-5.9927,"reward_max":5.0437,"reward_scale":0.05,"throttle_mean":0.3443,"throttle_min":0.0143,"throttle_max":0.9223}
{"type":"train_update","update":206,"global_step":3375104,"wall_s":2089.25,"sps":1615.5,"loss":4.788925,"loss_ema":5.020259,"loss_plateau_delta":0.057834,"loss_plateau_count":0,"pg_loss":-0.000702,"v_loss":9.579254,"entropy":2.09265,"approx_kl":0.002993,"clipfrac":0.0021,"reward_mean":-1.0693,"reward_std":0.8271,"reward_min":-6.4179,"reward_max":4.8542,"reward_scale":0.05,"throttle_mean":0.3412,"throttle_min":0.015,"throttle_max":0.9076}
{"type":"train_update","update":207,"global_step":3391488,"wall_s":2096.08,"sps":1618.0,"loss":4.437054,"loss_ema":4.903618,"loss_plateau_delta":0.116641,"loss_plateau_count":0,"pg_loss":-0.000479,"v_loss":8.875066,"entropy":2.092522,"approx_kl":0.00182,"clipfrac":0.0004,"reward_mean":-1.0565,"reward_std":0.8294,"reward_min":-6.1409,"reward_max":4.8122,"reward_scale":0.05,"throttle_mean":0.3328,"throttle_min":0.022,"throttle_max":0.9204}
{"type":"train_update","update":208,"global_step":3407872,"wall_s":2102.81,"sps":1620.6,"loss":4.317125,"loss_ema":4.786319,"loss_plateau_delta":0.117299,"loss_plateau_count":0,"pg_loss":-0.000678,"v_loss":8.635606,"entropy":2.092696,"approx_kl":0.002884,"clipfrac":0.0034,"reward_mean":-1.047,"reward_std":0.8333,"reward_min":-6.0471,"reward_max":4.8649,"reward_scale":0.05,"throttle_mean":0.3289,"throttle_min":0.0255,"throttle_max":0.9075}
{"type":"train_update","update":209,"global_step":3424256,"wall_s":2109.2,"sps":1623.5,"loss":4.213525,"loss_ema":4.67176,"loss_plateau_delta":0.114559,"loss_plateau_count":0,"pg_loss":-0.000124,"v_loss":8.427299,"entropy":2.092749,"approx_kl":0.000669,"clipfrac":0.0,"reward_mean":-1.0415,"reward_std":0.8278,"reward_min":-6.2432,"reward_max":4.7111,"reward_scale":0.05,"throttle_mean":0.3229,"throttle_min":0.021,"throttle_max":0.914}
{"type":"train_update","update":210,"global_step":3440640,"wall_s":2116.86,"sps":1625.4,"loss":4.152293,"loss_ema":4.567867,"loss_plateau_delta":0.103893,"loss_plateau_count":0,"pg_loss":-0.000169,"v_loss":8.304925,"entropy":2.092644,"approx_kl":0.000411,"clipfrac":0.0,"reward_mean":-1.0496,"reward_std":0.834,"reward_min":-6.0557,"reward_max":4.6249,"reward_scale":0.05,"throttle_mean":0.3262,"throttle_min":0.0195,"throttle_max":0.9261}
{"type":"train_update","update":211,"global_step":3457024,"wall_s":2123.64,"sps":1627.9,"loss":4.047988,"loss_ema":4.463891,"loss_plateau_delta":0.103976,"loss_plateau_count":0,"pg_loss":-0.000662,"v_loss":8.097299,"entropy":2.092343,"approx_kl":0.00322,"clipfrac":0.0034,"reward_mean":-1.0504,"reward_std":0.8298,"reward_min":-6.065,"reward_max":5.0655,"reward_scale":0.05,"throttle_mean":0.3305,"throttle_min":0.0247,"throttle_max":0.9095}
{"type":"train_update","update":212,"global_step":3473408,"wall_s":2130.03,"sps":1630.7,"loss":4.165173,"loss_ema":4.404147,"loss_plateau_delta":0.059744,"loss_plateau_count":0,"pg_loss":-0.000655,"v_loss":8.331655,"entropy":2.092389,"approx_kl":0.002096,"clipfrac":0.0005,"reward_mean":-1.0631,"reward_std":0.8259,"reward_min":-6.2371,"reward_max":4.6484,"reward_scale":0.05,"throttle_mean":0.3357,"throttle_min":0.0186,"throttle_max":0.9404}
{"type":"train_update","update":213,"global_step":3489792,"wall_s":2138.0,"sps":1632.3,"loss":4.232967,"loss_ema":4.369911,"loss_plateau_delta":0.034236,"loss_plateau_count":0,"pg_loss":-0.000485,"v_loss":8.466905,"entropy":2.092697,"approx_kl":0.001633,"clipfrac":0.0003,"reward_mean":-1.0515,"reward_std":0.8307,"reward_min":-6.103,"reward_max":4.7692,"reward_scale":0.05,"throttle_mean":0.3297,"throttle_min":0.0232,"throttle_max":0.9111}
{"type":"train_update","update":214,"global_step":3506176,"wall_s":2144.56,"sps":1634.9,"loss":3.95356,"loss_ema":4.286641,"loss_plateau_delta":0.08327,"loss_plateau_count":0,"pg_loss":-0.000723,"v_loss":7.908566,"entropy":2.093109,"approx_kl":0.002809,"clipfrac":0.0014,"reward_mean":-1.0464,"reward_std":0.8255,"reward_min":-6.2938,"reward_max":4.8496,"reward_scale":0.05,"throttle_mean":0.3279,"throttle_min":0.0163,"throttle_max":0.9219}
step=3,506,176 reward_mean=-1.046 kl=0.00281 clipfrac=0.001 eval={'landed_fraction': 0.0, 'crashed_fraction': 0.0, 'mean_touchdown_speed': nan, 'max_touchdown_speed': nan, 'mean_pad_distance': nan, 'max_pad_distance': nan, 'mean_delta_v_proxy': 2.2119739055633545, 'mean_eval_throttle': 0.30729101217455335, 'max_eval_throttle': 0.55849289894104, 'max_upward_speed': 2.3732218742370605, 'max_downward_speed': 14.690342903137207, 'passed': False}
{"type":"train_update","update":215,"global_step":3522560,"wall_s":2198.93,"sps":1601.9,"loss":6.18345,"loss_ema":4.666003,"loss_plateau_delta":0.379362,"loss_plateau_count":0,"pg_loss":-0.000706,"v_loss":12.368313,"entropy":2.0931,"approx_kl":0.001939,"clipfrac":0.0003,"reward_mean":-1.0965,"reward_std":0.7076,"reward_min":-6.1383,"reward_max":4.9968,"reward_scale":0.05,"throttle_mean":0.3129,"throttle_min":0.0211,"throttle_max":0.9126}
{"type":"train_update","update":216,"global_step":3538944,"wall_s":2205.64,"sps":1604.5,"loss":4.827887,"loss_ema":4.69838,"loss_plateau_delta":0.032377,"loss_plateau_count":0,"pg_loss":-0.000221,"v_loss":9.656216,"entropy":2.093108,"approx_kl":0.000704,"clipfrac":0.0,"reward_mean":-1.0499,"reward_std":0.8255,"reward_min":-6.0528,"reward_max":4.7212,"reward_scale":0.05,"throttle_mean":0.3216,"throttle_min":0.0192,"throttle_max":0.9427}
{"type":"train_update","update":217,"global_step":3555328,"wall_s":2213.18,"sps":1606.4,"loss":4.679307,"loss_ema":4.694565,"loss_plateau_delta":0.003815,"loss_plateau_count":1,"pg_loss":-0.000212,"v_loss":9.359038,"entropy":2.09313,"approx_kl":0.000604,"clipfrac":0.0,"reward_mean":-1.0591,"reward_std":0.8308,"reward_min":-6.0778,"reward_max":4.9687,"reward_scale":0.05,"throttle_mean":0.3183,"throttle_min":0.0131,"throttle_max":0.9127}
{"type":"train_update","update":218,"global_step":3571712,"wall_s":2219.58,"sps":1609.2,"loss":4.225697,"loss_ema":4.600791,"loss_plateau_delta":0.093774,"loss_plateau_count":0,"pg_loss":-0.000939,"v_loss":8.453271,"entropy":2.093317,"approx_kl":0.003428,"clipfrac":0.0058,"reward_mean":-1.0617,"reward_std":0.8389,"reward_min":-6.2104,"reward_max":4.8573,"reward_scale":0.05,"throttle_mean":0.3162,"throttle_min":0.0146,"throttle_max":0.904}
{"type":"train_update","update":219,"global_step":3588096,"wall_s":2226.05,"sps":1611.9,"loss":3.537538,"loss_ema":4.388141,"loss_plateau_delta":0.212651,"loss_plateau_count":0,"pg_loss":-0.000833,"v_loss":7.076742,"entropy":2.093237,"approx_kl":0.003866,"clipfrac":0.0067,"reward_mean":-1.0325,"reward_std":0.8317,"reward_min":-6.1372,"reward_max":4.6099,"reward_scale":0.05,"throttle_mean":0.3065,"throttle_min":0.0202,"throttle_max":0.9205}
{"type":"train_update","update":220,"global_step":3604480,"wall_s":2234.34,"sps":1613.2,"loss":3.854778,"loss_ema":4.281468,"loss_plateau_delta":0.106673,"loss_plateau_count":0,"pg_loss":-0.000163,"v_loss":7.70988,"entropy":2.093093,"approx_kl":0.000282,"clipfrac":0.0,"reward_mean":-1.0338,"reward_std":0.8418,"reward_min":-6.3044,"reward_max":5.0188,"reward_scale":0.05,"throttle_mean":0.2986,"throttle_min":0.0132,"throttle_max":0.9061}
{"type":"train_update","update":221,"global_step":3620864,"wall_s":2240.92,"sps":1615.8,"loss":3.807531,"loss_ema":4.186681,"loss_plateau_delta":0.094787,"loss_plateau_count":0,"pg_loss":-0.000696,"v_loss":7.616456,"entropy":2.09288,"approx_kl":0.002347,"clipfrac":0.0009,"reward_mean":-1.0542,"reward_std":0.8364,"reward_min":-6.2266,"reward_max":4.7294,"reward_scale":0.05,"throttle_mean":0.2991,"throttle_min":0.0168,"throttle_max":0.9356}
{"type":"train_update","update":222,"global_step":3637248,"wall_s":2247.81,"sps":1618.1,"loss":3.560781,"loss_ema":4.061501,"loss_plateau_delta":0.12518,"loss_plateau_count":0,"pg_loss":-0.00037,"v_loss":7.122301,"entropy":2.092591,"approx_kl":0.001229,"clipfrac":0.0001,"reward_mean":-1.0588,"reward_std":0.8327,"reward_min":-6.2377,"reward_max":4.9256,"reward_scale":0.05,"throttle_mean":0.2969,"throttle_min":0.0171,"throttle_max":0.9293}
{"type":"train_update","update":223,"global_step":3653632,"wall_s":2255.18,"sps":1620.1,"loss":3.896879,"loss_ema":4.028576,"loss_plateau_delta":0.032924,"loss_plateau_count":0,"pg_loss":-0.000419,"v_loss":7.794596,"entropy":2.092637,"approx_kl":0.001735,"clipfrac":0.0006,"reward_mean":-1.0589,"reward_std":0.8404,"reward_min":-6.1227,"reward_max":5.0626,"reward_scale":0.05,"throttle_mean":0.2927,"throttle_min":0.0174,"throttle_max":0.9406}
{"type":"train_update","update":224,"global_step":3670016,"wall_s":2262.47,"sps":1622.1,"loss":3.361928,"loss_ema":3.895247,"loss_plateau_delta":0.13333,"loss_plateau_count":0,"pg_loss":-0.000794,"v_loss":6.725444,"entropy":2.092638,"approx_kl":0.003389,"clipfrac":0.0061,"reward_mean":-1.0361,"reward_std":0.8319,"reward_min":-6.1366,"reward_max":5.0876,"reward_scale":0.05,"throttle_mean":0.2903,"throttle_min":0.0212,"throttle_max":0.9401}
{"type":"train_update","update":225,"global_step":3686400,"wall_s":2269.49,"sps":1624.3,"loss":3.27516,"loss_ema":3.771229,"loss_plateau_delta":0.124017,"loss_plateau_count":0,"pg_loss":-0.000363,"v_loss":6.551045,"entropy":2.092065,"approx_kl":0.001568,"clipfrac":0.0002,"reward_mean":-1.0207,"reward_std":0.8445,"reward_min":-6.0587,"reward_max":4.9148,"reward_scale":0.05,"throttle_mean":0.2843,"throttle_min":0.0201,"throttle_max":0.8924}
{"type":"train_update","update":226,"global_step":3702784,"wall_s":2275.91,"sps":1626.9,"loss":3.548456,"loss_ema":3.726675,"loss_plateau_delta":0.044555,"loss_plateau_count":0,"pg_loss":-0.000523,"v_loss":7.097959,"entropy":2.091222,"approx_kl":0.001719,"clipfrac":0.0005,"reward_mean":-1.0393,"reward_std":0.8357,"reward_min":-6.1094,"reward_max":4.7795,"reward_scale":0.05,"throttle_mean":0.2869,"throttle_min":0.0188,"throttle_max":0.9335}
{"type":"train_update","update":227,"global_step":3719168,"wall_s":2284.0,"sps":1628.4,"loss":3.620727,"loss_ema":3.705485,"loss_plateau_delta":0.02119,"loss_plateau_count":0,"pg_loss":-0.001086,"v_loss":7.243625,"entropy":2.090857,"approx_kl":0.003475,"clipfrac":0.0081,"reward_mean":-1.0397,"reward_std":0.838,"reward_min":-6.0554,"reward_max":4.9343,"reward_scale":0.05,"throttle_mean":0.2883,"throttle_min":0.0176,"throttle_max":0.9113}
{"type":"train_update","update":228,"global_step":3735552,"wall_s":2290.35,"sps":1631.0,"loss":3.223341,"loss_ema":3.609056,"loss_plateau_delta":0.096429,"loss_plateau_count":0,"pg_loss":-0.000617,"v_loss":6.447916,"entropy":2.09084,"approx_kl":0.00316,"clipfrac":0.0029,"reward_mean":-1.0267,"reward_std":0.8451,"reward_min":-6.4074,"reward_max":4.8783,"reward_scale":0.05,"throttle_mean":0.2846,"throttle_min":0.0197,"throttle_max":0.9079}
{"type":"train_update","update":229,"global_step":3751936,"wall_s":2296.86,"sps":1633.5,"loss":3.384081,"loss_ema":3.564061,"loss_plateau_delta":0.044995,"loss_plateau_count":0,"pg_loss":-0.000421,"v_loss":6.769005,"entropy":2.090958,"approx_kl":0.001372,"clipfrac":0.0001,"reward_mean":-1.0567,"reward_std":0.8365,"reward_min":-6.1626,"reward_max":5.0323,"reward_scale":0.05,"throttle_mean":0.2791,"throttle_min":0.0136,"throttle_max":0.961}
step=3,751,936 reward_mean=-1.057 kl=0.00137 clipfrac=0.000 eval={'landed_fraction': 0.0, 'crashed_fraction': 0.0, 'mean_touchdown_speed': nan, 'max_touchdown_speed': nan, 'mean_pad_distance': nan, 'max_pad_distance': nan, 'mean_delta_v_proxy': 1.6376030445098877, 'mean_eval_throttle': 0.26362720971306164, 'max_eval_throttle': 0.5608884692192078, 'max_upward_speed': 2.4124252796173096, 'max_downward_speed': 14.918283462524414, 'passed': False}
{"type":"train_update","update":230,"global_step":3768320,"wall_s":2351.8,"sps":1602.3,"loss":5.12006,"loss_ema":3.875261,"loss_plateau_delta":0.3112,"loss_plateau_count":0,"pg_loss":-0.000536,"v_loss":10.241191,"entropy":2.090826,"approx_kl":0.001397,"clipfrac":0.0001,"reward_mean":-1.1033,"reward_std":0.7163,"reward_min":-6.1003,"reward_max":4.8233,"reward_scale":0.05,"throttle_mean":0.2716,"throttle_min":0.0157,"throttle_max":0.9229}
{"type":"train_update","update":231,"global_step":3784704,"wall_s":2358.33,"sps":1604.8,"loss":3.418823,"loss_ema":3.783973,"loss_plateau_delta":0.091288,"loss_plateau_count":0,"pg_loss":-0.001061,"v_loss":6.839767,"entropy":2.090531,"approx_kl":0.002538,"clipfrac":0.0029,"reward_mean":-1.0304,"reward_std":0.842,"reward_min":-6.169,"reward_max":4.7121,"reward_scale":0.05,"throttle_mean":0.2842,"throttle_min":0.0128,"throttle_max":0.9098}
{"type":"train_update","update":232,"global_step":3801088,"wall_s":2364.98,"sps":1607.2,"loss":3.516814,"loss_ema":3.730541,"loss_plateau_delta":0.053432,"loss_plateau_count":0,"pg_loss":-0.000185,"v_loss":7.033998,"entropy":2.090499,"approx_kl":0.000913,"clipfrac":0.0,"reward_mean":-1.0552,"reward_std":0.8425,"reward_min":-6.2306,"reward_max":5.0293,"reward_scale":0.05,"throttle_mean":0.2786,"throttle_min":0.0139,"throttle_max":0.9308}
{"type":"train_update","update":233,"global_step":3817472,"wall_s":2371.82,"sps":1609.5,"loss":3.22462,"loss_ema":3.629357,"loss_plateau_delta":0.101184,"loss_plateau_count":0,"pg_loss":-0.000667,"v_loss":6.450574,"entropy":2.090638,"approx_kl":0.003677,"clipfrac":0.0064,"reward_mean":-1.045,"reward_std":0.8396,"reward_min":-6.3119,"reward_max":4.8761,"reward_scale":0.05,"throttle_mean":0.276,"throttle_min":0.0155,"throttle_max":0.9033}
{"type":"train_update","update":234,"global_step":3833856,"wall_s":2379.41,"sps":1611.3,"loss":3.14332,"loss_ema":3.53215,"loss_plateau_delta":0.097207,"loss_plateau_count":0,"pg_loss":-0.000293,"v_loss":6.287226,"entropy":2.090607,"approx_kl":0.001565,"clipfrac":0.0002,"reward_mean":-1.0465,"reward_std":0.8408,"reward_min":-6.0443,"reward_max":4.968,"reward_scale":0.05,"throttle_mean":0.2664,"throttle_min":0.0122,"throttle_max":0.9102}
{"type":"train_update","update":235,"global_step":3850240,"wall_s":2385.95,"sps":1613.7,"loss":3.057438,"loss_ema":3.437207,"loss_plateau_delta":0.094942,"loss_plateau_count":0,"pg_loss":-0.000277,"v_loss":6.115431,"entropy":2.090325,"approx_kl":0.001551,"clipfrac":0.0001,"reward_mean":-1.0413,"reward_std":0.8424,"reward_min":-6.1946,"reward_max":4.9578,"reward_scale":0.05,"throttle_mean":0.2632,"throttle_min":0.0105,"throttle_max":0.9394}
{"type":"train_update","update":236,"global_step":3866624,"wall_s":2392.19,"sps":1616.4,"loss":3.055792,"loss_ema":3.360924,"loss_plateau_delta":0.076283,"loss_plateau_count":0,"pg_loss":-0.000377,"v_loss":6.112338,"entropy":2.090181,"approx_kl":0.001371,"clipfrac":0.0001,"reward_mean":-1.0525,"reward_std":0.8438,"reward_min":-6.2255,"reward_max":4.8196,"reward_scale":0.05,"throttle_mean":0.2642,"throttle_min":0.0133,"throttle_max":0.9009}
{"type":"train_update","update":237,"global_step":3883008,"wall_s":2400.1,"sps":1617.9,"loss":3.104793,"loss_ema":3.309698,"loss_plateau_delta":0.051226,"loss_plateau_count":0,"pg_loss":-0.00055,"v_loss":6.210686,"entropy":2.090346,"approx_kl":0.002601,"clipfrac":0.0019,"reward_mean":-1.0368,"reward_std":0.8391,"reward_min":-6.0968,"reward_max":4.9589,"reward_scale":0.05,"throttle_mean":0.2648,"throttle_min":0.0116,"throttle_max":0.9315}
{"type":"train_update","update":238,"global_step":3899392,"wall_s":2406.5,"sps":1620.4,"loss":3.02449,"loss_ema":3.252656,"loss_plateau_delta":0.057042,"loss_plateau_count":0,"pg_loss":-0.000504,"v_loss":6.049987,"entropy":2.089881,"approx_kl":0.002856,"clipfrac":0.0028,"reward_mean":-1.0388,"reward_std":0.8406,"reward_min":-6.1434,"reward_max":5.0163,"reward_scale":0.05,"throttle_mean":0.2676,"throttle_min":0.009,"throttle_max":0.911}
{"type":"train_update","update":239,"global_step":3915776,"wall_s":2413.12,"sps":1622.7,"loss":3.048191,"loss_ema":3.211763,"loss_plateau_delta":0.040893,"loss_plateau_count":0,"pg_loss":-0.000363,"v_loss":6.097108,"entropy":2.089594,"approx_kl":0.001728,"clipfrac":0.0003,"reward_mean":-1.0487,"reward_std":0.84,"reward_min":-6.4074,"reward_max":4.7817,"reward_scale":0.05,"throttle_mean":0.2751,"throttle_min":0.0152,"throttle_max":0.918}
{"type":"train_update","update":240,"global_step":3932160,"wall_s":2420.09,"sps":1624.8,"loss":3.051768,"loss_ema":3.179764,"loss_plateau_delta":0.031999,"loss_plateau_count":0,"pg_loss":-0.000555,"v_loss":6.104647,"entropy":2.089395,"approx_kl":0.002424,"clipfrac":0.0013,"reward_mean":-1.0308,"reward_std":0.8385,"reward_min":-6.0263,"reward_max":4.7671,"reward_scale":0.05,"throttle_mean":0.2757,"throttle_min":0.0113,"throttle_max":0.9331}
{"type":"train_update","update":241,"global_step":3948544,"wall_s":2427.27,"sps":1626.7,"loss":2.899057,"loss_ema":3.123623,"loss_plateau_delta":0.056141,"loss_plateau_count":0,"pg_loss":-0.000676,"v_loss":5.799468,"entropy":2.08922,"approx_kl":0.001898,"clipfrac":0.0004,"reward_mean":-1.0368,"reward_std":0.8464,"reward_min":-6.2544,"reward_max":4.7815,"reward_scale":0.05,"throttle_mean":0.2705,"throttle_min":0.0152,"throttle_max":0.9071}
{"type":"train_update","update":242,"global_step":3964928,"wall_s":2433.85,"sps":1629.1,"loss":2.851351,"loss_ema":3.069169,"loss_plateau_delta":0.054454,"loss_plateau_count":0,"pg_loss":-0.000754,"v_loss":5.704211,"entropy":2.089134,"approx_kl":0.003002,"clipfrac":0.0055,"reward_mean":-1.032,"reward_std":0.833,"reward_min":-6.1141,"reward_max":4.825,"reward_scale":0.05,"throttle_mean":0.2697,"throttle_min":0.0125,"throttle_max":0.9436}
{"type":"train_update","update":243,"global_step":3981312,"wall_s":2439.99,"sps":1631.7,"loss":2.923068,"loss_ema":3.039949,"loss_plateau_delta":0.02922,"loss_plateau_count":0,"pg_loss":-0.00042,"v_loss":5.846976,"entropy":2.089022,"approx_kl":0.001327,"clipfrac":0.0001,"reward_mean":-1.0325,"reward_std":0.8424,"reward_min":-6.1624,"reward_max":4.896,"reward_scale":0.05,"throttle_mean":0.2619,"throttle_min":0.0134,"throttle_max":0.9064}
{"type":"train_update","update":244,"global_step":3997696,"wall_s":2448.09,"sps":1633.0,"loss":2.877744,"loss_ema":3.007508,"loss_plateau_delta":0.032441,"loss_plateau_count":0,"pg_loss":-0.000694,"v_loss":5.756876,"entropy":2.089016,"approx_kl":0.003458,"clipfrac":0.0053,"reward_mean":-1.0411,"reward_std":0.8341,"reward_min":-6.1266,"reward_max":4.8606,"reward_scale":0.05,"throttle_mean":0.261,"throttle_min":0.0161,"throttle_max":0.9205}
{"type":"train_update","update":245,"global_step":4014080,"wall_s":2454.38,"sps":1635.5,"loss":2.839335,"loss_ema":2.973873,"loss_plateau_delta":0.033634,"loss_plateau_count":0,"pg_loss":-0.000752,"v_loss":5.680175,"entropy":2.089126,"approx_kl":0.002894,"clipfrac":0.0028,"reward_mean":-1.0394,"reward_std":0.8389,"reward_min":-6.171,"reward_max":4.7736,"reward_scale":0.05,"throttle_mean":0.2691,"throttle_min":0.0109,"throttle_max":0.9058}
step=4,014,080 reward_mean=-1.039 kl=0.00289 clipfrac=0.003 eval={'landed_fraction': 0.0, 'crashed_fraction': 0.0, 'mean_touchdown_speed': nan, 'max_touchdown_speed': nan, 'mean_pad_distance': nan, 'max_pad_distance': nan, 'mean_delta_v_proxy': 1.4122755527496338, 'mean_eval_throttle': 0.24218823335236972, 'max_eval_throttle': 0.547675371170044, 'max_upward_speed': 2.3954315185546875, 'max_downward_speed': 14.923649787902832, 'passed': False}
{"type":"train_update","update":246,"global_step":4030464,"wall_s":2509.34,"sps":1606.2,"loss":3.894007,"loss_ema":3.1579,"loss_plateau_delta":0.184027,"loss_plateau_count":0,"pg_loss":-0.000208,"v_loss":7.788431,"entropy":2.0891,"approx_kl":0.000703,"clipfrac":0.0,"reward_mean":-1.0941,"reward_std":0.7163,"reward_min":-6.072,"reward_max":4.6723,"reward_scale":0.05,"throttle_mean":0.2459,"throttle_min":0.0114,"throttle_max":0.8879}
{"type":"train_update","update":247,"global_step":4046848,"wall_s":2516.77,"sps":1608.0,"loss":3.294545,"loss_ema":3.185229,"loss_plateau_delta":0.027329,"loss_plateau_count":0,"pg_loss":-0.000515,"v_loss":6.590121,"entropy":2.089004,"approx_kl":0.001887,"clipfrac":0.0005,"reward_mean":-1.0409,"reward_std":0.8306,"reward_min":-6.3554,"reward_max":4.7242,"reward_scale":0.05,"throttle_mean":0.2631,"throttle_min":0.0168,"throttle_max":0.9295}
{"type":"train_update","update":248,"global_step":4063232,"wall_s":2523.64,"sps":1610.1,"loss":2.915439,"loss_ema":3.131271,"loss_plateau_delta":0.053958,"loss_plateau_count":0,"pg_loss":-0.000446,"v_loss":5.83177,"entropy":2.088752,"approx_kl":0.002565,"clipfrac":0.0022,"reward_mean":-1.0319,"reward_std":0.8389,"reward_min":-6.0479,"reward_max":4.8522,"reward_scale":0.05,"throttle_mean":0.2614,"throttle_min":0.0079,"throttle_max":0.9254}
{"type":"train_update","update":249,"global_step":4079616,"wall_s":2530.33,"sps":1612.3,"loss":2.76026,"loss_ema":3.057069,"loss_plateau_delta":0.074202,"loss_plateau_count":0,"pg_loss":-0.000844,"v_loss":5.522209,"entropy":2.088622,"approx_kl":0.003639,"clipfrac":0.0061,"reward_mean":-1.0302,"reward_std":0.8454,"reward_min":-6.3312,"reward_max":4.6001,"reward_scale":0.05,"throttle_mean":0.2555,"throttle_min":0.0109,"throttle_max":0.9038}
{"type":"train_update","update":250,"global_step":4096000,"wall_s":2536.76,"sps":1614.7,"loss":2.63617,"loss_ema":2.972889,"loss_plateau_delta":0.08418,"loss_plateau_count":0,"pg_loss":-0.000886,"v_loss":5.274111,"entropy":2.08884,"approx_kl":0.003631,"clipfrac":0.0099,"reward_mean":-1.0282,"reward_std":0.8418,"reward_min":-6.0508,"reward_max":4.9764,"reward_scale":0.05,"throttle_mean":0.2579,"throttle_min":0.0117,"throttle_max":0.9516}
{"type":"train_update","update":251,"global_step":4112384,"wall_s":2544.48,"sps":1616.2,"loss":2.468378,"loss_ema":2.871987,"loss_plateau_delta":0.100902,"loss_plateau_count":0,"pg_loss":-0.000558,"v_loss":4.937872,"entropy":2.089352,"approx_kl":0.002522,"clipfrac":0.002,"reward_mean":-1.0309,"reward_std":0.8435,"reward_min":-6.2121,"reward_max":4.8298,"reward_scale":0.05,"throttle_mean":0.2492,"throttle_min":0.0132,"throttle_max":0.9203}
{"type":"train_update","update":252,"global_step":4128768,"wall_s":2550.93,"sps":1618.5,"loss":2.457314,"loss_ema":2.789052,"loss_plateau_delta":0.082935,"loss_plateau_count":0,"pg_loss":-0.000483,"v_loss":4.915593,"entropy":2.089906,"approx_kl":0.002623,"clipfrac":0.0018,"reward_mean":-1.0352,"reward_std":0.8427,"reward_min":-6.0817,"reward_max":4.9821,"reward_scale":0.05,"throttle_mean":0.2458,"throttle_min":0.0103,"throttle_max":0.917}
{"type":"train_update","update":253,"global_step":4145152,"wall_s":2557.39,"sps":1620.9,"loss":2.327894,"loss_ema":2.696821,"loss_plateau_delta":0.092232,"loss_plateau_count":0,"pg_loss":-0.00048,"v_loss":4.656746,"entropy":2.090655,"approx_kl":0.002516,"clipfrac":0.0016,"reward_mean":-1.0312,"reward_std":0.8452,"reward_min":-6.1056,"reward_max":4.8859,"reward_scale":0.05,"throttle_mean":0.2495,"throttle_min":0.0094,"throttle_max":0.9137}
{"type":"train_update","update":254,"global_step":4161536,"wall_s":2565.3,"sps":1622.2,"loss":2.553348,"loss_ema":2.668126,"loss_plateau_delta":0.028694,"loss_plateau_count":0,"pg_loss":-0.000761,"v_loss":5.108219,"entropy":2.091307,"approx_kl":0.003467,"clipfrac":0.0033,"reward_mean":-1.0343,"reward_std":0.8405,"reward_min":-6.0644,"reward_max":4.8204,"reward_scale":0.05,"throttle_mean":0.2469,"throttle_min":0.011,"throttle_max":0.9021}
{"type":"train_update","update":255,"global_step":4177920,"wall_s":2572.06,"sps":1624.3,"loss":2.485346,"loss_ema":2.63157,"loss_plateau_delta":0.036556,"loss_plateau_count":0,"pg_loss":-0.000437,"v_loss":4.971566,"entropy":2.09154,"approx_kl":0.001661,"clipfrac":0.0001,"reward_mean":-1.0371,"reward_std":0.8396,"reward_min":-6.0078,"reward_max":4.6573,"reward_scale":0.05,"throttle_mean":0.2476,"throttle_min":0.0119,"throttle_max":0.9337}
{"type":"train_update","update":256,"global_step":4194304,"wall_s":2578.73,"sps":1626.5,"loss":2.376855,"loss_ema":2.580627,"loss_plateau_delta":0.050943,"loss_plateau_count":0,"pg_loss":-0.000127,"v_loss":4.753963,"entropy":2.091803,"approx_kl":0.000582,"clipfrac":0.0,"reward_mean":-1.0251,"reward_std":0.8472,"reward_min":-6.1741,"reward_max":4.9387,"reward_scale":0.05,"throttle_mean":0.2443,"throttle_min":0.0092,"throttle_max":0.9252}
{"type":"train_update","update":257,"global_step":4210688,"wall_s":2585.42,"sps":1628.6,"loss":2.348729,"loss_ema":2.534247,"loss_plateau_delta":0.046379,"loss_plateau_count":0,"pg_loss":-0.000503,"v_loss":4.698464,"entropy":2.091737,"approx_kl":0.002755,"clipfrac":0.0024,"reward_mean":-1.0198,"reward_std":0.8507,"reward_min":-6.0563,"reward_max":4.9169,"reward_scale":0.05,"throttle_mean":0.2418,"throttle_min":0.011,"throttle_max":0.916}
{"type":"train_update","update":258,"global_step":4227072,"wall_s":2593.14,"sps":1630.1,"loss":2.353274,"loss_ema":2.498053,"loss_plateau_delta":0.036195,"loss_plateau_count":0,"pg_loss":-0.000496,"v_loss":4.707541,"entropy":2.091302,"approx_kl":0.002942,"clipfrac":0.0022,"reward_mean":-1.025,"reward_std":0.8474,"reward_min":-6.073,"reward_max":5.0682,"reward_scale":0.05,"throttle_mean":0.2432,"throttle_min":0.0093,"throttle_max":0.9153}
{"type":"train_update","update":259,"global_step":4243456,"wall_s":2599.61,"sps":1632.3,"loss":2.37035,"loss_ema":2.472512,"loss_plateau_delta":0.025541,"loss_plateau_count":0,"pg_loss":-0.00027,"v_loss":4.741241,"entropy":2.090984,"approx_kl":0.000925,"clipfrac":0.0,"reward_mean":-1.051,"reward_std":0.8487,"reward_min":-6.1541,"reward_max":4.8578,"reward_scale":0.05,"throttle_mean":0.2485,"throttle_min":0.0103,"throttle_max":0.9609}
{"type":"train_update","update":260,"global_step":4259840,"wall_s":2605.95,"sps":1634.7,"loss":2.363547,"loss_ema":2.450719,"loss_plateau_delta":0.021793,"loss_plateau_count":0,"pg_loss":-0.000584,"v_loss":4.728262,"entropy":2.090481,"approx_kl":0.00296,"clipfrac":0.0069,"reward_mean":-1.0348,"reward_std":0.8463,"reward_min":-6.2598,"reward_max":4.7497,"reward_scale":0.05,"throttle_mean":0.2493,"throttle_min":0.0086,"throttle_max":0.9294}
step=4,259,840 reward_mean=-1.035 kl=0.00296 clipfrac=0.007 eval={'landed_fraction': 0.0, 'crashed_fraction': 0.0, 'mean_touchdown_speed': nan, 'max_touchdown_speed': nan, 'mean_pad_distance': nan, 'max_pad_distance': nan, 'mean_delta_v_proxy': 1.210073471069336, 'mean_eval_throttle': 0.22190527806679408, 'max_eval_throttle': 0.5586286783218384, 'max_upward_speed': 2.3121001720428467, 'max_downward_speed': 15.086465835571289, 'passed': False}
{"type":"train_update","update":261,"global_step":4276224,"wall_s":2661.08,"sps":1606.9,"loss":3.353756,"loss_ema":2.631327,"loss_plateau_delta":0.180607,"loss_plateau_count":0,"pg_loss":-0.00023,"v_loss":6.707972,"entropy":2.089745,"approx_kl":0.000871,"clipfrac":0.0,"reward_mean":-1.0993,"reward_std":0.7149,"reward_min":-6.3142,"reward_max":5.088,"reward_scale":0.05,"throttle_mean":0.2251,"throttle_min":0.0109,"throttle_max":0.8998}
{"type":"train_update","update":262,"global_step":4292608,"wall_s":2667.59,"sps":1609.2,"loss":2.734496,"loss_ema":2.651961,"loss_plateau_delta":0.020634,"loss_plateau_count":0,"pg_loss":-0.000473,"v_loss":5.469939,"entropy":2.089541,"approx_kl":0.001889,"clipfrac":0.0008,"reward_mean":-1.0368,"reward_std":0.8372,"reward_min":-6.276,"reward_max":5.0077,"reward_scale":0.05,"throttle_mean":0.2449,"throttle_min":0.0126,"throttle_max":0.9096}
{"type":"train_update","update":263,"global_step":4308992,"wall_s":2674.13,"sps":1611.4,"loss":2.27639,"loss_ema":2.576846,"loss_plateau_delta":0.075114,"loss_plateau_count":0,"pg_loss":-0.000633,"v_loss":4.554046,"entropy":2.089671,"approx_kl":0.003263,"clipfrac":0.0038,"reward_mean":-1.0328,"reward_std":0.8338,"reward_min":-6.0633,"reward_max":4.7724,"reward_scale":0.05,"throttle_mean":0.2524,"throttle_min":0.0134,"throttle_max":0.9226}
{"type":"train_update","update":264,"global_step":4325376,"wall_s":2681.29,"sps":1613.2,"loss":2.179702,"loss_ema":2.497418,"loss_plateau_delta":0.079429,"loss_plateau_count":0,"pg_loss":-0.000709,"v_loss":4.360822,"entropy":2.089883,"approx_kl":0.003127,"clipfrac":0.0058,"reward_mean":-1.0139,"reward_std":0.845,"reward_min":-6.2326,"reward_max":4.8088,"reward_scale":0.05,"throttle_mean":0.2476,"throttle_min":0.0106,"throttle_max":0.9233}
{"type":"train_update","update":265,"global_step":4341760,"wall_s":2688.46,"sps":1615.0,"loss":2.225265,"loss_ema":2.442987,"loss_plateau_delta":0.054431,"loss_plateau_count":0,"pg_loss":-0.000845,"v_loss":4.45222,"entropy":2.089975,"approx_kl":0.003376,"clipfrac":0.0062,"reward_mean":-1.0131,"reward_std":0.8543,"reward_min":-6.0737,"reward_max":4.9221,"reward_scale":0.05,"throttle_mean":0.2418,"throttle_min":0.0067,"throttle_max":0.9421}
{"type":"train_update","update":266,"global_step":4358144,"wall_s":2695.08,"sps":1617.1,"loss":2.105812,"loss_ema":2.375552,"loss_plateau_delta":0.067435,"loss_plateau_count":0,"pg_loss":-0.000882,"v_loss":4.213388,"entropy":2.089696,"approx_kl":0.004423,"clipfrac":0.0072,"reward_mean":-1.0236,"reward_std":0.8496,"reward_min":-6.1324,"reward_max":4.833,"reward_scale":0.05,"throttle_mean":0.2429,"throttle_min":0.0097,"throttle_max":0.902}
{"type":"train_update","update":267,"global_step":4374528,"wall_s":2701.19,"sps":1619.5,"loss":2.101645,"loss_ema":2.320771,"loss_plateau_delta":0.054781,"loss_plateau_count":0,"pg_loss":-0.000892,"v_loss":4.205075,"entropy":2.089151,"approx_kl":0.003494,"clipfrac":0.0052,"reward_mean":-1.0283,"reward_std":0.8485,"reward_min":-6.1261,"reward_max":4.911,"reward_scale":0.05,"throttle_mean":0.2441,"throttle_min":0.009,"throttle_max":0.9496}
{"type":"train_update","update":268,"global_step":4390912,"wall_s":2708.14,"sps":1621.4,"loss":2.138678,"loss_ema":2.284352,"loss_plateau_delta":0.036418,"loss_plateau_count":0,"pg_loss":-0.000628,"v_loss":4.278612,"entropy":2.088964,"approx_kl":0.003058,"clipfrac":0.0027,"reward_mean":-1.0323,"reward_std":0.8452,"reward_min":-6.1598,"reward_max":4.9611,"reward_scale":0.05,"throttle_mean":0.2412,"throttle_min":0.0116,"throttle_max":0.9458}
{"type":"train_update","update":269,"global_step":4407296,"wall_s":2714.79,"sps":1623.4,"loss":2.002449,"loss_ema":2.227971,"loss_plateau_delta":0.056381,"loss_plateau_count":0,"pg_loss":-0.000682,"v_loss":4.006263,"entropy":2.089352,"approx_kl":0.002888,"clipfrac":0.0018,"reward_mean":-1.0306,"reward_std":0.8472,"reward_min":-6.2714,"reward_max":5.039,"reward_scale":0.05,"throttle_mean":0.2379,"throttle_min":0.0095,"throttle_max":0.8931}
{"type":"train_update","update":270,"global_step":4423680,"wall_s":2721.17,"sps":1625.7,"loss":1.97166,"loss_ema":2.176709,"loss_plateau_delta":0.051262,"loss_plateau_count":0,"pg_loss":-0.000956,"v_loss":3.94523,"entropy":2.089497,"approx_kl":0.004012,"clipfrac":0.0094,"reward_mean":-1.0258,"reward_std":0.8422,"reward_min":-6.1426,"reward_max":4.7505,"reward_scale":0.05,"throttle_mean":0.2394,"throttle_min":0.0107,"throttle_max":0.8986}
{"type":"train_update","update":271,"global_step":4440064,"wall_s":2728.81,"sps":1627.1,"loss":1.959107,"loss_ema":2.133189,"loss_plateau_delta":0.04352,"loss_plateau_count":0,"pg_loss":-0.00093,"v_loss":3.920074,"entropy":2.089546,"approx_kl":0.003658,"clipfrac":0.0064,"reward_mean":-1.0135,"reward_std":0.8448,"reward_min":-6.1329,"reward_max":4.9949,"reward_scale":0.05,"throttle_mean":0.2373,"throttle_min":0.0085,"throttle_max":0.9024}
{"type":"train_update","update":272,"global_step":4456448,"wall_s":2735.6,"sps":1629.1,"loss":2.081843,"loss_ema":2.122919,"loss_plateau_delta":0.010269,"loss_plateau_count":0,"pg_loss":-0.001368,"v_loss":4.166422,"entropy":2.089288,"approx_kl":0.004667,"clipfrac":0.0106,"reward_mean":-1.0314,"reward_std":0.8469,"reward_min":-6.2769,"reward_max":4.9064,"reward_scale":0.05,"throttle_mean":0.2402,"throttle_min":0.0096,"throttle_max":0.9048}
{"type":"train_update","update":273,"global_step":4472832,"wall_s":2742.28,"sps":1631.1,"loss":2.005115,"loss_ema":2.099359,"loss_plateau_delta":0.023561,"loss_plateau_count":0,"pg_loss":-0.000682,"v_loss":4.011595,"entropy":2.088819,"approx_kl":0.003041,"clipfrac":0.0016,"reward_mean":-1.0315,"reward_std":0.8367,"reward_min":-5.9816,"reward_max":4.7398,"reward_scale":0.05,"throttle_mean":0.2402,"throttle_min":0.0083,"throttle_max":0.9091}
{"type":"train_update","update":274,"global_step":4489216,"wall_s":2748.69,"sps":1633.2,"loss":1.947355,"loss_ema":2.068958,"loss_plateau_delta":0.030401,"loss_plateau_count":0,"pg_loss":-0.000326,"v_loss":3.895363,"entropy":2.088398,"approx_kl":0.00099,"clipfrac":0.0,"reward_mean":-1.0395,"reward_std":0.8365,"reward_min":-6.2444,"reward_max":4.8816,"reward_scale":0.05,"throttle_mean":0.2436,"throttle_min":0.0062,"throttle_max":0.9273}
{"type":"train_update","update":275,"global_step":4505600,"wall_s":2756.45,"sps":1634.6,"loss":1.92816,"loss_ema":2.040798,"loss_plateau_delta":0.02816,"loss_plateau_count":0,"pg_loss":3e-05,"v_loss":3.856261,"entropy":2.088087,"approx_kl":0.000163,"clipfrac":0.0,"reward_mean":-1.0162,"reward_std":0.8483,"reward_min":-6.0748,"reward_max":4.9798,"reward_scale":0.05,"throttle_mean":0.2401,"throttle_min":0.0074,"throttle_max":0.9362}
step=4,505,600 reward_mean=-1.016 kl=0.00016 clipfrac=0.000 eval={'landed_fraction': 0.0, 'crashed_fraction': 0.0, 'mean_touchdown_speed': nan, 'max_touchdown_speed': nan, 'mean_pad_distance': nan, 'max_pad_distance': nan, 'mean_delta_v_proxy': 1.1930294036865234, 'mean_eval_throttle': 0.2192067171798812, 'max_eval_throttle': 0.5668792724609375, 'max_upward_speed': 2.400805950164795, 'max_downward_speed': 15.069340705871582, 'passed': False}
{"type":"train_update","update":276,"global_step":4521984,"wall_s":2810.28,"sps":1609.1,"loss":2.962157,"loss_ema":2.22507,"loss_plateau_delta":0.184272,"loss_plateau_count":0,"pg_loss":-0.00047,"v_loss":5.925253,"entropy":2.08808,"approx_kl":0.001183,"clipfrac":0.0,"reward_mean":-1.0909,"reward_std":0.7172,"reward_min":-6.1738,"reward_max":4.6734,"reward_scale":0.05,"throttle_mean":0.2209,"throttle_min":0.0108,"throttle_max":0.9372}
{"type":"train_update","update":277,"global_step":4538368,"wall_s":2816.61,"sps":1611.3,"loss":2.010677,"loss_ema":2.182191,"loss_plateau_delta":0.042879,"loss_plateau_count":0,"pg_loss":-0.001096,"v_loss":4.023546,"entropy":2.088047,"approx_kl":0.003814,"clipfrac":0.0078,"reward_mean":-1.0296,"reward_std":0.8431,"reward_min":-6.0795,"reward_max":4.8034,"reward_scale":0.05,"throttle_mean":0.2409,"throttle_min":0.0094,"throttle_max":0.9143}
{"type":"train_update","update":278,"global_step":4554752,"wall_s":2824.45,"sps":1612.6,"loss":2.146596,"loss_ema":2.175072,"loss_plateau_delta":0.007119,"loss_plateau_count":1,"pg_loss":-9.1e-05,"v_loss":4.293373,"entropy":2.087696,"approx_kl":0.000232,"clipfrac":0.0,"reward_mean":-1.0418,"reward_std":0.8471,"reward_min":-6.1955,"reward_max":4.8133,"reward_scale":0.05,"throttle_mean":0.245,"throttle_min":0.009,"throttle_max":0.8973}
{"type":"train_update","update":279,"global_step":4571136,"wall_s":2831.13,"sps":1614.6,"loss":1.952369,"loss_ema":2.130532,"loss_plateau_delta":0.044541,"loss_plateau_count":0,"pg_loss":-0.000432,"v_loss":3.905602,"entropy":2.087591,"approx_kl":0.002427,"clipfrac":0.0012,"reward_mean":-1.0241,"reward_std":0.8429,"reward_min":-6.0365,"reward_max":5.0191,"reward_scale":0.05,"throttle_mean":0.2436,"throttle_min":0.0094,"throttle_max":0.9309}
{"type":"train_update","update":280,"global_step":4587520,"wall_s":2837.84,"sps":1616.6,"loss":2.032283,"loss_ema":2.110882,"loss_plateau_delta":0.01965,"loss_plateau_count":0,"pg_loss":-0.00089,"v_loss":4.066347,"entropy":2.087797,"approx_kl":0.003433,"clipfrac":0.0074,"reward_mean":-1.0296,"reward_std":0.8498,"reward_min":-6.2049,"reward_max":5.0767,"reward_scale":0.05,"throttle_mean":0.2396,"throttle_min":0.0109,"throttle_max":0.9067}
{"type":"train_update","update":281,"global_step":4603904,"wall_s":2844.47,"sps":1618.5,"loss":1.902962,"loss_ema":2.069298,"loss_plateau_delta":0.041584,"loss_plateau_count":0,"pg_loss":-0.000479,"v_loss":3.806882,"entropy":2.088003,"approx_kl":0.001737,"clipfrac":0.0004,"reward_mean":-1.0167,"reward_std":0.8552,"reward_min":-6.1848,"reward_max":4.7404,"reward_scale":0.05,"throttle_mean":0.2379,"throttle_min":0.0096,"throttle_max":0.9056}
{"type":"train_update","update":282,"global_step":4620288,"wall_s":2851.86,"sps":1620.1,"loss":1.836099,"loss_ema":2.022658,"loss_plateau_delta":0.04664,"loss_plateau_count":0,"pg_loss":-0.000732,"v_loss":3.673662,"entropy":2.087748,"approx_kl":0.003583,"clipfrac":0.0063,"reward_mean":-1.0263,"reward_std":0.8368,"reward_min":-6.193,"reward_max":5.0388,"reward_scale":0.05,"throttle_mean":0.2385,"throttle_min":0.0069,"throttle_max":0.9112}
{"type":"train_update","update":283,"global_step":4636672,"wall_s":2858.29,"sps":1622.2,"loss":1.843811,"loss_ema":1.986889,"loss_plateau_delta":0.035769,"loss_plateau_count":0,"pg_loss":-0.000254,"v_loss":3.688131,"entropy":2.087757,"approx_kl":0.0011,"clipfrac":0.0001,"reward_mean":-1.0153,"reward_std":0.8395,"reward_min":-6.1396,"reward_max":5.0586,"reward_scale":0.05,"throttle_mean":0.2393,"throttle_min":0.0079,"throttle_max":0.939}
{"type":"train_update","update":284,"global_step":4653056,"wall_s":2864.52,"sps":1624.4,"loss":1.778597,"loss_ema":1.945231,"loss_plateau_delta":0.041658,"loss_plateau_count":0,"pg_loss":-0.000431,"v_loss":3.558055,"entropy":2.087714,"approx_kl":0.002336,"clipfrac":0.001,"reward_mean":-1.0281,"reward_std":0.8499,"reward_min":-6.2894,"reward_max":4.8971,"reward_scale":0.05,"throttle_mean":0.2362,"throttle_min":0.0121,"throttle_max":0.9275}
{"type":"train_update","update":285,"global_step":4669440,"wall_s":2872.85,"sps":1625.4,"loss":1.937353,"loss_ema":1.943655,"loss_plateau_delta":0.001576,"loss_plateau_count":1,"pg_loss":-0.000815,"v_loss":3.876335,"entropy":2.087374,"approx_kl":0.003446,"clipfrac":0.0063,"reward_mean":-1.0319,"reward_std":0.8477,"reward_min":-6.2419,"reward_max":4.9491,"reward_scale":0.05,"throttle_mean":0.2346,"throttle_min":0.0095,"throttle_max":0.9553}
{"type":"train_update","update":286,"global_step":4685824,"wall_s":2879.16,"sps":1627.5,"loss":1.950623,"loss_ema":1.945049,"loss_plateau_delta":0.001394,"loss_plateau_count":2,"pg_loss":-0.000645,"v_loss":3.902535,"entropy":2.086921,"approx_kl":0.003204,"clipfrac":0.0039,"reward_mean":-1.0402,"reward_std":0.8433,"reward_min":-6.0171,"reward_max":4.9172,"reward_scale":0.05,"throttle_mean":0.2402,"throttle_min":0.0087,"throttle_max":0.9559}
{"type":"train_update","update":287,"global_step":4702208,"wall_s":2885.76,"sps":1629.5,"loss":1.829149,"loss_ema":1.921869,"loss_plateau_delta":0.02318,"loss_plateau_count":0,"pg_loss":-0.000786,"v_loss":3.659869,"entropy":2.086791,"approx_kl":0.003342,"clipfrac":0.0051,"reward_mean":-1.031,"reward_std":0.8417,"reward_min":-6.4092,"reward_max":4.8162,"reward_scale":0.05,"throttle_mean":0.2425,"throttle_min":0.0079,"throttle_max":0.9228}
{"type":"train_update","update":288,"global_step":4718592,"wall_s":2892.89,"sps":1631.1,"loss":1.766638,"loss_ema":1.890822,"loss_plateau_delta":0.031046,"loss_plateau_count":0,"pg_loss":-0.000596,"v_loss":3.534469,"entropy":2.086452,"approx_kl":0.002505,"clipfrac":0.0011,"reward_mean":-1.0221,"reward_std":0.8467,"reward_min":-6.1527,"reward_max":5.0608,"reward_scale":0.05,"throttle_mean":0.2421,"throttle_min":0.0081,"throttle_max":0.9255}
{"type":"train_update","update":289,"global_step":4734976,"wall_s":2900.04,"sps":1632.7,"loss":1.795109,"loss_ema":1.87168,"loss_plateau_delta":0.019143,"loss_plateau_count":0,"pg_loss":-0.001197,"v_loss":3.592613,"entropy":2.085756,"approx_kl":0.003963,"clipfrac":0.0087,"reward_mean":-1.0284,"reward_std":0.8362,"reward_min":-6.2697,"reward_max":4.9599,"reward_scale":0.05,"throttle_mean":0.244,"throttle_min":0.0112,"throttle_max":0.9494}
{"type":"train_update","update":290,"global_step":4751360,"wall_s":2906.71,"sps":1634.6,"loss":1.84022,"loss_ema":1.865388,"loss_plateau_delta":0.006292,"loss_plateau_count":1,"pg_loss":-0.000907,"v_loss":3.682254,"entropy":2.085664,"approx_kl":0.002982,"clipfrac":0.0095,"reward_mean":-1.0279,"reward_std":0.8505,"reward_min":-6.1247,"reward_max":4.8206,"reward_scale":0.05,"throttle_mean":0.2468,"throttle_min":0.005,"throttle_max":0.9365}
step=4,751,360 reward_mean=-1.028 kl=0.00298 clipfrac=0.010 eval={'landed_fraction': 0.0, 'crashed_fraction': 0.0, 'mean_touchdown_speed': nan, 'max_touchdown_speed': nan, 'mean_pad_distance': nan, 'max_pad_distance': nan, 'mean_delta_v_proxy': 1.192240834236145, 'mean_eval_throttle': 0.21962276364366212, 'max_eval_throttle': 0.5794681906700134, 'max_upward_speed': 2.471911668777466, 'max_downward_speed': 15.069181442260742, 'passed': False}
{"type":"train_update","update":291,"global_step":4767744,"wall_s":2960.57,"sps":1610.4,"loss":2.495934,"loss_ema":1.991497,"loss_plateau_delta":0.126109,"loss_plateau_count":0,"pg_loss":-0.000253,"v_loss":4.992374,"entropy":2.0853,"approx_kl":0.001713,"clipfrac":0.0001,"reward_mean":-1.0894,"reward_std":0.7244,"reward_min":-6.0731,"reward_max":4.9866,"reward_scale":0.05,"throttle_mean":0.2191,"throttle_min":0.0083,"throttle_max":0.9122}
{"type":"train_update","update":292,"global_step":4784128,"wall_s":2968.22,"sps":1611.8,"loss":1.707067,"loss_ema":1.934611,"loss_plateau_delta":0.056886,"loss_plateau_count":0,"pg_loss":-0.000443,"v_loss":3.41502,"entropy":2.08537,"approx_kl":0.001968,"clipfrac":0.0004,"reward_mean":-1.0161,"reward_std":0.8427,"reward_min":-5.995,"reward_max":4.904,"reward_scale":0.05,"throttle_mean":0.2463,"throttle_min":0.012,"throttle_max":0.9109}
{"type":"train_update","update":293,"global_step":4800512,"wall_s":2974.66,"sps":1613.8,"loss":1.699085,"loss_ema":1.887506,"loss_plateau_delta":0.047105,"loss_plateau_count":0,"pg_loss":-0.000631,"v_loss":3.399433,"entropy":2.085346,"approx_kl":0.002762,"clipfrac":0.0021,"reward_mean":-1.0344,"reward_std":0.8432,"reward_min":-6.1104,"reward_max":4.9902,"reward_scale":0.05,"throttle_mean":0.2501,"throttle_min":0.0079,"throttle_max":0.9454}
{"type":"train_update","update":294,"global_step":4816896,"wall_s":2981.18,"sps":1615.8,"loss":1.754995,"loss_ema":1.861004,"loss_plateau_delta":0.026502,"loss_plateau_count":0,"pg_loss":-0.000482,"v_loss":3.510952,"entropy":2.085371,"approx_kl":0.001614,"clipfrac":0.0002,"reward_mean":-1.0235,"reward_std":0.8437,"reward_min":-6.0961,"reward_max":4.9991,"reward_scale":0.05,"throttle_mean":0.2528,"throttle_min":0.0105,"throttle_max":0.9064}
{"type":"train_update","update":295,"global_step":4833280,"wall_s":2988.76,"sps":1617.2,"loss":1.782921,"loss_ema":1.845387,"loss_plateau_delta":0.015617,"loss_plateau_count":0,"pg_loss":-0.000718,"v_loss":3.567278,"entropy":2.085023,"approx_kl":0.003339,"clipfrac":0.0084,"reward_mean":-1.0259,"reward_std":0.8434,"reward_min":-6.1273,"reward_max":4.9122,"reward_scale":0.05,"throttle_mean":0.2534,"throttle_min":0.0075,"throttle_max":0.9388}
{"type":"train_update","update":296,"global_step":4849664,"wall_s":2995.61,"sps":1618.9,"loss":1.652661,"loss_ema":1.806842,"loss_plateau_delta":0.038545,"loss_plateau_count":0,"pg_loss":-0.000439,"v_loss":3.306199,"entropy":2.085053,"approx_kl":0.001828,"clipfrac":0.0007,"reward_mean":-1.0381,"reward_std":0.8412,"reward_min":-6.1909,"reward_max":5.0393,"reward_scale":0.05,"throttle_mean":0.2547,"throttle_min":0.0138,"throttle_max":0.9238}
{"type":"train_update","update":297,"global_step":4866048,"wall_s":3002.3,"sps":1620.8,"loss":1.630961,"loss_ema":1.771665,"loss_plateau_delta":0.035176,"loss_plateau_count":0,"pg_loss":-0.000662,"v_loss":3.263246,"entropy":2.085083,"approx_kl":0.003171,"clipfrac":0.007,"reward_mean":-1.0181,"reward_std":0.8435,"reward_min":-6.3162,"reward_max":4.9152,"reward_scale":0.05,"throttle_mean":0.2574,"throttle_min":0.0111,"throttle_max":0.9472}
{"type":"train_update","update":298,"global_step":4882432,"wall_s":3008.87,"sps":1622.7,"loss":1.668051,"loss_ema":1.750943,"loss_plateau_delta":0.020723,"loss_plateau_count":0,"pg_loss":-0.000162,"v_loss":3.336427,"entropy":2.084904,"approx_kl":0.001008,"clipfrac":0.0,"reward_mean":-1.0316,"reward_std":0.844,"reward_min":-6.3885,"reward_max":4.675,"reward_scale":0.05,"throttle_mean":0.2505,"throttle_min":0.0124,"throttle_max":0.9214}
{"type":"train_update","update":299,"global_step":4898816,"wall_s":3016.65,"sps":1623.9,"loss":1.447438,"loss_ema":1.690242,"loss_plateau_delta":0.060701,"loss_plateau_count":0,"pg_loss":-0.00074,"v_loss":2.896355,"entropy":2.084678,"approx_kl":0.002561,"clipfrac":0.0093,"reward_mean":-1.0249,"reward_std":0.8445,"reward_min":-6.1587,"reward_max":5.0169,"reward_scale":0.05,"throttle_mean":0.2469,"throttle_min":0.0093,"throttle_max":0.913}
{"type":"train_update","update":300,"global_step":4915200,"wall_s":3023.08,"sps":1625.9,"loss":1.604396,"loss_ema":1.673073,"loss_plateau_delta":0.017169,"loss_plateau_count":0,"pg_loss":-0.00072,"v_loss":3.210232,"entropy":2.084177,"approx_kl":0.003228,"clipfrac":0.0039,"reward_mean":-1.0272,"reward_std":0.8407,"reward_min":-6.179,"reward_max":5.1097,"reward_scale":0.05,"throttle_mean":0.2445,"throttle_min":0.0096,"throttle_max":0.9242}
{"type":"train_update","update":301,"global_step":4931584,"wall_s":3029.71,"sps":1627.7,"loss":1.600691,"loss_ema":1.658596,"loss_plateau_delta":0.014476,"loss_plateau_count":0,"pg_loss":-0.000421,"v_loss":3.202225,"entropy":2.083771,"approx_kl":0.002145,"clipfrac":0.0011,"reward_mean":-1.0275,"reward_std":0.8433,"reward_min":-6.0086,"reward_max":4.8814,"reward_scale":0.05,"throttle_mean":0.2436,"throttle_min":0.0113,"throttle_max":0.9203}
{"type":"train_update","update":302,"global_step":4947968,"wall_s":3037.69,"sps":1628.9,"loss":1.78175,"loss_ema":1.683227,"loss_plateau_delta":0.024631,"loss_plateau_count":0,"pg_loss":-0.00046,"v_loss":3.564421,"entropy":2.08372,"approx_kl":0.003047,"clipfrac":0.0041,"reward_mean":-1.0473,"reward_std":0.8376,"reward_min":-6.2153,"reward_max":4.6868,"reward_scale":0.05,"throttle_mean":0.2385,"throttle_min":0.0064,"throttle_max":0.9246}
{"type":"train_update","update":303,"global_step":4964352,"wall_s":3044.23,"sps":1630.7,"loss":1.715937,"loss_ema":1.689769,"loss_plateau_delta":0.006542,"loss_plateau_count":1,"pg_loss":-0.00069,"v_loss":3.433254,"entropy":2.083792,"approx_kl":0.002199,"clipfrac":0.0022,"reward_mean":-1.0384,"reward_std":0.8432,"reward_min":-6.1854,"reward_max":4.9254,"reward_scale":0.05,"throttle_mean":0.2366,"throttle_min":0.0097,"throttle_max":0.8952}
{"type":"train_update","update":304,"global_step":4980736,"wall_s":3050.78,"sps":1632.6,"loss":1.527611,"loss_ema":1.657337,"loss_plateau_delta":0.032432,"loss_plateau_count":0,"pg_loss":-0.00081,"v_loss":3.056841,"entropy":2.083727,"approx_kl":0.003116,"clipfrac":0.0067,"reward_mean":-1.0354,"reward_std":0.8467,"reward_min":-5.9659,"reward_max":4.8961,"reward_scale":0.05,"throttle_mean":0.2321,"throttle_min":0.01,"throttle_max":0.926}
{"type":"train_update","update":305,"global_step":4997120,"wall_s":3057.76,"sps":1634.2,"loss":1.582293,"loss_ema":1.642329,"loss_plateau_delta":0.015009,"loss_plateau_count":0,"pg_loss":-0.00071,"v_loss":3.166007,"entropy":2.083553,"approx_kl":0.003446,"clipfrac":0.0047,"reward_mean":-1.032,"reward_std":0.8459,"reward_min":-6.1258,"reward_max":4.8125,"reward_scale":0.05,"throttle_mean":0.2257,"throttle_min":0.0091,"throttle_max":0.9422}
{"type":"train_update","update":306,"global_step":5013504,"wall_s":3065.11,"sps":1635.7,"loss":1.733776,"loss_ema":1.660618,"loss_plateau_delta":0.01829,"loss_plateau_count":0,"pg_loss":-0.000413,"v_loss":3.468378,"entropy":2.083566,"approx_kl":0.002357,"clipfrac":0.0019,"reward_mean":-1.0488,"reward_std":0.8411,"reward_min":-6.1341,"reward_max":5.0985,"reward_scale":0.05,"throttle_mean":0.2305,"throttle_min":0.0114,"throttle_max":0.9455}
step=5,013,504 reward_mean=-1.049 kl=0.00236 clipfrac=0.002 eval={'landed_fraction': 0.0, 'crashed_fraction': 0.0, 'mean_touchdown_speed': nan, 'max_touchdown_speed': nan, 'mean_pad_distance': nan, 'max_pad_distance': nan, 'mean_delta_v_proxy': 1.080134630203247, 'mean_eval_throttle': 0.20471542358398437, 'max_eval_throttle': 0.5733129978179932, 'max_upward_speed': 2.386462450027466, 'max_downward_speed': 15.046353340148926, 'passed': False}
Training complete in 3113.2s, steps=5,013,504
Final eval: {'landed_fraction': 0.0, 'crashed_fraction': 0.0, 'mean_touchdown_speed': nan, 'max_touchdown_speed': nan, 'mean_pad_distance': nan, 'max_pad_distance': nan, 'mean_delta_v_proxy': 1.081095814704895, 'mean_eval_throttle': 0.20475782429178555, 'max_eval_throttle': 0.5904391407966614, 'max_upward_speed': 2.6309661865234375, 'max_downward_speed': 15.166974067687988, 'passed': False}
Run directory: C:\Transformer-rl-retro-propulsion\simulation\isaac\runs\ppo_landing_seed0_20260426_133341
Closing TVC environment...
Closing Isaac Sim...
[13.347s] Simulation App Startup Complete
[14.954s] [ext: omni.physx.fabric-107.3.26] startup
2026-04-26T18:34:16Z [34,090ms] [Warning] [carb] Client gpu.foundation.plugin has acquired [gpu::unstable::IMemoryBudgetManagerFactory v0.1] 100 times. Consider accessing this interface with carb::getCachedInterface() (Performance warning)
[3191.440s] Simulation App Shutting Down
