PPO training starting: task=landing, total_steps=5000000, bc_steps=0, headless=True
[Info] [carb] Logging to file: c:/transformer-rl-retro-propulsion/env_isaaclab/lib/site-packages/isaacsim/kit/logs/Kit/Isaac-Sim Python/5.1/kit_20260426_192921.log
[0.374s] [ext: omni.kit.async_engine-0.0.3] startup
[0.843s] [ext: omni.metrics.core-0.0.3] startup
[0.847s] [ext: omni.client.lib-1.1.0] startup
[0.952s] [ext: omni.blobkey-1.1.2] startup
[0.954s] [ext: omni.stats-1.0.1] startup
[0.962s] [ext: omni.datastore-0.0.0] startup
[0.968s] [ext: omni.client-1.3.0] startup
[1.078s] [ext: omni.ujitso.default-1.0.0] startup
[1.087s] [ext: omni.hsscclient-1.1.2] startup
[1.113s] [ext: omni.gpu_foundation.shadercache.vulkan-1.0.0] startup
[1.120s] [ext: omni.assets.plugins-0.0.0] startup
[1.134s] [ext: omni.gpu_foundation-0.0.0] startup
[1.253s] [ext: carb.windowing.plugins-1.0.0] startup
2026-04-27T00:29:22Z [1,818ms] [Warning] [carb.windowing-glfw.gamepad] Joystick with unknown remapping detected (will be ignored):  Saitek Pro Flight Rudder Pedals [03000000a30600006307000000000000]
2026-04-27T00:29:22Z [1,818ms] [Warning] [carb.windowing-glfw.gamepad] Joystick with unknown remapping detected (will be ignored):  3Dconnexion KMJ Emulator [03000000efbe00006d04000000000000]
2026-04-27T00:29:22Z [1,818ms] [Warning] [carb.windowing-glfw.gamepad] Joystick with unknown remapping detected (will be ignored):  Joystick - HOTAS Warthog [030000004f0400000204000000000000]
[2.089s] [ext: omni.kit.renderer.init-0.0.0] startup
[2.093s] [ext: omni.materialx.libs-1.0.7] startup
[2.141s] [ext: omni.usd.config-1.0.6] startup
[2.190s] [ext: omni.gpucompute.plugins-0.0.0] startup
[2.265s] [ext: omni.usd.libs-1.0.1] startup
[2.970s] [ext: omni.mdl-56.0.3] startup
[3.314s] [ext: omni.iray.libs-0.0.0] startup
[3.535s] [ext: omni.mdl.neuraylib-0.2.12] startup
[3.557s] [ext: omni.kit.usd.mdl-1.1.5] startup

|---------------------------------------------------------------------------------------------|
| Driver Version: 580.88        | Graphics API: Vulkan
|=============================================================================================|
| GPU | Name                             | Active | LDA | GPU Memory | Vendor-ID | LUID       |
|     |                                  |        |     |            | Device-ID | UUID       |
|     |                                  |        |     |            | Bus-ID    |            |
|---------------------------------------------------------------------------------------------|
| 0   | NVIDIA GeForce RTX 5070          | Yes: 0 |     | 11855   MB | 10de      | b42b0100.. |
|     |                                  |        |     |            | 2f04      | 36fdc134.. |
|     |                                  |        |     |            | 1         |            |
|=============================================================================================|
| OS: Windows 11 Pro, Version: 10.0 (25H2), Build: 26200, Kernel: 10.0.26100.8246
| Processor: AMD Ryzen 9 9900X 12-Core Processor            
| Cores: 12 | Logical Cores: 24
|---------------------------------------------------------------------------------------------|
| Total Memory (MB): 32360 | Free Memory: 19148
| Total Page/Swap (MB): 40200 | Free Page/Swap: 6104
|---------------------------------------------------------------------------------------------|
[4.057s] [ext: omni.kit.pipapi-0.0.0] startup
[4.058s] [ext: omni.kit.loop-isaac-1.3.7] startup
[4.065s] [ext: omni.kit.test-2.0.1] startup
[4.213s] [ext: omni.kit.telemetry-0.5.2] startup
[4.291s] [ext: omni.appwindow-1.1.10] startup
[4.300s] [ext: omni.kit.renderer.core-1.1.0] startup
[4.312s] [ext: omni.kit.renderer.capture-0.0.0] startup
[4.323s] [ext: omni.kit.renderer.imgui-2.0.5] startup
[4.355s] [ext: omni.ui-2.27.1] startup
[4.390s] [ext: omni.kit.mainwindow-1.0.3] startup
[4.394s] [ext: carb.audio-0.1.0] startup
[4.402s] [ext: omni.uiaudio-1.0.0] startup
[4.408s] [ext: omni.kit.uiapp-0.0.0] startup
[4.408s] [ext: omni.usd.schema.metrics.assembler-107.3.1] startup
[4.427s] [ext: omni.anim.navigation.schema-107.3.3] startup
[4.446s] [ext: omni.usd.schema.anim-0.0.0] startup
[4.558s] [ext: omni.usd.schema.audio-0.0.0] startup
[4.576s] [ext: omni.usd.schema.omniscripting-1.0.0] startup
[4.599s] [ext: omni.usd.schema.physx-107.3.26] startup
[4.712s] [ext: omni.usd_resolver-1.0.0] startup
[4.738s] [ext: omni.usd.core-1.5.3] startup
[4.745s] [ext: omni.usd.schema.omni_sensors-0.0.0] startup
[4.824s] [ext: omni.usd.schema.omnigraph-1.0.0] startup
[4.857s] [ext: omni.usd.schema.semantics-0.0.0] startup
[4.875s] [ext: omni.usd.schema.geospatial-0.0.0] startup
[4.897s] [ext: omni.kit.window.popup_dialog-2.0.24] startup
[4.909s] [ext: omni.activity.core-1.0.3] startup
[4.915s] [ext: omni.kit.widget.nucleus_connector-2.0.1] startup
[4.922s] [ext: omni.kit.usd_undo-0.1.8] startup
[4.924s] [ext: omni.graph.exec-0.9.6] startup
[4.927s] [ext: omni.kit.actions.core-1.0.0] startup
[4.940s] [ext: usdrt.scenegraph-7.6.1] startup
[5.101s] [ext: omni.resourcemonitor-107.0.1] startup
[5.109s] [ext: omni.kit.exec.core-0.13.4] startup
[5.117s] [ext: omni.timeline-1.0.14] startup
[5.123s] [ext: omni.kit.commands-1.4.10] startup
[5.139s] [ext: omni.kit.audiodeviceenum-1.0.2] startup
[5.148s] [ext: omni.hydra.usdrt_delegate-7.5.1] startup
[5.174s] [ext: omni.hydra.scene_delegate-0.3.4] startup
[5.183s] [ext: omni.usd-1.13.10] startup
[6.308s] [ext: omni.inspect-1.0.2] startup
[6.316s] [ext: omni.kit.notification_manager-1.0.10] startup
[6.322s] [ext: omni.graph.core-2.184.5] startup
[6.330s] [ext: isaacsim.core.deprecation_manager-0.2.7] startup
[6.331s] [ext: omni.anim.graph.schema-107.3.3] startup
[6.364s] [ext: omni.usd.schema.flow-107.1.1] startup
[6.367s] [ext: omni.usd.schema.isaac-3.0.5] startup
[6.367s] [ext: omni.usd.schema.omni_lens_distortion-0.0.0] startup
[6.369s] [ext: isaacsim.robot.schema-3.6.0] startup
[6.417s] [ext: omni.kit.asset_converter-5.0.17] startup
[6.477s] [ext: omni.usd.schema.render_settings.rtx-0.0.0] startup
[6.481s] [ext: omni.kit.helper.file_utils-0.1.9] startup
[6.485s] [ext: omni.kit.menu.core-1.1.2] startup
[6.487s] [ext: omni.kit.widget.path_field-2.0.11] startup
[6.491s] [ext: omni.kit.widget.filebrowser-2.12.3] startup
[6.509s] [ext: omni.kit.widget.context_menu-1.2.5] startup
[6.512s] [ext: omni.kit.widget.browser_bar-2.0.10] startup
[6.516s] [ext: omni.kit.clipboard-1.0.5] startup
[6.520s] [ext: omni.kit.widget.options_menu-1.1.6] startup
[6.530s] [ext: omni.ui.scene-1.11.5] startup
[6.547s] [ext: omni.kit.widget.options_button-1.0.3] startup
[6.550s] [ext: omni.kit.usd.layers-2.2.11] startup
[6.578s] [ext: omni.kit.window.filepicker-2.13.4] startup
[6.632s] [ext: omni.kit.widget.filter-1.1.4] startup
[6.634s] [ext: omni.kit.hotkeys.core-1.3.10] startup
[6.646s] [ext: omni.kit.context_menu-1.8.6] startup
[6.651s] [ext: omni.kit.property.adapter.core-1.0.2] startup
[6.659s] [ext: omni.kit.window.file_exporter-1.0.33] startup
[6.669s] [ext: omni.kit.widget.searchfield-1.1.8] startup
[6.673s] [ext: omni.kit.numpy.common-0.1.3] startup
[6.676s] [ext: omni.kit.widget.stage-3.1.4] startup
[6.719s] [ext: omni.kit.property.adapter.usd-1.0.2] startup
[6.723s] [ext: omni.kit.property.adapter.fabric-1.0.3] startup
[6.728s] [ext: isaacsim.core.version-2.0.6] startup
[6.730s] [ext: omni.kit.window.file_importer-1.1.18] startup
[6.733s] [ext: omni.kit.stage_template.core-1.1.22] startup
[6.734s] [ext: omni.kit.menu.utils-2.0.5] startup
[6.745s] [ext: omni.kit.window.file-2.0.5] startup
[6.753s] [ext: omni.kit.window.drop_support-1.0.5] startup
[6.755s] [ext: omni.kit.widget.highlight_label-1.0.3] startup
[6.757s] [ext: omni.kit.window.content_browser_registry-0.0.6] startup
[6.759s] [ext: omni.kit.widget.graph-2.0.0] startup
[6.776s] [ext: omni.kit.window.property-1.12.1] startup
[6.860s] [ext: omni.kit.window.content_browser-3.1.3] startup
[6.882s] [ext: omni.kit.graph.delegate.default-1.2.3] startup
[6.884s] [ext: omni.kit.property.usd-4.5.12] startup
[6.908s] [ext: omni.convexdecomposition-107.3.26] startup
[6.920s] [ext: omni.kit.graph.editor.core-1.5.3] startup
[6.927s] [ext: omni.kit.material.library-2.0.7] startup
[6.943s] [ext: omni.kvdb-107.3.26] startup
[6.952s] [ext: omni.usdphysics-107.3.26] startup
[6.958s] [ext: omni.physx.foundation-107.3.26] startup
[6.971s] [ext: omni.localcache-107.3.26] startup
[6.978s] [ext: omni.kit.graph.usd.commands-1.3.1] startup
[6.980s] [ext: omni.physx.cooking-107.3.26] startup
[6.996s] [ext: omni.physics-107.3.26] startup
[7.008s] [ext: omni.physx-107.3.26] startup
[7.041s] [ext: omni.physics.stageupdate-107.3.26] startup
[7.050s] [ext: omni.physics.physx-107.3.26] startup
2026-04-27T00:29:27Z [6,783ms] [Warning] [carb] Acquiring non optional plugin interface which is not listed as dependency: [omni::physx::IPhysxBenchmarks v1.0] (plugin: <default plugin>), by client: omni.physics.physx.plugin. Add it to CARB_PLUGIN_IMPL_DEPS() macro of a client.
[7.054s] [ext: omni.index.libs-380600.8087.0] startup
[7.054s] [ext: omni.index-1.0.1] startup
[7.058s] [ext: omni.volume-0.5.2] startup
[7.085s] [ext: omni.ujitso.client-0.0.0] startup
[7.088s] [ext: omni.hydra.rtx.shadercache.vulkan-1.0.0] startup
[7.091s] [ext: omni.kit.widget.searchable_combobox-1.0.6] startup
[7.096s] [ext: omni.hydra.rtx-1.0.0] startup
[7.324s] [ext: omni.kit.widget.settings-1.2.6] startup
[7.329s] [ext: omni.kit.hydra_texture-1.4.6] startup
[7.337s] [ext: omni.graph.tools-1.79.2] startup
[7.413s] [ext: omni.kit.window.preferences-1.8.0] startup
[7.432s] [ext: omni.kit.widget.material_preview-1.0.16] startup
[7.438s] [ext: omni.graph-1.141.2] startup
[7.533s] [ext: omni.kit.window.material_graph-1.9.1] startup
[7.556s] [ext: omni.isaac.dynamic_control-2.0.7] startup
2026-04-27T00:29:28Z [7,303ms] [Warning] [omni.isaac.dynamic_control] omni.isaac.dynamic_control is deprecated as of Isaac Sim 4.5. No action is needed from end-users.
[7.576s] [ext: isaacsim.storage.native-1.5.1] startup
[7.581s] [ext: omni.graph.scriptnode-1.50.0] startup
[7.585s] [ext: omni.hydra.engine.stats-1.0.3] startup
[7.592s] [ext: omni.kit.viewport.legacy_gizmos-1.0.19] startup
[7.597s] [ext: omni.kit.raycast.query-1.1.0] startup
[7.610s] [ext: omni.graph.action_core-1.1.7] startup
[7.635s] [ext: omni.kit.viewport.scene_camera_model-1.0.6] startup
[7.641s] [ext: omni.graph.image.core-0.6.1] startup
[7.645s] [ext: omni.kit.widget.viewport-107.1.3] startup
[7.662s] [ext: omni.kit.viewport.registry-104.0.6] startup
[7.664s] [ext: omni.usd.metrics.assembler-107.3.1] startup
[7.679s] [ext: omni.kit.viewport.window-107.2.0] startup
[7.710s] [ext: omni.kit.viewport.menubar.core-107.2.1] startup
[7.750s] [ext: omni.graph.image.nodes-1.3.1] startup
[7.755s] [ext: omni.usd.metrics.assembler.physics-107.3.26] startup
[7.759s] [ext: omni.warp.core-1.8.2] startup
[7.907s] [ext: omni.kit.viewport.utility-1.1.2] startup
[7.908s] [ext: omni.physics.tensors-107.3.26] startup
[7.923s] [ext: omni.syntheticdata-0.6.13] startup
[7.982s] [ext: isaacsim.test.docstring-1.1.0] startup
[7.995s] [ext: isaacsim.core.utils-3.5.1] startup
[8.006s] [ext: omni.physx.tensors-107.3.26] startup
[8.015s] [ext: omni.graph.nodes-1.170.10] startup
[8.114s] [ext: omni.graph.action_nodes-1.50.4] startup
[8.125s] [ext: omni.kit.primitive.mesh-1.0.17] startup
[8.141s] [ext: isaacsim.core.simulation_manager-1.4.4] startup
[12.556s] [ext: omni.graph.ui_nodes-1.50.5] startup
[12.569s] [ext: omni.graph.action-1.130.0] startup
[12.571s] [ext: omni.kit.stage_templates-2.0.0] startup
[12.581s] [ext: isaacsim.core.prims-0.6.1] startup
[12.622s] [ext: omni.warp-1.8.2] startup
[12.634s] [ext: omni.videoencoding-0.1.2] startup
[12.646s] [ext: isaacsim.core.api-4.8.0] startup
[12.700s] [ext: isaacsim.core.experimental.utils-0.3.0] startup
[12.710s] [ext: omni.replicator.core-1.12.27] startup
2026-04-27T00:29:33Z [12,502ms] [Warning] [pxr.Semantics] pxr.Semantics is deprecated - please use Semantics instead
2026-04-27T00:29:34Z [12,931ms] [Warning] [omni.graph.core.plugin] Found duplicate of category 'Replicator' - was 'Annotators', adding 'Fabric Reader'
2026-04-27T00:29:34Z [12,931ms] [Warning] [omni.graph.core.plugin] Category 'Replicator' not accepted on node type 'omni.replicator.core.FabricReader' in extension 'omni.replicator.core'
2026-04-27T00:29:34Z [12,934ms] [Warning] [omni.replicator.core.scripts.extension] No material configuration file, adding configuration to material settings directly.
[13.208s] [ext: isaacsim.core.experimental.prims-0.8.1] startup
[13.266s] [ext: omni.kit.window.extensions-1.4.27] startup
[13.291s] [ext: isaacsim.core.experimental.objects-0.4.0] startup
[13.310s] [ext: omni.ui_query-1.1.8] startup
[13.313s] [ext: omni.kit.manipulator.viewport-107.0.1] startup
[13.318s] [ext: isaacsim.robot.surface_gripper-3.3.1] startup
[13.331s] [ext: omni.kit.ui_test-1.3.7] startup
[13.346s] [ext: omni.graph.visualization.nodes-2.1.3] startup
[13.370s] [ext: isaacsim.robot_motion.lula-4.0.8] startup
[13.429s] [ext: isaacsim.core.nodes-3.4.3] startup
[13.459s] [ext: isaacsim.gui.components-1.2.1] startup
[13.477s] [ext: isaacsim.robot_motion.motion_generation-8.0.26] startup
[13.506s] [ext: isaacsim.robot.manipulators-3.3.6] startup
[13.519s] [ext: isaacsim.core.experimental.materials-0.4.0] startup
[13.541s] [ext: isaacsim.robot.manipulators.examples-1.1.2] startup
[13.544s] [ext: isaacsim.cortex.framework-1.0.12] startup
[13.552s] [ext: isaacsim.cortex.behaviors-2.0.14] startup
[13.555s] [ext: omni.isaac.cortex.sample_behaviors-2.0.5] startup
2026-04-27T00:29:34Z [13,288ms] [Warning] [omni.isaac.cortex] omni.isaac.cortex has been deprecated in favor of isaacsim.cortex.framework. Please update your code accordingly.
2026-04-27T00:29:34Z [13,291ms] [Warning] [omni.isaac.cortex.sample_behaviors] omni.isaac.cortex.sample_behaviors has been deprecated in favor of isaacsim.cortex.behaviors. Please update your code accordingly.
[13.563s] [ext: omni.kit.widget.zoombar-1.0.6] startup
[13.576s] [ext: isaacsim.gui.content_browser-0.1.11] startup
[13.591s] [ext: omni.kit.browser.core-2.3.13] startup
[13.621s] [ext: omni.kit.widget.stage_icons-1.0.8] startup
[13.629s] [ext: omni.kit.widget.prompt-1.0.7] startup
[13.633s] [ext: omni.kit.usd.collect-2.4.5] startup
[13.646s] [ext: omni.kit.browser.folder.core-1.10.9] startup
[13.702s] [ext: omni.kit.window.stage-2.6.1] startup
[13.711s] [ext: omni.kit.usdz_export-1.0.9] startup
[13.719s] [ext: omni.kit.tool.collect-2.2.18] startup
[13.735s] [ext: omni.kit.menu.stage-1.2.7] startup
[13.747s] [ext: omni.kit.tool.asset_importer-4.3.2] startup
[13.793s] [ext: isaacsim.robot.wheeled_robots-4.0.24] startup
[13.851s] [ext: isaacsim.examples.browser-0.2.1] startup
[13.879s] [ext: isaacsim.asset.importer.urdf-2.4.30] startup
[14.258s] [ext: omni.isaac.wheeled_robots-3.0.7] startup
2026-04-27T00:29:35Z [13,990ms] [Warning] [omni.isaac.wheeled_robots] omni.isaac.wheeled_robots has been deprecated in favor of isaacsim.robot.wheeled_robots. Please update your code accordingly.
2026-04-27T00:29:35Z [13,991ms] [Warning] [omni.isaac.wheeled_robots.controllers] omni.isaac.wheeled_robots has been deprecated in favor of isaacsim.robot.wheeled_robots. Please update your code accordingly.
2026-04-27T00:29:35Z [13,992ms] [Warning] [omni.isaac.wheeled_robots.controllers.ackermann_controller] omni.isaac.wheeled_robots has been deprecated in favor of isaacsim.robot.wheeled_robots. Please update your code accordingly.
2026-04-27T00:29:35Z [13,994ms] [Warning] [omni.isaac.wheeled_robots.controllers.differential_controller] omni.isaac.wheeled_robots has been deprecated in favor of isaacsim.robot.wheeled_robots. Please update your code accordingly.
2026-04-27T00:29:35Z [13,997ms] [Warning] [omni.isaac.wheeled_robots.controllers.holonomic_controller] omni.isaac.wheeled_robots has been deprecated in favor of isaacsim.robot.wheeled_robots. Please update your code accordingly.
2026-04-27T00:29:35Z [13,999ms] [Warning] [omni.isaac.wheeled_robots.controllers.quintic_path_planner] omni.isaac.wheeled_robots has been deprecated in favor of isaacsim.robot.wheeled_robots. Please update your code accordingly.
2026-04-27T00:29:35Z [14,000ms] [Warning] [omni.isaac.wheeled_robots.controllers.stanley_control] omni.isaac.wheeled_robots has been deprecated in favor of isaacsim.robot.wheeled_robots. Please update your code accordingly.
2026-04-27T00:29:35Z [14,000ms] [Warning] [omni.isaac.wheeled_robots.controllers.wheel_base_pose_controller] omni.isaac.wheeled_robots has been deprecated in favor of isaacsim.robot.wheeled_robots. Please update your code accordingly.
2026-04-27T00:29:35Z [14,001ms] [Warning] [omni.isaac.wheeled_robots.impl] omni.isaac.wheeled_robots has been deprecated in favor of isaacsim.robot.wheeled_robots. Please update your code accordingly.
2026-04-27T00:29:35Z [14,001ms] [Warning] [omni.isaac.wheeled_robots.robots] omni.isaac.wheeled_robots has been deprecated in favor of isaacsim.robot.wheeled_robots. Please update your code accordingly.
2026-04-27T00:29:35Z [14,002ms] [Warning] [omni.isaac.wheeled_robots.robots.holonomic_robot_usd_setup] omni.isaac.wheeled_robots has been deprecated in favor of isaacsim.robot.wheeled_robots. Please update your code accordingly.
2026-04-27T00:29:35Z [14,003ms] [Warning] [omni.isaac.wheeled_robots.robots.wheeled_robot] omni.isaac.wheeled_robots has been deprecated in favor of isaacsim.robot.wheeled_robots. Please update your code accordingly.
[14.274s] [ext: isaacsim.simulation_app-2.12.2] startup
[14.276s] [ext: omni.isaac.franka-1.0.7] startup
2026-04-27T00:29:35Z [14,008ms] [Warning] [omni.isaac.franka] omni.isaac.franka has been deprecated in favor of isaacsim.robot.manipulators.examples.franka. Please update your code accordingly.
2026-04-27T00:29:35Z [14,008ms] [Warning] [omni.isaac.franka.franka] omni.isaac.franka has been deprecated in favor of isaacsim.robot.manipulators.examples.franka. Please update your code accordingly.
2026-04-27T00:29:35Z [14,028ms] [Warning] [omni.isaac.franka.kinematics_solver] omni.isaac.franka has been deprecated in favor of isaacsim.robot.manipulators.examples.franka. Please update your code accordingly.
[14.299s] [ext: omni.isaac.kit-2.0.6] startup
2026-04-27T00:29:35Z [14,031ms] [Warning] [omni.isaac.kit] omni.isaac.kit has been deprecated in favor of isaacsim.simulation_app. Please update your code accordingly.
[14.302s] [ext: omni.kit.selection-0.1.6] startup
[14.305s] [ext: omni.isaac.lula-4.0.6] startup
2026-04-27T00:29:35Z [14,036ms] [Warning] [omni.isaac.lula] omni.isaac.lula has been deprecated in favor of isaacsim.robot_motion.lula. Please update your code accordingly.
[14.307s] [ext: isaacsim.robot_motion.lula_test_widget-1.0.12] startup
[14.313s] [ext: isaacsim.asset.browser-1.3.23] startup
[14.928s] [ext: omni.kit.viewport.actions-107.0.2] startup
[14.936s] [ext: isaacsim.gui.menu-2.4.4] startup
[14.954s] [ext: omni.isaac.manipulators-3.0.7] startup
2026-04-27T00:29:35Z [14,686ms] [Warning] [omni.isaac.manipulators] omni.isaac.manipulators has been deprecated in favor of isaacsim.robot.manipulators. Please update your code accordingly.
2026-04-27T00:29:35Z [14,688ms] [Warning] [omni.isaac.manipulators.controllers] omni.isaac.manipulators has been deprecated in favor of isaacsim.robot.manipulators. Please update your code accordingly.
2026-04-27T00:29:35Z [14,689ms] [Warning] [omni.isaac.manipulators.controllers.pick_place_controller] omni.isaac.manipulators has been deprecated in favor of isaacsim.robot.manipulators. Please update your code accordingly.
2026-04-27T00:29:35Z [14,692ms] [Warning] [omni.isaac.manipulators.controllers.stacking_controller] omni.isaac.manipulators has been deprecated in favor of isaacsim.robot.manipulators. Please update your code accordingly.
2026-04-27T00:29:35Z [14,692ms] [Warning] [omni.isaac.manipulators.grippers] omni.isaac.manipulators has been deprecated in favor of isaacsim.robot.manipulators. Please update your code accordingly.
2026-04-27T00:29:35Z [14,693ms] [Warning] [omni.isaac.manipulators.grippers.gripper] omni.isaac.manipulators has been deprecated in favor of isaacsim.robot.manipulators. Please update your code accordingly.
2026-04-27T00:29:35Z [14,693ms] [Warning] [omni.isaac.manipulators.grippers.parallel_gripper] omni.isaac.manipulators has been deprecated in favor of isaacsim.robot.manipulators. Please update your code accordingly.
2026-04-27T00:29:35Z [14,694ms] [Warning] [omni.isaac.manipulators.grippers.surface_gripper] omni.isaac.manipulators has been deprecated in favor of isaacsim.robot.manipulators. Please update your code accordingly.
2026-04-27T00:29:35Z [14,695ms] [Warning] [omni.isaac.manipulators.manipulators] omni.isaac.manipulators has been deprecated in favor of isaacsim.robot.manipulators. Please update your code accordingly.
2026-04-27T00:29:35Z [14,695ms] [Warning] [omni.isaac.manipulators.manipulators.single_manipulator] omni.isaac.manipulators has been deprecated in favor of isaacsim.robot.manipulators. Please update your code accordingly.
[14.966s] [ext: omni.isaac.lula_test_widget-1.0.6] startup
2026-04-27T00:29:35Z [14,698ms] [Warning] [omni.isaac.lula_test_widget] omni.isaac.lula_test_widget has been deprecated in favor of isaacsim.robot_motion.lula_test_widget. Please update your code accordingly.
[14.969s] [ext: omni.isaac.asset_browser-1.0.6] startup
2026-04-27T00:29:35Z [14,702ms] [Warning] [omni.isaac.asset_browser] omni.isaac.asset_browser has been deprecated in favor of isaacsim.asset.browser. Please update your code accordingly.
[14.974s] [ext: omni.kit.viewport.menubar.display-107.0.3] startup
[14.979s] [ext: omni.isaac.menu-1.0.6] startup
2026-04-27T00:29:35Z [14,710ms] [Warning] [omni.isaac.menu] omni.isaac.menu has been deprecated in favor of isaacsim.gui.menu. Please update your code accordingly.
[14.981s] [ext: omni.isaac.motion_generation-8.0.7] startup
2026-04-27T00:29:35Z [14,714ms] [Warning] [omni.isaac.motion_generation] omni.isaac.motion_generation has been deprecated in favor of isaacsim.robot_motion.motion_generation. Please update your code accordingly.
2026-04-27T00:29:35Z [14,715ms] [Warning] [omni.isaac.motion_generation.articulation_kinematics_solver] omni.isaac.motion_generation has been deprecated in favor of isaacsim.robot_motion.motion_generation. Please update your code accordingly.
2026-04-27T00:29:35Z [14,716ms] [Warning] [omni.isaac.motion_generation.articulation_motion_policy] omni.isaac.motion_generation has been deprecated in favor of isaacsim.robot_motion.motion_generation. Please update your code accordingly.
2026-04-27T00:29:35Z [14,716ms] [Warning] [omni.isaac.motion_generation.articulation_trajectory] omni.isaac.motion_generation has been deprecated in favor of isaacsim.robot_motion.motion_generation. Please update your code accordingly.
2026-04-27T00:29:35Z [14,717ms] [Warning] [omni.isaac.motion_generation.kinematics_interface] omni.isaac.motion_generation has been deprecated in favor of isaacsim.robot_motion.motion_generation. Please update your code accordingly.
2026-04-27T00:29:35Z [14,718ms] [Warning] [omni.isaac.motion_generation.lula] omni.isaac.motion_generation has been deprecated in favor of isaacsim.robot_motion.motion_generation. Please update your code accordingly.
2026-04-27T00:29:35Z [14,718ms] [Warning] [omni.isaac.motion_generation.lula.kinematics] omni.isaac.motion_generation has been deprecated in favor of isaacsim.robot_motion.motion_generation. Please update your code accordingly.
2026-04-27T00:29:35Z [14,719ms] [Warning] [omni.isaac.motion_generation.lula.motion_policies] omni.isaac.motion_generation has been deprecated in favor of isaacsim.robot_motion.motion_generation. Please update your code accordingly.
2026-04-27T00:29:35Z [14,720ms] [Warning] [omni.isaac.motion_generation.lula.path_planners] omni.isaac.motion_generation has been deprecated in favor of isaacsim.robot_motion.motion_generation. Please update your code accordingly.
2026-04-27T00:29:35Z [14,721ms] [Warning] [omni.isaac.motion_generation.lula.trajectory_generator] omni.isaac.motion_generation has been deprecated in favor of isaacsim.robot_motion.motion_generation. Please update your code accordingly.
2026-04-27T00:29:35Z [14,721ms] [Warning] [omni.isaac.motion_generation.motion_policy_controller] omni.isaac.motion_generation has been deprecated in favor of isaacsim.robot_motion.motion_generation. Please update your code accordingly.
2026-04-27T00:29:35Z [14,722ms] [Warning] [omni.isaac.motion_generation.motion_policy_interface] omni.isaac.motion_generation has been deprecated in favor of isaacsim.robot_motion.motion_generation. Please update your code accordingly.
2026-04-27T00:29:35Z [14,723ms] [Warning] [omni.isaac.motion_generation.path_planner_visualizer] omni.isaac.motion_generation has been deprecated in favor of isaacsim.robot_motion.motion_generation. Please update your code accordingly.
2026-04-27T00:29:35Z [14,724ms] [Warning] [omni.isaac.motion_generation.path_planning_interface] omni.isaac.motion_generation has been deprecated in favor of isaacsim.robot_motion.motion_generation. Please update your code accordingly.
2026-04-27T00:29:35Z [14,724ms] [Warning] [omni.isaac.motion_generation.trajectory] omni.isaac.motion_generation has been deprecated in favor of isaacsim.robot_motion.motion_generation. Please update your code accordingly.
2026-04-27T00:29:35Z [14,725ms] [Warning] [omni.isaac.motion_generation.world_interface] omni.isaac.motion_generation has been deprecated in favor of isaacsim.robot_motion.motion_generation. Please update your code accordingly.
[14.996s] [ext: omni.isaac.assets_check-0.3.13] startup
2026-04-27T00:29:35Z [14,729ms] [Warning] [omni.isaac.assets_check] omni.isaac.assets_check has been deprecated in favor of isaacsim.asset.browser. Please update your code accordingly.
[15.000s] [ext: isaacsim.gui.sensors.icon-2.0.3] startup
[15.051s] [ext: isaacsim.asset.importer.mjcf-2.5.13] startup
[15.070s] [ext: omni.sensors.nv.common-3.0.0] startup
[15.229s] [ext: isaacsim.sensors.physics-0.4.3] startup
[15.242s] [ext: omni.sensors.net-1.0.0] startup
[15.273s] [ext: omni.isaac.nucleus-1.0.6] startup
2026-04-27T00:29:36Z [15,004ms] [Warning] [omni.isaac.nucleus] omni.isaac.nucleus has been deprecated in favor of isaacsim.storage.native. Please update your code accordingly.
2026-04-27T00:29:36Z [15,005ms] [Warning] [omni.isaac.nucleus.nucleus] omni.isaac.nucleus.nucleus has been deprecated in favor of isaacsim.storage.native. Please update your code accordingly.
2026-04-27T00:29:36Z [15,005ms] [Warning] [omni.ext._impl._internal] Found class `Extension` derived from `omni.ext.IExt` in module: 'omni.isaac.nucleus', but it was imported from other extension: 'c:/transformer-rl-retro-propulsion/env_isaaclab/lib/site-packages/isaacsim/exts/isaacsim.storage.native/isaacsim/storage/native/impl/extension.py', which is not a subpath to: 'c:\transformer-rl-retro-propulsion\env_isaaclab\lib\site-packages\isaacsim\extsdeprecated\omni.isaac.nucleus'. Do not import `IExt` derived class from other extension in your public namespace.
[15.275s] [ext: omni.sensors.nv.materials-2.0.0] startup
[15.310s] [ext: isaacsim.robot.policy.examples-4.1.11] startup
[15.313s] [ext: omni.sensors.nv.wpm-3.0.0] startup
[15.328s] [ext: omni.sensors.nv.lidar-3.0.0] startup
[15.386s] [ext: isaacsim.util.debug_draw-3.1.0] startup
[15.398s] [ext: omni.sensors.nv.radar-3.0.0] startup
[15.430s] [ext: omni.sensors.nv.ids-2.0.0] startup
[15.442s] [ext: isaacsim.core.cloner-1.4.10] startup
[15.448s] [ext: isaacsim.sensors.physx-2.3.2] startup
[15.464s] [ext: isaacsim.sensors.rtx-15.8.4] startup
[15.489s] [ext: isaacsim.sensors.camera-1.3.6] startup
[15.503s] [ext: omni.isaac.quadruped-3.0.7] startup
2026-04-27T00:29:36Z [15,235ms] [Warning] [omni.isaac.quadruped] omni.isaac.quadruped has been deprecated in favor of isaacsim.robot.policy.examples. Please update your code accordingly.
[15.506s] [ext: omni.isaac.cloner-1.0.7] startup
2026-04-27T00:29:36Z [15,240ms] [Warning] [omni.isaac.cloner] omni.isaac.cloner has been deprecated in favor of isaacsim.core.cloner. Please update your code accordingly.
[15.512s] [ext: omni.isaac.range_sensor-4.0.6] startup
2026-04-27T00:29:36Z [15,243ms] [Warning] [omni.isaac.range_sensor] omni.isaac.range_sensor has been deprecated in favor of isaacsim.sensors.physx. Please update your code accordingly.
2026-04-27T00:29:36Z [15,244ms] [Warning] [omni.isaac.range_sensor.commands] omni.isaac.range_sensor.commands has been deprecated in favor of isaacsim.sensors.physx.commands. Please update your code accordingly.
[15.515s] [ext: omni.isaac.sensor-13.0.7] startup
2026-04-27T00:29:36Z [15,248ms] [Warning] [omni.isaac.sensor] omni.isaac.sensor has been deprecated in favor of isaacsim.sensors.camera, isaacsim.sensors.physics, isaacsim.sensors.physx, and isaacsim.sensors.rtx. Please update your code accordingly.
2026-04-27T00:29:36Z [15,249ms] [Warning] [omni.isaac.sensor.camera] omni.isaac.sensor.camera has been deprecated in favor of isaacsim.sensors.camera.camera. Please update your code accordingly.
2026-04-27T00:29:36Z [15,249ms] [Warning] [omni.isaac.sensor.camera_view] omni.isaac.sensor.camera_view has been deprecated in favor of isaacsim.sensors.camera.camera_view. Please update your code accordingly.
2026-04-27T00:29:36Z [15,250ms] [Warning] [omni.isaac.sensor.commands] omni.isaac.sensor.commands has been deprecated in favor of isaacsim.sensors.physics.commands, isaacsim.sensors.physx.commands, and isaacsim.sensors.rtx.commands. Please update your code accordingly.
2026-04-27T00:29:36Z [15,251ms] [Warning] [omni.isaac.sensor.contact_sensor] omni.isaac.sensor.contact_sensor has been deprecated in favor of isaacsim.sensors.physics.contact_sensor. Please update your code accordingly.
2026-04-27T00:29:36Z [15,251ms] [Warning] [omni.isaac.sensor.imu_sensor] omni.isaac.sensor.imu_sensor has been deprecated in favor of isaacsim.sensors.physics.imu_sensor. Please update your code accordingly.
2026-04-27T00:29:36Z [15,252ms] [Warning] [omni.isaac.sensor.lidar_rtx] omni.isaac.sensor.lidar_rtx has been deprecated in favor of isaacsim.sensors.rtx.lidar_rtx. Please update your code accordingly.
2026-04-27T00:29:36Z [15,252ms] [Warning] [omni.isaac.sensor.rotating_lidar_physX] omni.isaac.sensor.imu_sensor has been deprecated in favor of isaacsim.sensors.physix.rotating_lidar_physX. Please update your code accordingly.
2026-04-27T00:29:36Z [15,254ms] [Warning] [omni.isaac.sensor.scripts.samples.contact_sensor] omni.isaac.sensor.scripts.samples.contact_sensor has been deprecated in favor of isaacsim.sensors.physics.scripts.samples.contact_sensor. Please update your code accordingly.
2026-04-27T00:29:36Z [15,255ms] [Warning] [omni.isaac.sensor.scripts.samples.imu_sensor] omni.isaac.sensor.scripts.samples.imu_sensor has been deprecated in favor of isaacsim.sensors.physics.scripts.samples.imu_sensor. Please update your code accordingly.
2026-04-27T00:29:36Z [15,256ms] [Warning] [omni.isaac.sensor.scripts.samples.lightbeam_sensor] omni.isaac.sensor.scripts.samples.lightbeam_sensor has been deprecated in favor of isaacsim.sensors.physx.scripts.samples.lightbeam_sensor. Please update your code accordingly.
[15.527s] [ext: omni.kit.menu.create-2.0.1] startup
[15.536s] [ext: omni.kit.widget.toolbar-2.0.1] startup
[15.558s] [ext: omni.kit.manipulator.transform-107.0.0] startup
[15.570s] [ext: omni.isaac.core-4.0.7] startup
2026-04-27T00:29:36Z [15,302ms] [Warning] [omni.isaac.core.physics_context.physics_context] omni.isaac.core.physics_context.physics_context has been deprecated in favor of isaacsim.core.api.physics_context.physics_context. Please update your code accordingly.
2026-04-27T00:29:36Z [15,303ms] [Warning] [omni.isaac.core.simulation_context.simulation_context] omni.isaac.core.simulation_context.simulation_context has been deprecated in favor of isaacsim.core.api.simulation_context.simulation_context. Please update your code accordingly.
2026-04-27T00:29:36Z [15,304ms] [Warning] [omni.isaac.core.world.world] omni.isaac.core.world.world has been deprecated in favor of isaacsim.core.api.world.world. Please update your code accordingly.
2026-04-27T00:29:36Z [15,304ms] [Warning] [omni.isaac.core] omni.isaac.core has been deprecated in favor of isaacsim.core.api. Please update your code accordingly.
[15.575s] [ext: omni.kit.scripting-107.3.2] startup
[15.590s] [ext: omni.kit.manipulator.tool.snap-1.5.13] startup
[15.606s] [ext: omni.kit.manipulator.selector-1.1.3] startup
[15.611s] [ext: isaacsim.app.about-2.0.11] startup
[15.633s] [ext: isaacsim.replicator.behavior-1.1.16] startup
[15.635s] [ext: omni.kit.viewport.manipulator.transform-107.0.4] startup
[15.642s] [ext: omni.isaac.window.about-2.0.7] startup
2026-04-27T00:29:36Z [15,377ms] [Warning] [omni.isaac.window.about] omni.isaac.window.about has been deprecated in favor of isaacsim.app.about. Please update your code accordingly.
2026-04-27T00:29:36Z [15,378ms] [Warning] [omni.isaac.window.about.about] omni.isaac.window.about.about has been deprecated in favor of isaacsim.app.about.about. Please update your code accordingly.
[15.649s] [ext: omni.fabric.commands-1.1.6] startup
[15.659s] [ext: omni.kit.manipulator.prim.core-107.0.8] startup
[15.680s] [ext: omni.kit.property.audio-1.0.16] startup
[15.684s] [ext: omni.kit.property.camera-1.0.10] startup
[15.687s] [ext: omni.kit.property.geometry-2.0.4] startup
[15.695s] [ext: omni.hydra.scene_api-0.1.2] startup
[15.705s] [ext: omni.kit.property.light-1.0.12] startup
[15.728s] [ext: omni.kit.manipulator.prim.fabric-107.0.4] startup
[15.734s] [ext: omni.kit.manipulator.prim.usd-107.0.3] startup
[15.738s] [ext: omni.kit.property.material-1.11.9] startup
[15.761s] [ext: omni.kit.property.render-1.2.1] startup
[15.765s] [ext: omni.kit.property.transform-1.5.13] startup
[15.774s] [ext: isaacsim.gui.property-1.1.3] startup
[15.780s] [ext: omni.kit.manipulator.camera-106.0.4] startup
[15.791s] [ext: omni.kit.manipulator.prim-107.0.0] startup
[15.791s] [ext: omni.isaac.surface_gripper-2.0.6] startup
2026-04-27T00:29:36Z [15,522ms] [Warning] [omni.isaac.surface_gripper] omni.isaac.surface_gripper has been deprecated in favor of isaacsim.robot.surface_gripper. Please update your code accordingly.
2026-04-27T00:29:36Z [15,522ms] [Warning] [omni.ext._impl._internal] Found class `Extension` derived from `omni.ext.IExt` in module: 'omni.isaac.surface_gripper', but it was imported from other extension: 'c:/transformer-rl-retro-propulsion/env_isaaclab/lib/site-packages/isaacsim/exts/isaacsim.robot.surface_gripper/isaacsim/robot/surface_gripper/impl/extension.py', which is not a subpath to: 'c:\transformer-rl-retro-propulsion\env_isaaclab\lib\site-packages\isaacsim\extsdeprecated\omni.isaac.surface_gripper'. Do not import `IExt` derived class from other extension in your public namespace.
[15.793s] [ext: omni.kit.manipulator.selection-106.0.1] startup
[15.801s] [ext: omni.kit.property.bundle-1.4.1] startup
[15.805s] [ext: omni.kit.property.isaac-1.0.6] startup
2026-04-27T00:29:36Z [15,537ms] [Warning] [omni.kit.property.isaac] omni.kit.property.isaac has been deprecated in favor of isaacsim.gui.property. Please update your code accordingly.
2026-04-27T00:29:36Z [15,537ms] [Warning] [omni.kit.property.isaac.widgets] omni.kit.property.isaac.widgets has been deprecated in favor of isaacsim.gui.property.widgets. Please update your code accordingly.
[15.808s] [ext: omni.isaac.universal_robots-1.0.6] startup
2026-04-27T00:29:36Z [15,539ms] [Warning] [omni.isaac.universal_robots] omni.isaac.universal_robots has been deprecated in favor of isaacsim.robot.manipulators.examples.universal_robots. Please update your code accordingly.
2026-04-27T00:29:36Z [15,540ms] [Warning] [omni.isaac.universal_robots.kinematics_solver] omni.isaac.franka has been deprecated in favor of isaacsim.robot.manipulators.examples.universal_robots. Please update your code accordingly.
2026-04-27T00:29:36Z [15,544ms] [Warning] [omni.isaac.universal_robots.ur10] omni.isaac.franka has been deprecated in favor of isaacsim.robot.manipulators.examples.universal_robots. Please update your code accordingly.
[15.815s] [ext: omni.isaac.core_nodes-2.0.6] startup
2026-04-27T00:29:36Z [15,548ms] [Warning] [omni.isaac.core_nodes] omni.isaac.core_nodes has been deprecated in favor of isaacsim.core.nodes. Please update your code accordingly.
[15.819s] [ext: omni.kit.viewport.menubar.camera-107.0.6] startup
[15.837s] [ext: omni.kit.viewport.menubar.lighting-107.3.1] startup
[15.844s] [ext: isaacsim.replicator.writers-1.0.17] startup
[15.892s] [ext: omni.kit.viewport.menubar.render-107.0.10] startup
[15.905s] [ext: omni.kit.viewport.menubar.settings-107.0.3] startup
[15.918s] [ext: omni.kit.window.console-1.1.4] startup
[15.935s] [ext: isaacsim.replicator.domain_randomization-1.0.16] startup
[15.945s] [ext: isaacsim.replicator.examples-1.3.6] startup
[15.950s] [ext: omni.ocio-0.1.1] startup
[15.961s] [ext: omni.rtx.window.settings-0.6.19] startup
[15.976s] [ext: omni.kit.window.status_bar-0.1.9] startup
[15.985s] [ext: omni.kit.window.toolbar-2.0.0] startup
[15.995s] [ext: omni.replicator.isaac-2.0.8] startup
2026-04-27T00:29:36Z [15,727ms] [Warning] [omni.replicator.isaac] omni.replicator.isaac has been deprecated in favor of isaacsim.replicator.domain_randomization, isaacsim.replicator.examples, isaacsim.replicator.writers. Please update your code accordingly.
[15.998s] [ext: omni.replicator.replicator_yaml-2.0.11] startup
[16.037s] [ext: omni.rtx.settings.core-0.6.5] startup
[16.048s] [ext: omni.usd.metrics.assembler.ui-107.3.1] startup
[16.062s] [ext: omni.isaac.utils-2.0.6] startup
[16.067s] [ext: semantics.schema.editor-2.0.2] startup
[16.075s] [ext: omni.kit.ui.actions-1.0.5] startup
[16.079s] [ext: semantics.schema.property-2.0.1] startup
[16.085s] [ext: omni.isaac.version-2.0.7] startup
2026-04-27T00:29:36Z [15,817ms] [Warning] [omni.isaac.version] omni.isaac.version has been deprecated in favor of isaacsim.core.version. Please update your code accordingly.
[16.088s] [ext: omni.isaac.cortex-1.0.5] startup
[16.089s] [ext: omni.anim.curve.core-1.3.1] startup
[16.118s] [ext: isaacsim.core.throttling-2.2.2] startup
[16.126s] [ext: omni.kit.menu.common-2.0.1] startup
[16.130s] [ext: isaacsim.exp.base-5.1.0] startup
[16.131s] [ext: isaacsim.exp.base.python-5.1.0] startup
[16.134s] Simulation App Starting
2026-04-27T00:29:37Z [16,879ms] [Warning] [omni.fabric.plugin] Warning: attribute overrideClipRange not found for bucket id 9

[17.169s] app ready
Starting kit application with the following args:  ['C:\\Transformer-rl-retro-propulsion\\env_isaaclab\\Lib\\site-packages\\isaacsim\\exts\\isaacsim.simulation_app\\isaacsim\\simulation_app\\simulation_app.py', 'C:\\Transformer-rl-retro-propulsion\\env_isaaclab\\Lib\\site-packages\\isaacsim\\apps/isaacsim.exp.base.python.kit', '--/app/tokens/exe-path=C:\\Transformer-rl-retro-propulsion\\env_isaaclab\\Lib\\site-packages\\isaacsim\\kit', '--/persistent/app/viewport/displayOptions=3094', '--/rtx/materialDb/syncLoads=True', '--/rtx/hydra/materialSyncLoads=True', '--/omni.kit.plugin/syncUsdLoads=True', '--/app/renderer/resolution/width=1280', '--/app/renderer/resolution/height=720', '--/app/window/width=1440', '--/app/window/height=900', '--/renderer/multiGpu/enabled=True', '--/app/fastShutdown=True', '--/app/installSignalHandlers=0', '--ext-folder', 'C:\\Transformer-rl-retro-propulsion\\env_isaaclab\\Lib\\site-packages\\isaacsim/exts', '--ext-folder', 'C:\\Transformer-rl-retro-propulsion\\env_isaaclab\\Lib\\site-packages\\isaacsim/apps', '--/physics/cudaDevice=0', '--/plugins/carb.tasking.plugin/threadCount=24', '--/plugins/omni.tbb.globalcontrol/maxThreadCount=24', '--portable', '--no-window', '--/app/window/hideUi=1']
Passing the following args to the base kit application:  ['--task', 'landing', '--total-steps', '5000000', '--eval-interval', '250000', '--save-interval', '250000', '--eval-seconds', '30.0', '--max-wall-time', '7200', '--headless']
Warp 1.8.2 initialized:
   CUDA Toolkit 12.8, Driver 13.0
   Devices:
     "cpu"      : "AMD64 Family 26 Model 68 Stepping 0, AuthenticAMD"
     "cuda:0"   : "NVIDIA GeForce RTX 5070" (12 GiB, sm_120, mempool enabled)
   Kernel cache:
     C:\Users\tngzj\AppData\Local\NVIDIA\warp\Cache\1.8.2
Warp DeprecationWarning: The `warp.sim` module is deprecated and will be removed in v1.10. Please transition to using the forthcoming Newton library instead.

[36m===================================================================================================================[0m
[36m[1m[INFO][IsaacLab]: Logging to file: C:\Users\tngzj\AppData\Local\Temp\isaaclab\logs\isaaclab_2026-04-26_19-29-41.log[0m
[36m===================================================================================================================[0m

{"type":"train_update","update":1,"global_step":16384,"wall_s":8.63,"sps":1898.9,"loss":2303.11058,"loss_ema":2303.11058,"loss_plateau_delta":null,"loss_plateau_count":0,"pg_loss":-0.000691,"v_loss":4606.203522,"entropy":-1.903336,"approx_kl":0.005091,"clipfrac":0.1038,"reward_mean":-3.2648,"reward_std":29.555,"reward_min":-204.1853,"reward_max":427.0752,"reward_scale":1.0,"throttle_mean":0.7581,"throttle_min":0.136,"throttle_max":0.9825}
step=16,384 reward_mean=-3.265 kl=0.00509 clipfrac=0.104 eval={'landed_fraction': 1.0, 'crashed_fraction': 1.0, 'mean_touchdown_speed': 0.0119753647595644, 'max_touchdown_speed': 0.40015459060668945, 'mean_pad_distance': 2.238795757293701, 'max_pad_distance': 5.037928104400635, 'mean_delta_v_proxy': 15.487956047058105, 'mean_eval_throttle': 0.7769058107667499, 'max_eval_throttle': 0.7934004664421082, 'max_upward_speed': 1.4446316957473755, 'max_downward_speed': 9.414656639099121, 'passed': False}
{"type":"train_update","update":2,"global_step":32768,"wall_s":64.65,"sps":506.8,"loss":2278.244545,"loss_ema":2298.137373,"loss_plateau_delta":4.973207,"loss_plateau_count":0,"pg_loss":-0.002274,"v_loss":4556.474625,"entropy":-1.901605,"approx_kl":0.004361,"clipfrac":0.0364,"reward_mean":-3.0832,"reward_std":29.6301,"reward_min":-205.8201,"reward_max":465.2866,"reward_scale":1.0,"throttle_mean":0.7562,"throttle_min":0.154,"throttle_max":0.9864}
{"type":"train_update","update":3,"global_step":49152,"wall_s":71.05,"sps":691.8,"loss":2997.796112,"loss_ema":2438.069121,"loss_plateau_delta":139.931748,"loss_plateau_count":0,"pg_loss":-0.001075,"v_loss":5995.575333,"entropy":-1.902189,"approx_kl":0.005062,"clipfrac":0.0196,"reward_mean":-3.8212,"reward_std":35.1056,"reward_min":-204.3162,"reward_max":424.506,"reward_scale":1.0,"throttle_mean":0.7585,"throttle_min":0.1914,"throttle_max":0.9872}
{"type":"train_update","update":4,"global_step":65536,"wall_s":78.62,"sps":833.6,"loss":2866.803986,"loss_ema":2523.816094,"loss_plateau_delta":85.746973,"loss_plateau_count":0,"pg_loss":-0.001234,"v_loss":5733.591446,"entropy":-1.900305,"approx_kl":0.005874,"clipfrac":0.0339,"reward_mean":-3.4529,"reward_std":34.6337,"reward_min":-204.056,"reward_max":434.9249,"reward_scale":1.0,"throttle_mean":0.7555,"throttle_min":0.1471,"throttle_max":0.9884}
{"type":"train_update","update":5,"global_step":81920,"wall_s":85.25,"sps":960.9,"loss":2945.451218,"loss_ema":2608.143119,"loss_plateau_delta":84.327025,"loss_plateau_count":0,"pg_loss":-0.001475,"v_loss":5890.886429,"entropy":-1.89884,"approx_kl":0.003157,"clipfrac":0.045,"reward_mean":-3.3431,"reward_std":35.5702,"reward_min":-204.2988,"reward_max":441.7831,"reward_scale":1.0,"throttle_mean":0.7627,"throttle_min":0.1922,"throttle_max":0.9818}
{"type":"train_update","update":6,"global_step":98304,"wall_s":91.71,"sps":1071.8,"loss":2747.992935,"loss_ema":2636.113082,"loss_plateau_delta":27.969963,"loss_plateau_count":0,"pg_loss":-0.002227,"v_loss":5495.971375,"entropy":-1.896204,"approx_kl":0.004016,"clipfrac":0.0517,"reward_mean":-3.7058,"reward_std":33.8862,"reward_min":-204.4876,"reward_max":421.9476,"reward_scale":1.0,"throttle_mean":0.7659,"throttle_min":0.1875,"throttle_max":0.9889}
{"type":"train_update","update":7,"global_step":114688,"wall_s":99.65,"sps":1150.9,"loss":2937.949272,"loss_ema":2696.48032,"loss_plateau_delta":60.367238,"loss_plateau_count":0,"pg_loss":-0.000692,"v_loss":5875.881012,"entropy":-1.894028,"approx_kl":0.003099,"clipfrac":0.0688,"reward_mean":-3.0121,"reward_std":35.8327,"reward_min":-204.2302,"reward_max":451.3266,"reward_scale":1.0,"throttle_mean":0.7663,"throttle_min":0.16,"throttle_max":0.9851}
{"type":"train_update","update":8,"global_step":131072,"wall_s":106.35,"sps":1232.5,"loss":2922.468109,"loss_ema":2741.677878,"loss_plateau_delta":45.197558,"loss_plateau_count":0,"pg_loss":-0.001244,"v_loss":5844.919754,"entropy":-1.890359,"approx_kl":0.005246,"clipfrac":0.0632,"reward_mean":-2.9986,"reward_std":35.5862,"reward_min":-204.3498,"reward_max":441.7298,"reward_scale":1.0,"throttle_mean":0.7681,"throttle_min":0.1273,"throttle_max":0.9839}
{"type":"train_update","update":9,"global_step":147456,"wall_s":113.06,"sps":1304.3,"loss":2869.601051,"loss_ema":2767.262513,"loss_plateau_delta":25.584635,"loss_plateau_count":0,"pg_loss":-0.001163,"v_loss":5739.185486,"entropy":-1.893584,"approx_kl":0.004665,"clipfrac":0.0502,"reward_mean":-3.008,"reward_std":35.4819,"reward_min":-204.5371,"reward_max":454.2521,"reward_scale":1.0,"throttle_mean":0.7621,"throttle_min":0.1689,"throttle_max":0.9816}
{"type":"train_update","update":10,"global_step":163840,"wall_s":120.25,"sps":1362.5,"loss":2864.49147,"loss_ema":2786.708304,"loss_plateau_delta":19.445792,"loss_plateau_count":0,"pg_loss":-0.000741,"v_loss":5728.965515,"entropy":-1.894006,"approx_kl":0.007946,"clipfrac":0.0564,"reward_mean":-2.5872,"reward_std":35.8094,"reward_min":-204.1487,"reward_max":449.9449,"reward_scale":1.0,"throttle_mean":0.7655,"throttle_min":0.1627,"throttle_max":0.9858}
{"type":"train_update","update":11,"global_step":180224,"wall_s":127.42,"sps":1414.4,"loss":2904.055481,"loss_ema":2810.177739,"loss_plateau_delta":23.469435,"loss_plateau_count":0,"pg_loss":-0.001474,"v_loss":5808.094986,"entropy":-1.893704,"approx_kl":0.003334,"clipfrac":0.0587,"reward_mean":-2.9319,"reward_std":35.6373,"reward_min":-203.947,"reward_max":434.4334,"reward_scale":1.0,"throttle_mean":0.7689,"throttle_min":0.1682,"throttle_max":0.9849}
{"type":"train_update","update":12,"global_step":196608,"wall_s":134.13,"sps":1465.8,"loss":2847.23027,"loss_ema":2817.588246,"loss_plateau_delta":7.410506,"loss_plateau_count":0,"pg_loss":-0.001894,"v_loss":5694.445419,"entropy":-1.893767,"approx_kl":0.004022,"clipfrac":0.0454,"reward_mean":-2.4999,"reward_std":35.7304,"reward_min":-204.3597,"reward_max":452.3324,"reward_scale":1.0,"throttle_mean":0.7654,"throttle_min":0.175,"throttle_max":0.9902}
{"type":"train_update","update":13,"global_step":212992,"wall_s":140.18,"sps":1519.4,"loss":2903.620338,"loss_ema":2834.794664,"loss_plateau_delta":17.206419,"loss_plateau_count":0,"pg_loss":-0.001971,"v_loss":5807.225601,"entropy":-1.898973,"approx_kl":0.004644,"clipfrac":0.0267,"reward_mean":-2.117,"reward_std":36.5264,"reward_min":-204.2029,"reward_max":436.2299,"reward_scale":1.0,"throttle_mean":0.7695,"throttle_min":0.1664,"throttle_max":0.986}
{"type":"train_update","update":14,"global_step":229376,"wall_s":148.21,"sps":1547.6,"loss":2817.590797,"loss_ema":2831.353891,"loss_plateau_delta":3.440773,"loss_plateau_count":0,"pg_loss":-0.002157,"v_loss":5635.166824,"entropy":-1.905368,"approx_kl":0.004769,"clipfrac":0.0328,"reward_mean":-2.5674,"reward_std":35.5707,"reward_min":-204.3207,"reward_max":439.8453,"reward_scale":1.0,"throttle_mean":0.7679,"throttle_min":0.1416,"throttle_max":0.9856}
{"type":"train_update","update":15,"global_step":245760,"wall_s":154.61,"sps":1589.5,"loss":2775.421417,"loss_ema":2820.167396,"loss_plateau_delta":11.186495,"loss_plateau_count":0,"pg_loss":-0.001659,"v_loss":5550.827103,"entropy":-1.906044,"approx_kl":0.004283,"clipfrac":0.0405,"reward_mean":-2.8219,"reward_std":35.1549,"reward_min":-204.1799,"reward_max":445.0214,"reward_scale":1.0,"throttle_mean":0.7698,"throttle_min":0.1608,"throttle_max":0.9859}
{"type":"train_update","update":16,"global_step":262144,"wall_s":161.12,"sps":1627.0,"loss":2744.636703,"loss_ema":2805.061258,"loss_plateau_delta":15.106139,"loss_plateau_count":0,"pg_loss":-0.002075,"v_loss":5489.258453,"entropy":-1.909393,"approx_kl":0.006172,"clipfrac":0.0401,"reward_mean":-2.7049,"reward_std":35.1065,"reward_min":-204.0618,"reward_max":421.8217,"reward_scale":1.0,"throttle_mean":0.7737,"throttle_min":0.2129,"throttle_max":0.9849}
step=262,144 reward_mean=-2.705 kl=0.00617 clipfrac=0.040 eval={'landed_fraction': 1.0, 'crashed_fraction': 1.0, 'mean_touchdown_speed': 0.02872142195701599, 'max_touchdown_speed': 0.5614264011383057, 'mean_pad_distance': 2.447932004928589, 'max_pad_distance': 6.026210308074951, 'mean_delta_v_proxy': 16.531944274902344, 'mean_eval_throttle': 0.7989938080973096, 'max_eval_throttle': 0.8340213894844055, 'max_upward_speed': 1.4110215902328491, 'max_downward_speed': 8.897828102111816, 'passed': False}
{"type":"train_update","update":17,"global_step":278528,"wall_s":215.65,"sps":1291.6,"loss":2313.429848,"loss_ema":2706.734976,"loss_plateau_delta":98.326282,"loss_plateau_count":0,"pg_loss":-0.001821,"v_loss":4626.84436,"entropy":-1.90419,"approx_kl":0.006377,"clipfrac":0.0381,"reward_mean":-2.3713,"reward_std":30.9976,"reward_min":-204.0029,"reward_max":419.3756,"reward_scale":1.0,"throttle_mean":0.776,"throttle_min":0.1527,"throttle_max":0.9853}
{"type":"train_update","update":18,"global_step":294912,"wall_s":222.5,"sps":1325.5,"loss":2698.487633,"loss_ema":2705.085507,"loss_plateau_delta":1.649469,"loss_plateau_count":0,"pg_loss":-0.001653,"v_loss":5396.959595,"entropy":-1.900099,"approx_kl":0.00544,"clipfrac":0.0354,"reward_mean":-2.8673,"reward_std":34.1321,"reward_min":-204.5497,"reward_max":450.8772,"reward_scale":1.0,"throttle_mean":0.7761,"throttle_min":0.1768,"throttle_max":0.9889}
{"type":"train_update","update":19,"global_step":311296,"wall_s":229.25,"sps":1357.9,"loss":2640.737633,"loss_ema":2692.215932,"loss_plateau_delta":12.869575,"loss_plateau_count":0,"pg_loss":-0.001321,"v_loss":5281.458862,"entropy":-1.899882,"approx_kl":0.003159,"clipfrac":0.0165,"reward_mean":-3.2875,"reward_std":34.1259,"reward_min":-204.3198,"reward_max":418.1976,"reward_scale":1.0,"throttle_mean":0.7749,"throttle_min":0.1103,"throttle_max":0.9903}
{"type":"train_update","update":20,"global_step":327680,"wall_s":235.84,"sps":1389.4,"loss":2735.236404,"loss_ema":2700.820027,"loss_plateau_delta":8.604094,"loss_plateau_count":0,"pg_loss":-0.001704,"v_loss":5470.45723,"entropy":-1.900055,"approx_kl":0.006365,"clipfrac":0.036,"reward_mean":-2.7214,"reward_std":35.0903,"reward_min":-204.1978,"reward_max":421.9401,"reward_scale":1.0,"throttle_mean":0.7735,"throttle_min":0.1652,"throttle_max":0.9817}
{"type":"train_update","update":21,"global_step":344064,"wall_s":243.21,"sps":1414.7,"loss":2843.353165,"loss_ema":2729.326654,"loss_plateau_delta":28.506628,"loss_plateau_count":0,"pg_loss":-0.001984,"v_loss":5686.69133,"entropy":-1.895864,"approx_kl":0.006277,"clipfrac":0.0312,"reward_mean":-2.5571,"reward_std":36.1366,"reward_min":-204.6501,"reward_max":404.0921,"reward_scale":1.0,"throttle_mean":0.7687,"throttle_min":0.1911,"throttle_max":0.9866}
{"type":"train_update","update":22,"global_step":360448,"wall_s":250.08,"sps":1441.3,"loss":2813.671204,"loss_ema":2746.195564,"loss_plateau_delta":16.86891,"loss_plateau_count":0,"pg_loss":-0.002145,"v_loss":5627.327728,"entropy":-1.894706,"approx_kl":0.004969,"clipfrac":0.037,"reward_mean":-2.5251,"reward_std":35.9655,"reward_min":-204.4583,"reward_max":466.1374,"reward_scale":1.0,"throttle_mean":0.777,"throttle_min":0.1666,"throttle_max":0.9877}
{"type":"train_update","update":23,"global_step":376832,"wall_s":256.26,"sps":1470.5,"loss":2876.686562,"loss_ema":2772.293764,"loss_plateau_delta":26.098199,"loss_plateau_count":0,"pg_loss":-0.001535,"v_loss":5753.357239,"entropy":-1.897313,"approx_kl":0.003667,"clipfrac":0.0371,"reward_mean":-2.4389,"reward_std":36.2344,"reward_min":-204.5408,"reward_max":443.0096,"reward_scale":1.0,"throttle_mean":0.7688,"throttle_min":0.1702,"throttle_max":0.9909}
{"type":"train_update","update":24,"global_step":393216,"wall_s":264.35,"sps":1487.5,"loss":2767.304787,"loss_ema":2771.295968,"loss_plateau_delta":0.997795,"loss_plateau_count":0,"pg_loss":-0.002415,"v_loss":5534.595459,"entropy":-1.897202,"approx_kl":0.004547,"clipfrac":0.0369,"reward_mean":-2.661,"reward_std":35.1851,"reward_min":-204.4896,"reward_max":426.8943,"reward_scale":1.0,"throttle_mean":0.7727,"throttle_min":0.1578,"throttle_max":0.9913}
{"type":"train_update","update":25,"global_step":409600,"wall_s":270.71,"sps":1513.0,"loss":2721.040886,"loss_ema":2761.244952,"loss_plateau_delta":10.051016,"loss_plateau_count":0,"pg_loss":-0.001134,"v_loss":5442.065063,"entropy":-1.895196,"approx_kl":0.004754,"clipfrac":0.032,"reward_mean":-2.7856,"reward_std":35.1511,"reward_min":-204.3295,"reward_max":425.9307,"reward_scale":1.0,"throttle_mean":0.776,"throttle_min":0.2102,"throttle_max":0.9894}
{"type":"train_update","update":26,"global_step":425984,"wall_s":277.39,"sps":1535.7,"loss":2834.978043,"loss_ema":2775.99157,"loss_plateau_delta":14.746618,"loss_plateau_count":0,"pg_loss":-0.001351,"v_loss":5669.939835,"entropy":-1.895131,"approx_kl":0.00401,"clipfrac":0.0329,"reward_mean":-2.9907,"reward_std":35.4608,"reward_min":-204.4212,"reward_max":438.9246,"reward_scale":1.0,"throttle_mean":0.773,"throttle_min":0.0666,"throttle_max":0.9879}
{"type":"train_update","update":27,"global_step":442368,"wall_s":284.32,"sps":1555.9,"loss":2751.921463,"loss_ema":2771.177549,"loss_plateau_delta":4.814021,"loss_plateau_count":0,"pg_loss":-0.001467,"v_loss":5503.826935,"entropy":-1.894344,"approx_kl":0.004951,"clipfrac":0.0249,"reward_mean":-2.4937,"reward_std":35.6081,"reward_min":-204.6529,"reward_max":436.5766,"reward_scale":1.0,"throttle_mean":0.7748,"throttle_min":0.1841,"throttle_max":0.9889}
{"type":"train_update","update":28,"global_step":458752,"wall_s":291.38,"sps":1574.4,"loss":2759.116592,"loss_ema":2768.765357,"loss_plateau_delta":2.412191,"loss_plateau_count":0,"pg_loss":-0.001677,"v_loss":5518.217606,"entropy":-1.89495,"approx_kl":0.008591,"clipfrac":0.0365,"reward_mean":-2.5363,"reward_std":35.8274,"reward_min":-204.9845,"reward_max":420.9027,"reward_scale":1.0,"throttle_mean":0.7786,"throttle_min":0.1515,"throttle_max":0.9933}
{"type":"train_update","update":29,"global_step":475136,"wall_s":298.06,"sps":1594.1,"loss":2696.698929,"loss_ema":2754.352072,"loss_plateau_delta":14.413286,"loss_plateau_count":0,"pg_loss":-0.002104,"v_loss":5393.383057,"entropy":-1.90112,"approx_kl":0.003899,"clipfrac":0.0272,"reward_mean":-2.7769,"reward_std":34.8348,"reward_min":-204.3198,"reward_max":423.2463,"reward_scale":1.0,"throttle_mean":0.7809,"throttle_min":0.1781,"throttle_max":0.9892}
{"type":"train_update","update":30,"global_step":491520,"wall_s":304.23,"sps":1615.6,"loss":2829.577675,"loss_ema":2769.397192,"loss_plateau_delta":15.045121,"loss_plateau_count":0,"pg_loss":-0.00194,"v_loss":5659.140137,"entropy":-1.905193,"approx_kl":0.005233,"clipfrac":0.0262,"reward_mean":-2.5287,"reward_std":36.0438,"reward_min":-204.5808,"reward_max":457.3131,"reward_scale":1.0,"throttle_mean":0.7751,"throttle_min":0.1889,"throttle_max":0.9932}
{"type":"train_update","update":31,"global_step":507904,"wall_s":312.17,"sps":1627.0,"loss":2709.889748,"loss_ema":2757.495703,"loss_plateau_delta":11.901489,"loss_plateau_count":0,"pg_loss":-0.001993,"v_loss":5419.764435,"entropy":-1.910144,"approx_kl":0.004145,"clipfrac":0.0397,"reward_mean":-2.7246,"reward_std":35.091,"reward_min":-204.4526,"reward_max":426.9832,"reward_scale":1.0,"throttle_mean":0.7764,"throttle_min":0.2232,"throttle_max":0.9843}
step=507,904 reward_mean=-2.725 kl=0.00414 clipfrac=0.040 eval={'landed_fraction': 1.0, 'crashed_fraction': 1.0, 'mean_touchdown_speed': 0.022367138415575027, 'max_touchdown_speed': 0.4559086859226227, 'mean_pad_distance': 2.2648653984069824, 'max_pad_distance': 5.158299922943115, 'mean_delta_v_proxy': 16.66130828857422, 'mean_eval_throttle': 0.8027871337201861, 'max_eval_throttle': 0.842156171798706, 'max_upward_speed': 2.104494333267212, 'max_downward_speed': 9.040846824645996, 'passed': False}
{"type":"train_update","update":32,"global_step":524288,"wall_s":367.12,"sps":1428.1,"loss":2197.665443,"loss_ema":2645.529651,"loss_plateau_delta":111.966052,"loss_plateau_count":0,"pg_loss":-0.001763,"v_loss":4395.315292,"entropy":-1.911724,"approx_kl":0.003067,"clipfrac":0.0426,"reward_mean":-2.6254,"reward_std":30.2815,"reward_min":-205.9447,"reward_max":437.4265,"reward_scale":1.0,"throttle_mean":0.7795,"throttle_min":0.1388,"throttle_max":0.9862}
{"type":"train_update","update":33,"global_step":540672,"wall_s":373.43,"sps":1447.9,"loss":2684.079323,"loss_ema":2653.239586,"loss_plateau_delta":7.709934,"loss_plateau_count":0,"pg_loss":-0.002128,"v_loss":5368.143784,"entropy":-1.910519,"approx_kl":0.003858,"clipfrac":0.0287,"reward_mean":-3.3586,"reward_std":34.3363,"reward_min":-204.1254,"reward_max":420.7758,"reward_scale":1.0,"throttle_mean":0.7754,"throttle_min":0.1838,"throttle_max":0.9882}
{"type":"train_update","update":34,"global_step":557056,"wall_s":381.22,"sps":1461.2,"loss":2783.956711,"loss_ema":2679.383011,"loss_plateau_delta":26.143425,"loss_plateau_count":0,"pg_loss":-0.002025,"v_loss":5567.898376,"entropy":-1.906617,"approx_kl":0.00441,"clipfrac":0.0328,"reward_mean":-1.8097,"reward_std":36.6034,"reward_min":-204.1786,"reward_max":398.401,"reward_scale":1.0,"throttle_mean":0.778,"throttle_min":0.1738,"throttle_max":0.9876}
{"type":"train_update","update":35,"global_step":573440,"wall_s":387.77,"sps":1478.8,"loss":2728.631805,"loss_ema":2689.23277,"loss_plateau_delta":9.849759,"loss_plateau_count":0,"pg_loss":-0.001287,"v_loss":5457.247162,"entropy":-1.902795,"approx_kl":0.004765,"clipfrac":0.0329,"reward_mean":-2.4446,"reward_std":35.4986,"reward_min":-204.1428,"reward_max":442.7501,"reward_scale":1.0,"throttle_mean":0.7803,"throttle_min":0.1763,"throttle_max":0.9884}
{"type":"train_update","update":36,"global_step":589824,"wall_s":394.46,"sps":1495.3,"loss":2703.778252,"loss_ema":2692.141866,"loss_plateau_delta":2.909096,"loss_plateau_count":0,"pg_loss":-0.000951,"v_loss":5407.539413,"entropy":-1.898493,"approx_kl":0.004478,"clipfrac":0.0385,"reward_mean":-2.458,"reward_std":35.4916,"reward_min":-204.2469,"reward_max":441.4845,"reward_scale":1.0,"throttle_mean":0.7772,"throttle_min":0.1751,"throttle_max":0.989}
{"type":"train_update","update":37,"global_step":606208,"wall_s":401.36,"sps":1510.4,"loss":2682.696754,"loss_ema":2690.252844,"loss_plateau_delta":1.889022,"loss_plateau_count":0,"pg_loss":-0.002132,"v_loss":5365.378784,"entropy":-1.898578,"approx_kl":0.004982,"clipfrac":0.0262,"reward_mean":-2.3846,"reward_std":35.66,"reward_min":-204.2621,"reward_max":438.7058,"reward_scale":1.0,"throttle_mean":0.7782,"throttle_min":0.1113,"throttle_max":0.9921}
{"type":"train_update","update":38,"global_step":622592,"wall_s":408.72,"sps":1523.3,"loss":2771.209534,"loss_ema":2706.444182,"loss_plateau_delta":16.191338,"loss_plateau_count":0,"pg_loss":-0.001375,"v_loss":5542.402847,"entropy":-1.898091,"approx_kl":0.007125,"clipfrac":0.0599,"reward_mean":-2.1582,"reward_std":36.378,"reward_min":-204.1582,"reward_max":452.0717,"reward_scale":1.0,"throttle_mean":0.7772,"throttle_min":0.1605,"throttle_max":0.9866}
{"type":"train_update","update":39,"global_step":638976,"wall_s":415.5,"sps":1537.8,"loss":2778.52916,"loss_ema":2720.861177,"loss_plateau_delta":14.416996,"loss_plateau_count":0,"pg_loss":-0.002833,"v_loss":5557.045013,"entropy":-1.896152,"approx_kl":0.003583,"clipfrac":0.0551,"reward_mean":-2.2459,"reward_std":36.3422,"reward_min":-204.4449,"reward_max":453.2452,"reward_scale":1.0,"throttle_mean":0.7785,"throttle_min":0.1807,"throttle_max":0.9904}
{"type":"train_update","update":40,"global_step":655360,"wall_s":421.7,"sps":1554.1,"loss":2691.714455,"loss_ema":2715.031833,"loss_plateau_delta":5.829345,"loss_plateau_count":0,"pg_loss":-0.001155,"v_loss":5383.412262,"entropy":-1.896785,"approx_kl":0.005097,"clipfrac":0.0627,"reward_mean":-2.757,"reward_std":35.1252,"reward_min":-204.5459,"reward_max":445.1672,"reward_scale":1.0,"throttle_mean":0.7815,"throttle_min":0.124,"throttle_max":0.987}
{"type":"train_update","update":41,"global_step":671744,"wall_s":429.41,"sps":1564.3,"loss":2747.682205,"loss_ema":2721.561907,"loss_plateau_delta":6.530074,"loss_plateau_count":0,"pg_loss":-0.001929,"v_loss":5495.349365,"entropy":-1.89529,"approx_kl":0.007374,"clipfrac":0.0412,"reward_mean":-2.0125,"reward_std":36.2261,"reward_min":-204.5293,"reward_max":435.92,"reward_scale":1.0,"throttle_mean":0.7825,"throttle_min":0.1382,"throttle_max":0.9876}
{"type":"train_update","update":42,"global_step":688128,"wall_s":435.92,"sps":1578.6,"loss":2650.375153,"loss_ema":2707.324556,"loss_plateau_delta":14.237351,"loss_plateau_count":0,"pg_loss":-0.002072,"v_loss":5300.735519,"entropy":-1.891585,"approx_kl":0.003912,"clipfrac":0.0422,"reward_mean":-2.1681,"reward_std":35.464,"reward_min":-204.2398,"reward_max":425.1041,"reward_scale":1.0,"throttle_mean":0.7918,"throttle_min":0.1854,"throttle_max":0.9891}
{"type":"train_update","update":43,"global_step":704512,"wall_s":442.4,"sps":1592.5,"loss":2612.098282,"loss_ema":2688.279301,"loss_plateau_delta":19.045255,"loss_plateau_count":0,"pg_loss":-0.001105,"v_loss":5224.179886,"entropy":-1.891056,"approx_kl":0.004415,"clipfrac":0.0343,"reward_mean":-2.2001,"reward_std":35.4152,"reward_min":-204.2933,"reward_max":447.7134,"reward_scale":1.0,"throttle_mean":0.7913,"throttle_min":0.1134,"throttle_max":0.99}
{"type":"train_update","update":44,"global_step":720896,"wall_s":449.91,"sps":1602.3,"loss":2633.021637,"loss_ema":2677.227769,"loss_plateau_delta":11.051533,"loss_plateau_count":0,"pg_loss":-0.000267,"v_loss":5266.024857,"entropy":-1.892083,"approx_kl":0.008193,"clipfrac":0.0894,"reward_mean":-2.0268,"reward_std":35.4138,"reward_min":-204.2857,"reward_max":426.5397,"reward_scale":1.0,"throttle_mean":0.7938,"throttle_min":0.1935,"throttle_max":0.99}
{"type":"train_update","update":45,"global_step":737280,"wall_s":456.63,"sps":1614.6,"loss":2646.600372,"loss_ema":2671.102289,"loss_plateau_delta":6.125479,"loss_plateau_count":0,"pg_loss":-0.001427,"v_loss":5293.184647,"entropy":-1.894834,"approx_kl":0.005933,"clipfrac":0.0561,"reward_mean":-2.4632,"reward_std":35.2196,"reward_min":-205.3599,"reward_max":437.9898,"reward_scale":1.0,"throttle_mean":0.7931,"throttle_min":0.2194,"throttle_max":0.9897}
{"type":"train_update","update":46,"global_step":753664,"wall_s":463.33,"sps":1626.6,"loss":2536.099693,"loss_ema":2644.10177,"loss_plateau_delta":27.000519,"loss_plateau_count":0,"pg_loss":-0.001384,"v_loss":5072.183182,"entropy":-1.895199,"approx_kl":0.01025,"clipfrac":0.0645,"reward_mean":-1.8801,"reward_std":35.2203,"reward_min":-204.5644,"reward_max":460.8911,"reward_scale":1.0,"throttle_mean":0.7961,"throttle_min":0.1657,"throttle_max":0.9901}
step=753,664 reward_mean=-1.880 kl=0.01025 clipfrac=0.064 eval={'landed_fraction': 1.0, 'crashed_fraction': 1.0, 'mean_touchdown_speed': 0.03023649752140045, 'max_touchdown_speed': 0.45676448941230774, 'mean_pad_distance': 2.412137031555176, 'max_pad_distance': 5.662058353424072, 'mean_delta_v_proxy': 17.427583694458008, 'mean_eval_throttle': 0.8198577888144387, 'max_eval_throttle': 0.8745462894439697, 'max_upward_speed': 2.1396915912628174, 'max_downward_speed': 8.48096752166748, 'passed': False}
{"type":"train_update","update":47,"global_step":770048,"wall_s":518.54,"sps":1485.0,"loss":2155.67598,"loss_ema":2546.416612,"loss_plateau_delta":97.685158,"loss_plateau_count":0,"pg_loss":-0.000808,"v_loss":4311.334641,"entropy":-1.893513,"approx_kl":0.007305,"clipfrac":0.0715,"reward_mean":-2.2193,"reward_std":30.7892,"reward_min":-204.7034,"reward_max":440.9528,"reward_scale":1.0,"throttle_mean":0.7959,"throttle_min":0.2412,"throttle_max":0.9871}
{"type":"train_update","update":48,"global_step":786432,"wall_s":525.69,"sps":1496.0,"loss":2578.415504,"loss_ema":2552.81639,"loss_plateau_delta":6.399778,"loss_plateau_count":0,"pg_loss":-0.000665,"v_loss":5156.813416,"entropy":-1.892719,"approx_kl":0.00462,"clipfrac":0.0788,"reward_mean":-2.2132,"reward_std":34.5351,"reward_min":-205.4827,"reward_max":433.2286,"reward_scale":1.0,"throttle_mean":0.7871,"throttle_min":0.1777,"throttle_max":0.9891}
{"type":"train_update","update":49,"global_step":802816,"wall_s":532.57,"sps":1507.4,"loss":2507.37912,"loss_ema":2543.728936,"loss_plateau_delta":9.087454,"loss_plateau_count":0,"pg_loss":-0.002681,"v_loss":5014.744751,"entropy":-1.886593,"approx_kl":0.005192,"clipfrac":0.0453,"reward_mean":-2.509,"reward_std":34.5532,"reward_min":-204.6555,"reward_max":406.4139,"reward_scale":1.0,"throttle_mean":0.7905,"throttle_min":0.1717,"throttle_max":0.9907}
{"type":"train_update","update":50,"global_step":819200,"wall_s":538.83,"sps":1520.3,"loss":2672.387558,"loss_ema":2569.460661,"loss_plateau_delta":25.731724,"loss_plateau_count":0,"pg_loss":-0.001344,"v_loss":5344.758926,"entropy":-1.886027,"approx_kl":0.004794,"clipfrac":0.0367,"reward_mean":-2.3743,"reward_std":35.6689,"reward_min":-205.3008,"reward_max":450.4534,"reward_scale":1.0,"throttle_mean":0.7871,"throttle_min":0.1481,"throttle_max":0.9932}
{"type":"train_update","update":51,"global_step":835584,"wall_s":547.18,"sps":1527.1,"loss":2772.293564,"loss_ema":2610.027241,"loss_plateau_delta":40.566581,"loss_plateau_count":0,"pg_loss":-0.001942,"v_loss":5544.572128,"entropy":-1.886145,"approx_kl":0.004872,"clipfrac":0.0356,"reward_mean":-2.063,"reward_std":36.5684,"reward_min":-204.7644,"reward_max":463.5049,"reward_scale":1.0,"throttle_mean":0.7842,"throttle_min":0.1978,"throttle_max":0.9864}
{"type":"train_update","update":52,"global_step":851968,"wall_s":553.52,"sps":1539.2,"loss":2516.857483,"loss_ema":2591.39329,"loss_plateau_delta":18.633952,"loss_plateau_count":0,"pg_loss":-0.00163,"v_loss":5033.699387,"entropy":-1.88519,"approx_kl":0.00427,"clipfrac":0.0244,"reward_mean":-2.5623,"reward_std":34.4107,"reward_min":-204.317,"reward_max":407.9673,"reward_scale":1.0,"throttle_mean":0.7898,"throttle_min":0.1877,"throttle_max":0.9891}
{"type":"train_update","update":53,"global_step":868352,"wall_s":560.0,"sps":1550.6,"loss":2507.482025,"loss_ema":2574.611037,"loss_plateau_delta":16.782253,"loss_plateau_count":0,"pg_loss":-0.002069,"v_loss":5014.94931,"entropy":-1.886735,"approx_kl":0.003478,"clipfrac":0.0343,"reward_mean":-2.3348,"reward_std":34.4941,"reward_min":-204.6756,"reward_max":419.2081,"reward_scale":1.0,"throttle_mean":0.7877,"throttle_min":0.2089,"throttle_max":0.987}
{"type":"train_update","update":54,"global_step":884736,"wall_s":567.52,"sps":1558.9,"loss":2457.760864,"loss_ema":2551.241002,"loss_plateau_delta":23.370034,"loss_plateau_count":0,"pg_loss":-0.002309,"v_loss":4915.507446,"entropy":-1.888677,"approx_kl":0.003456,"clipfrac":0.0299,"reward_mean":-2.6378,"reward_std":34.2385,"reward_min":-204.7503,"reward_max":463.8236,"reward_scale":1.0,"throttle_mean":0.79,"throttle_min":0.1812,"throttle_max":0.9891}
{"type":"train_update","update":55,"global_step":901120,"wall_s":574.57,"sps":1568.3,"loss":2584.8601,"loss_ema":2557.964822,"loss_plateau_delta":6.72382,"loss_plateau_count":0,"pg_loss":-0.002232,"v_loss":5169.70575,"entropy":-1.890668,"approx_kl":0.004894,"clipfrac":0.0401,"reward_mean":-2.9096,"reward_std":34.9311,"reward_min":-204.7749,"reward_max":458.9253,"reward_scale":1.0,"throttle_mean":0.7928,"throttle_min":0.207,"throttle_max":0.9893}
{"type":"train_update","update":56,"global_step":917504,"wall_s":581.38,"sps":1578.1,"loss":2537.642357,"loss_ema":2553.900329,"loss_plateau_delta":4.064493,"loss_plateau_count":0,"pg_loss":-0.002354,"v_loss":5075.270477,"entropy":-1.89318,"approx_kl":0.005237,"clipfrac":0.043,"reward_mean":-2.4967,"reward_std":34.6776,"reward_min":-204.4751,"reward_max":460.1578,"reward_scale":1.0,"throttle_mean":0.7904,"throttle_min":0.141,"throttle_max":0.99}
{"type":"train_update","update":57,"global_step":933888,"wall_s":587.82,"sps":1588.7,"loss":2564.979256,"loss_ema":2556.116114,"loss_plateau_delta":2.215785,"loss_plateau_count":0,"pg_loss":-0.001141,"v_loss":5129.941849,"entropy":-1.891616,"approx_kl":0.004168,"clipfrac":0.0389,"reward_mean":-2.0496,"reward_std":35.1995,"reward_min":-204.4708,"reward_max":440.8505,"reward_scale":1.0,"throttle_mean":0.788,"throttle_min":0.2025,"throttle_max":0.99}
{"type":"train_update","update":58,"global_step":950272,"wall_s":595.6,"sps":1595.5,"loss":2586.797638,"loss_ema":2562.252419,"loss_plateau_delta":6.136305,"loss_plateau_count":0,"pg_loss":-0.001681,"v_loss":5173.579742,"entropy":-1.889336,"approx_kl":0.004001,"clipfrac":0.0397,"reward_mean":-1.8498,"reward_std":35.7921,"reward_min":-204.3202,"reward_max":438.0162,"reward_scale":1.0,"throttle_mean":0.7896,"throttle_min":0.1739,"throttle_max":0.9909}
{"type":"train_update","update":59,"global_step":966656,"wall_s":602.18,"sps":1605.2,"loss":2535.903824,"loss_ema":2556.9827,"loss_plateau_delta":5.269719,"loss_plateau_count":0,"pg_loss":-0.001576,"v_loss":5071.791931,"entropy":-1.889317,"approx_kl":0.004507,"clipfrac":0.0352,"reward_mean":-2.2746,"reward_std":35.1765,"reward_min":-205.2841,"reward_max":441.5095,"reward_scale":1.0,"throttle_mean":0.7857,"throttle_min":0.1817,"throttle_max":0.991}
{"type":"train_update","update":60,"global_step":983040,"wall_s":609.04,"sps":1614.1,"loss":2509.748596,"loss_ema":2547.535879,"loss_plateau_delta":9.446821,"loss_plateau_count":0,"pg_loss":-0.002343,"v_loss":5019.482956,"entropy":-1.890545,"approx_kl":0.007121,"clipfrac":0.0341,"reward_mean":-2.2248,"reward_std":34.8867,"reward_min":-204.466,"reward_max":431.4983,"reward_scale":1.0,"throttle_mean":0.7918,"throttle_min":0.1327,"throttle_max":0.994}
{"type":"train_update","update":61,"global_step":999424,"wall_s":617.34,"sps":1618.9,"loss":2481.179817,"loss_ema":2534.264667,"loss_plateau_delta":13.271212,"loss_plateau_count":0,"pg_loss":-0.001847,"v_loss":4962.344498,"entropy":-1.887533,"approx_kl":0.005336,"clipfrac":0.029,"reward_mean":-1.9687,"reward_std":34.972,"reward_min":-204.8089,"reward_max":430.3721,"reward_scale":1.0,"throttle_mean":0.7984,"throttle_min":0.2064,"throttle_max":0.9929}
{"type":"train_update","update":62,"global_step":1015808,"wall_s":623.84,"sps":1628.3,"loss":2505.985611,"loss_ema":2528.608856,"loss_plateau_delta":5.655811,"loss_plateau_count":0,"pg_loss":-0.001801,"v_loss":5011.955994,"entropy":-1.884449,"approx_kl":0.002738,"clipfrac":0.0466,"reward_mean":-1.9678,"reward_std":34.9115,"reward_min":-204.5491,"reward_max":429.3782,"reward_scale":1.0,"throttle_mean":0.7954,"throttle_min":0.1624,"throttle_max":0.9922}
step=1,015,808 reward_mean=-1.968 kl=0.00274 clipfrac=0.047 eval={'landed_fraction': 1.0, 'crashed_fraction': 1.0, 'mean_touchdown_speed': 0.03417818248271942, 'max_touchdown_speed': 0.34249064326286316, 'mean_pad_distance': 2.4078850746154785, 'max_pad_distance': 7.060287952423096, 'mean_delta_v_proxy': 17.71902084350586, 'mean_eval_throttle': 0.8251270533270306, 'max_eval_throttle': 0.9017244577407837, 'max_upward_speed': 1.8306031227111816, 'max_downward_speed': 8.274733543395996, 'passed': False}
{"type":"train_update","update":63,"global_step":1032192,"wall_s":678.73,"sps":1520.8,"loss":2096.642914,"loss_ema":2442.215667,"loss_plateau_delta":86.393188,"loss_plateau_count":0,"pg_loss":-0.000549,"v_loss":4193.268112,"entropy":-1.881369,"approx_kl":0.005093,"clipfrac":0.0327,"reward_mean":-1.7398,"reward_std":31.1676,"reward_min":-204.0551,"reward_max":449.2354,"reward_scale":1.0,"throttle_mean":0.7983,"throttle_min":0.2085,"throttle_max":0.9892}
{"type":"train_update","update":64,"global_step":1048576,"wall_s":686.05,"sps":1528.4,"loss":2461.74511,"loss_ema":2446.121556,"loss_plateau_delta":3.905888,"loss_plateau_count":0,"pg_loss":-0.001269,"v_loss":4923.473938,"entropy":-1.878153,"approx_kl":0.005538,"clipfrac":0.0437,"reward_mean":-1.7604,"reward_std":34.7103,"reward_min":-204.3546,"reward_max":433.0924,"reward_scale":1.0,"throttle_mean":0.7942,"throttle_min":0.1839,"throttle_max":0.9932}
{"type":"train_update","update":65,"global_step":1064960,"wall_s":692.95,"sps":1536.8,"loss":2420.493729,"loss_ema":2440.99599,"loss_plateau_delta":5.125565,"loss_plateau_count":0,"pg_loss":-0.002827,"v_loss":4840.97435,"entropy":-1.877901,"approx_kl":0.006233,"clipfrac":0.0675,"reward_mean":-2.6553,"reward_std":34.1303,"reward_min":-204.3959,"reward_max":420.1598,"reward_scale":1.0,"throttle_mean":0.802,"throttle_min":0.2077,"throttle_max":0.9904}
{"type":"train_update","update":66,"global_step":1081344,"wall_s":699.59,"sps":1545.7,"loss":2445.629539,"loss_ema":2441.9227,"loss_plateau_delta":0.92671,"loss_plateau_count":0,"pg_loss":-0.001651,"v_loss":4891.243576,"entropy":-1.877796,"approx_kl":0.005279,"clipfrac":0.0344,"reward_mean":-2.2776,"reward_std":34.6352,"reward_min":-204.2448,"reward_max":459.4168,"reward_scale":1.0,"throttle_mean":0.7937,"throttle_min":0.187,"throttle_max":0.9873}
{"type":"train_update","update":67,"global_step":1097728,"wall_s":706.22,"sps":1554.4,"loss":2444.748215,"loss_ema":2442.487803,"loss_plateau_delta":0.565103,"loss_plateau_count":0,"pg_loss":-0.002423,"v_loss":4889.482559,"entropy":-1.874971,"approx_kl":0.006183,"clipfrac":0.0445,"reward_mean":-1.9156,"reward_std":34.9478,"reward_min":-204.838,"reward_max":440.0676,"reward_scale":1.0,"throttle_mean":0.7972,"throttle_min":0.1659,"throttle_max":0.9874}
{"type":"train_update","update":68,"global_step":1114112,"wall_s":713.89,"sps":1560.6,"loss":2453.620705,"loss_ema":2444.714383,"loss_plateau_delta":2.22658,"loss_plateau_count":0,"pg_loss":-0.001886,"v_loss":4907.226471,"entropy":-1.870965,"approx_kl":0.003835,"clipfrac":0.0487,"reward_mean":-2.2133,"reward_std":34.8959,"reward_min":-204.5212,"reward_max":412.4858,"reward_scale":1.0,"throttle_mean":0.7932,"throttle_min":0.1538,"throttle_max":0.9888}
{"type":"train_update","update":69,"global_step":1130496,"wall_s":720.44,"sps":1569.2,"loss":2499.828125,"loss_ema":2455.737132,"loss_plateau_delta":11.022748,"loss_plateau_count":0,"pg_loss":0.000105,"v_loss":4999.637329,"entropy":-1.874931,"approx_kl":0.016975,"clipfrac":0.098,"reward_mean":-1.827,"reward_std":35.2054,"reward_min":-204.5491,"reward_max":431.5105,"reward_scale":1.0,"throttle_mean":0.7917,"throttle_min":0.1938,"throttle_max":0.989}
{"type":"train_update","update":70,"global_step":1146880,"wall_s":726.76,"sps":1578.1,"loss":2558.334305,"loss_ema":2476.256566,"loss_plateau_delta":20.519435,"loss_plateau_count":0,"pg_loss":-0.001467,"v_loss":5116.652802,"entropy":-1.876043,"approx_kl":0.004557,"clipfrac":0.0358,"reward_mean":-1.9061,"reward_std":35.8194,"reward_min":-204.6688,"reward_max":414.8959,"reward_scale":1.0,"throttle_mean":0.7918,"throttle_min":0.1253,"throttle_max":0.9888}
{"type":"train_update","update":71,"global_step":1163264,"wall_s":734.56,"sps":1583.6,"loss":2518.390381,"loss_ema":2484.683329,"loss_plateau_delta":8.426763,"loss_plateau_count":0,"pg_loss":-0.001893,"v_loss":5036.765793,"entropy":-1.877072,"approx_kl":0.003813,"clipfrac":0.0446,"reward_mean":-1.7662,"reward_std":35.466,"reward_min":-204.1267,"reward_max":453.879,"reward_scale":1.0,"throttle_mean":0.7949,"throttle_min":0.1333,"throttle_max":0.9879}
{"type":"train_update","update":72,"global_step":1179648,"wall_s":741.12,"sps":1591.7,"loss":2529.009392,"loss_ema":2493.548542,"loss_plateau_delta":8.865213,"loss_plateau_count":0,"pg_loss":-0.000584,"v_loss":5058.001205,"entropy":-1.879684,"approx_kl":0.004195,"clipfrac":0.0734,"reward_mean":-1.9728,"reward_std":35.6296,"reward_min":-204.2849,"reward_max":432.3885,"reward_scale":1.0,"throttle_mean":0.7942,"throttle_min":0.1984,"throttle_max":0.9892}
{"type":"train_update","update":73,"global_step":1196032,"wall_s":747.8,"sps":1599.4,"loss":2452.721848,"loss_ema":2485.383203,"loss_plateau_delta":8.165339,"loss_plateau_count":0,"pg_loss":-0.001568,"v_loss":4905.428055,"entropy":-1.879456,"approx_kl":0.003826,"clipfrac":0.0354,"reward_mean":-1.9158,"reward_std":34.8893,"reward_min":-204.6287,"reward_max":463.5347,"reward_scale":1.0,"throttle_mean":0.7956,"throttle_min":0.1906,"throttle_max":0.994}
{"type":"train_update","update":74,"global_step":1212416,"wall_s":754.79,"sps":1606.3,"loss":2487.063835,"loss_ema":2485.719329,"loss_plateau_delta":0.336126,"loss_plateau_count":0,"pg_loss":-0.002805,"v_loss":4974.114502,"entropy":-1.878769,"approx_kl":0.00595,"clipfrac":0.039,"reward_mean":-2.1148,"reward_std":35.2987,"reward_min":-204.9138,"reward_max":442.6969,"reward_scale":1.0,"throttle_mean":0.7915,"throttle_min":0.1516,"throttle_max":0.9915}
{"type":"train_update","update":75,"global_step":1228800,"wall_s":762.12,"sps":1612.3,"loss":2516.13752,"loss_ema":2491.802967,"loss_plateau_delta":6.083638,"loss_plateau_count":0,"pg_loss":-0.001596,"v_loss":5032.25946,"entropy":-1.874972,"approx_kl":0.010011,"clipfrac":0.0548,"reward_mean":-1.154,"reward_std":36.1199,"reward_min":-204.8686,"reward_max":456.0884,"reward_scale":1.0,"throttle_mean":0.7915,"throttle_min":0.1936,"throttle_max":0.9868}
{"type":"train_update","update":76,"global_step":1245184,"wall_s":768.75,"sps":1619.7,"loss":2557.731026,"loss_ema":2504.988579,"loss_plateau_delta":13.185612,"loss_plateau_count":0,"pg_loss":-0.002128,"v_loss":5115.447525,"entropy":-1.875368,"approx_kl":0.002572,"clipfrac":0.0424,"reward_mean":-1.6722,"reward_std":36.311,"reward_min":-204.3104,"reward_max":459.158,"reward_scale":1.0,"throttle_mean":0.7867,"throttle_min":0.1759,"throttle_max":0.9929}
{"type":"train_update","update":77,"global_step":1261568,"wall_s":775.04,"sps":1627.8,"loss":2640.118317,"loss_ema":2532.014527,"loss_plateau_delta":27.025948,"loss_plateau_count":0,"pg_loss":-0.002475,"v_loss":5280.222824,"entropy":-1.875162,"approx_kl":0.005143,"clipfrac":0.0308,"reward_mean":-1.4679,"reward_std":36.8632,"reward_min":-204.8472,"reward_max":447.8198,"reward_scale":1.0,"throttle_mean":0.7878,"throttle_min":0.1955,"throttle_max":0.9862}
step=1,261,568 reward_mean=-1.468 kl=0.00514 clipfrac=0.031 eval={'landed_fraction': 1.0, 'crashed_fraction': 1.0, 'mean_touchdown_speed': 0.028467250987887383, 'max_touchdown_speed': 0.5172820687294006, 'mean_pad_distance': 2.8989531993865967, 'max_pad_distance': 7.6325225830078125, 'mean_delta_v_proxy': 17.576261520385742, 'mean_eval_throttle': 0.8226881362332238, 'max_eval_throttle': 0.9012593030929565, 'max_upward_speed': 1.6943711042404175, 'max_downward_speed': 8.572492599487305, 'passed': False}
{"type":"train_update","update":78,"global_step":1277952,"wall_s":831.76,"sps":1536.4,"loss":2067.864845,"loss_ema":2439.18459,"loss_plateau_delta":92.829936,"loss_plateau_count":0,"pg_loss":-0.000102,"v_loss":4135.711143,"entropy":-1.872515,"approx_kl":0.023204,"clipfrac":0.0689,"reward_mean":-1.8209,"reward_std":31.1453,"reward_min":-204.0181,"reward_max":448.0737,"reward_scale":1.0,"throttle_mean":0.7916,"throttle_min":0.1823,"throttle_max":0.9921}
{"type":"train_update","update":79,"global_step":1294336,"wall_s":838.54,"sps":1543.6,"loss":2409.776192,"loss_ema":2433.302911,"loss_plateau_delta":5.88168,"loss_plateau_count":0,"pg_loss":-0.002436,"v_loss":4819.538559,"entropy":-1.869559,"approx_kl":0.007429,"clipfrac":0.071,"reward_mean":-2.0569,"reward_std":34.4768,"reward_min":-204.5797,"reward_max":425.213,"reward_scale":1.0,"throttle_mean":0.7891,"throttle_min":0.0889,"throttle_max":0.9928}
{"type":"train_update","update":80,"global_step":1310720,"wall_s":844.82,"sps":1551.5,"loss":2514.889908,"loss_ema":2449.62031,"loss_plateau_delta":16.317399,"loss_plateau_count":0,"pg_loss":-0.001402,"v_loss":5029.763947,"entropy":-1.866448,"approx_kl":0.005462,"clipfrac":0.0419,"reward_mean":-2.0907,"reward_std":35.732,"reward_min":-204.5953,"reward_max":396.9061,"reward_scale":1.0,"throttle_mean":0.7944,"throttle_min":0.1943,"throttle_max":0.9924}
{"type":"train_update","update":81,"global_step":1327104,"wall_s":852.92,"sps":1556.0,"loss":2458.515617,"loss_ema":2451.399372,"loss_plateau_delta":1.779061,"loss_plateau_count":0,"pg_loss":-0.001674,"v_loss":4917.015915,"entropy":-1.866719,"approx_kl":0.004501,"clipfrac":0.0366,"reward_mean":-1.3825,"reward_std":35.448,"reward_min":-204.6519,"reward_max":455.0397,"reward_scale":1.0,"throttle_mean":0.7995,"throttle_min":0.237,"throttle_max":0.9879}
{"type":"train_update","update":82,"global_step":1343488,"wall_s":859.29,"sps":1563.5,"loss":2398.282013,"loss_ema":2440.7759,"loss_plateau_delta":10.623472,"loss_plateau_count":0,"pg_loss":-0.000344,"v_loss":4796.546051,"entropy":-1.865971,"approx_kl":0.010876,"clipfrac":0.0532,"reward_mean":-1.5127,"reward_std":35.1092,"reward_min":-204.2228,"reward_max":455.5607,"reward_scale":1.0,"throttle_mean":0.8069,"throttle_min":0.0968,"throttle_max":0.9877}
{"type":"train_update","update":83,"global_step":1359872,"wall_s":865.92,"sps":1570.4,"loss":2465.296242,"loss_ema":2445.679968,"loss_plateau_delta":4.904068,"loss_plateau_count":0,"pg_loss":-0.00244,"v_loss":4930.578735,"entropy":-1.865078,"approx_kl":0.013227,"clipfrac":0.0622,"reward_mean":-1.8909,"reward_std":35.4566,"reward_min":-204.8861,"reward_max":425.3448,"reward_scale":1.0,"throttle_mean":0.8052,"throttle_min":0.1677,"throttle_max":0.9934}
{"type":"train_update","update":84,"global_step":1376256,"wall_s":873.23,"sps":1576.0,"loss":2416.471199,"loss_ema":2439.838214,"loss_plateau_delta":5.841754,"loss_plateau_count":0,"pg_loss":-0.001956,"v_loss":4832.927612,"entropy":-1.86776,"approx_kl":0.011672,"clipfrac":0.0803,"reward_mean":-1.6414,"reward_std":34.9263,"reward_min":-204.4737,"reward_max":437.905,"reward_scale":1.0,"throttle_mean":0.8028,"throttle_min":0.1688,"throttle_max":0.9885}
{"type":"train_update","update":85,"global_step":1392640,"wall_s":880.36,"sps":1581.9,"loss":2421.143517,"loss_ema":2436.099275,"loss_plateau_delta":3.73894,"loss_plateau_count":0,"pg_loss":-0.001741,"v_loss":4842.27182,"entropy":-1.868132,"approx_kl":0.007816,"clipfrac":0.0551,"reward_mean":-1.9106,"reward_std":35.1332,"reward_min":-204.1634,"reward_max":414.8663,"reward_scale":1.0,"throttle_mean":0.795,"throttle_min":0.0767,"throttle_max":0.991}
{"type":"train_update","update":86,"global_step":1409024,"wall_s":887.19,"sps":1588.2,"loss":2576.159973,"loss_ema":2464.111414,"loss_plateau_delta":28.01214,"loss_plateau_count":0,"pg_loss":0.000498,"v_loss":5152.300293,"entropy":-1.866622,"approx_kl":0.011033,"clipfrac":0.0935,"reward_mean":-1.0447,"reward_std":36.7728,"reward_min":-204.1032,"reward_max":412.6893,"reward_scale":1.0,"throttle_mean":0.7965,"throttle_min":0.2119,"throttle_max":0.9916}
{"type":"train_update","update":87,"global_step":1425408,"wall_s":893.34,"sps":1595.6,"loss":2378.712311,"loss_ema":2447.031594,"loss_plateau_delta":17.079821,"loss_plateau_count":0,"pg_loss":-0.001595,"v_loss":4757.40918,"entropy":-1.861446,"approx_kl":0.004074,"clipfrac":0.0381,"reward_mean":-1.8478,"reward_std":34.6836,"reward_min":-204.1141,"reward_max":444.5126,"reward_scale":1.0,"throttle_mean":0.8011,"throttle_min":0.1782,"throttle_max":0.9915}
{"type":"train_update","update":88,"global_step":1441792,"wall_s":901.04,"sps":1600.1,"loss":2615.779945,"loss_ema":2480.781264,"loss_plateau_delta":33.74967,"loss_plateau_count":0,"pg_loss":-0.001682,"v_loss":5231.544632,"entropy":-1.861541,"approx_kl":0.006237,"clipfrac":0.034,"reward_mean":-1.1761,"reward_std":36.7601,"reward_min":-204.8648,"reward_max":458.5501,"reward_scale":1.0,"throttle_mean":0.798,"throttle_min":0.165,"throttle_max":0.9878}
{"type":"train_update","update":89,"global_step":1458176,"wall_s":907.55,"sps":1606.7,"loss":2489.531136,"loss_ema":2482.531238,"loss_plateau_delta":1.749974,"loss_plateau_count":0,"pg_loss":-0.001509,"v_loss":4979.046631,"entropy":-1.864304,"approx_kl":0.0066,"clipfrac":0.0389,"reward_mean":-1.2565,"reward_std":36.2962,"reward_min":-204.1141,"reward_max":430.0676,"reward_scale":1.0,"throttle_mean":0.7932,"throttle_min":0.1599,"throttle_max":0.9904}
{"type":"train_update","update":90,"global_step":1474560,"wall_s":913.95,"sps":1613.4,"loss":2490.012924,"loss_ema":2484.027576,"loss_plateau_delta":1.496337,"loss_plateau_count":0,"pg_loss":-0.002448,"v_loss":4980.01207,"entropy":-1.868629,"approx_kl":0.003685,"clipfrac":0.0418,"reward_mean":-1.6678,"reward_std":35.8887,"reward_min":-204.5837,"reward_max":445.5266,"reward_scale":1.0,"throttle_mean":0.7996,"throttle_min":0.1716,"throttle_max":0.9893}
{"type":"train_update","update":91,"global_step":1490944,"wall_s":922.06,"sps":1617.0,"loss":2515.177666,"loss_ema":2490.257594,"loss_plateau_delta":6.230018,"loss_plateau_count":0,"pg_loss":-0.001731,"v_loss":5030.340073,"entropy":-1.871866,"approx_kl":0.004336,"clipfrac":0.0364,"reward_mean":-1.663,"reward_std":35.9816,"reward_min":-204.158,"reward_max":445.3224,"reward_scale":1.0,"throttle_mean":0.7954,"throttle_min":0.11,"throttle_max":0.9917}
{"type":"train_update","update":92,"global_step":1507328,"wall_s":928.69,"sps":1623.1,"loss":2467.033096,"loss_ema":2485.612694,"loss_plateau_delta":4.644899,"loss_plateau_count":0,"pg_loss":-0.001235,"v_loss":4934.049911,"entropy":-1.872815,"approx_kl":0.00378,"clipfrac":0.0621,"reward_mean":-1.5535,"reward_std":35.8224,"reward_min":-204.234,"reward_max":421.0072,"reward_scale":1.0,"throttle_mean":0.7927,"throttle_min":0.1708,"throttle_max":0.9875}
step=1,507,328 reward_mean=-1.553 kl=0.00378 clipfrac=0.062 eval={'landed_fraction': 1.0, 'crashed_fraction': 1.0, 'mean_touchdown_speed': 0.059892136603593826, 'max_touchdown_speed': 0.4669876992702484, 'mean_pad_distance': 2.3970160484313965, 'max_pad_distance': 6.585710048675537, 'mean_delta_v_proxy': 17.912174224853516, 'mean_eval_throttle': 0.8296298249562581, 'max_eval_throttle': 0.910784125328064, 'max_upward_speed': 1.9114766120910645, 'max_downward_speed': 8.340786933898926, 'passed': False}
{"type":"train_update","update":93,"global_step":1523712,"wall_s":983.68,"sps":1549.0,"loss":1938.192158,"loss_ema":2376.128587,"loss_plateau_delta":109.484107,"loss_plateau_count":0,"pg_loss":-0.000367,"v_loss":3876.366341,"entropy":-1.871432,"approx_kl":0.010663,"clipfrac":0.0972,"reward_mean":-1.2791,"reward_std":30.8967,"reward_min":-204.2088,"reward_max":437.4719,"reward_scale":1.0,"throttle_mean":0.8056,"throttle_min":0.1899,"throttle_max":0.9908}
{"type":"train_update","update":94,"global_step":1540096,"wall_s":991.39,"sps":1553.5,"loss":2383.373123,"loss_ema":2377.577494,"loss_plateau_delta":1.448907,"loss_plateau_count":0,"pg_loss":-0.000933,"v_loss":4766.729401,"entropy":-1.869354,"approx_kl":0.003467,"clipfrac":0.0241,"reward_mean":-1.4249,"reward_std":35.3379,"reward_min":-204.2184,"reward_max":424.0931,"reward_scale":1.0,"throttle_mean":0.7973,"throttle_min":0.1634,"throttle_max":0.9883}
{"type":"train_update","update":95,"global_step":1556480,"wall_s":998.37,"sps":1559.0,"loss":2510.396904,"loss_ema":2404.141376,"loss_plateau_delta":26.563882,"loss_plateau_count":0,"pg_loss":-0.001867,"v_loss":5020.778885,"entropy":-1.868032,"approx_kl":0.00407,"clipfrac":0.0415,"reward_mean":-1.0121,"reward_std":36.629,"reward_min":-204.2722,"reward_max":432.6508,"reward_scale":1.0,"throttle_mean":0.7979,"throttle_min":0.1826,"throttle_max":0.9867}
{"type":"train_update","update":96,"global_step":1572864,"wall_s":1005.08,"sps":1564.9,"loss":2543.099319,"loss_ema":2431.932965,"loss_plateau_delta":27.791589,"loss_plateau_count":0,"pg_loss":-0.001652,"v_loss":5086.183197,"entropy":-1.870614,"approx_kl":0.006028,"clipfrac":0.0595,"reward_mean":-0.8806,"reward_std":36.7411,"reward_min":-204.4861,"reward_max":453.4039,"reward_scale":1.0,"throttle_mean":0.8004,"throttle_min":0.1128,"throttle_max":0.9903}
{"type":"train_update","update":97,"global_step":1589248,"wall_s":1011.51,"sps":1571.2,"loss":2524.848038,"loss_ema":2450.515979,"loss_plateau_delta":18.583015,"loss_plateau_count":0,"pg_loss":-0.001703,"v_loss":5049.680801,"entropy":-1.870653,"approx_kl":0.007096,"clipfrac":0.0454,"reward_mean":-0.6794,"reward_std":36.986,"reward_min":-204.8089,"reward_max":457.5752,"reward_scale":1.0,"throttle_mean":0.8,"throttle_min":0.1343,"throttle_max":0.9904}
{"type":"train_update","update":98,"global_step":1605632,"wall_s":1019.11,"sps":1575.5,"loss":2508.388931,"loss_ema":2462.09057,"loss_plateau_delta":11.57459,"loss_plateau_count":0,"pg_loss":-0.002354,"v_loss":5016.763824,"entropy":-1.871398,"approx_kl":0.004176,"clipfrac":0.0406,"reward_mean":-1.1549,"reward_std":36.114,"reward_min":-204.6113,"reward_max":441.9886,"reward_scale":1.0,"throttle_mean":0.7989,"throttle_min":0.1857,"throttle_max":0.9876}
{"type":"train_update","update":99,"global_step":1622016,"wall_s":1025.68,"sps":1581.4,"loss":2590.338867,"loss_ema":2487.740229,"loss_plateau_delta":25.649659,"loss_plateau_count":0,"pg_loss":-0.000713,"v_loss":5180.660431,"entropy":-1.873526,"approx_kl":0.004102,"clipfrac":0.0672,"reward_mean":-0.7027,"reward_std":37.5041,"reward_min":-204.3269,"reward_max":435.8006,"reward_scale":1.0,"throttle_mean":0.7963,"throttle_min":0.2001,"throttle_max":0.9891}
{"type":"train_update","update":100,"global_step":1638400,"wall_s":1031.97,"sps":1587.6,"loss":2481.150383,"loss_ema":2486.42226,"loss_plateau_delta":1.317969,"loss_plateau_count":0,"pg_loss":-0.000992,"v_loss":4962.284027,"entropy":-1.872063,"approx_kl":0.004665,"clipfrac":0.0598,"reward_mean":-1.169,"reward_std":36.4304,"reward_min":-204.0042,"reward_max":407.9529,"reward_scale":1.0,"throttle_mean":0.7982,"throttle_min":0.1995,"throttle_max":0.9902}
{"type":"train_update","update":101,"global_step":1654784,"wall_s":1039.94,"sps":1591.2,"loss":2489.70948,"loss_ema":2487.079704,"loss_plateau_delta":0.657444,"loss_plateau_count":0,"pg_loss":-0.001715,"v_loss":4979.403671,"entropy":-1.873289,"approx_kl":0.003821,"clipfrac":0.0571,"reward_mean":-1.3377,"reward_std":36.1357,"reward_min":-203.8259,"reward_max":448.2765,"reward_scale":1.0,"throttle_mean":0.7998,"throttle_min":0.1315,"throttle_max":0.992}
{"type":"train_update","update":102,"global_step":1671168,"wall_s":1046.44,"sps":1597.0,"loss":2551.363503,"loss_ema":2499.936464,"loss_plateau_delta":12.85676,"loss_plateau_count":0,"pg_loss":-0.001694,"v_loss":5102.711685,"entropy":-1.875736,"approx_kl":0.002705,"clipfrac":0.0282,"reward_mean":-0.7268,"reward_std":37.2596,"reward_min":-204.3386,"reward_max":424.0066,"reward_scale":1.0,"throttle_mean":0.8014,"throttle_min":0.2063,"throttle_max":0.99}
{"type":"train_update","update":103,"global_step":1687552,"wall_s":1053.03,"sps":1602.6,"loss":2432.827835,"loss_ema":2486.514738,"loss_plateau_delta":13.421726,"loss_plateau_count":0,"pg_loss":-0.00266,"v_loss":4865.642242,"entropy":-1.876861,"approx_kl":0.006032,"clipfrac":0.0305,"reward_mean":-1.4738,"reward_std":35.7363,"reward_min":-204.0615,"reward_max":459.4444,"reward_scale":1.0,"throttle_mean":0.8,"throttle_min":0.1791,"throttle_max":0.9886}
{"type":"train_update","update":104,"global_step":1703936,"wall_s":1060.2,"sps":1607.2,"loss":2613.726784,"loss_ema":2511.957147,"loss_plateau_delta":25.442409,"loss_plateau_count":0,"pg_loss":-0.001816,"v_loss":5227.438385,"entropy":-1.878642,"approx_kl":0.007803,"clipfrac":0.0486,"reward_mean":-0.6581,"reward_std":37.7207,"reward_min":-204.6055,"reward_max":440.3122,"reward_scale":1.0,"throttle_mean":0.8027,"throttle_min":0.1273,"throttle_max":0.9914}
{"type":"train_update","update":105,"global_step":1720320,"wall_s":1067.65,"sps":1611.3,"loss":2427.984192,"loss_ema":2495.162556,"loss_plateau_delta":16.794591,"loss_plateau_count":0,"pg_loss":0.000194,"v_loss":4855.949234,"entropy":-1.878396,"approx_kl":0.003627,"clipfrac":0.1176,"reward_mean":-0.6142,"reward_std":36.3163,"reward_min":-204.0404,"reward_max":416.7062,"reward_scale":1.0,"throttle_mean":0.8037,"throttle_min":0.1683,"throttle_max":0.9924}
{"type":"train_update","update":106,"global_step":1736704,"wall_s":1074.49,"sps":1616.3,"loss":2417.366364,"loss_ema":2479.603318,"loss_plateau_delta":15.559239,"loss_plateau_count":0,"pg_loss":-0.002167,"v_loss":4834.718277,"entropy":-1.88178,"approx_kl":0.005466,"clipfrac":0.0633,"reward_mean":-0.4841,"reward_std":36.6087,"reward_min":-204.6989,"reward_max":425.0456,"reward_scale":1.0,"throttle_mean":0.8079,"throttle_min":0.1774,"throttle_max":0.9869}
{"type":"train_update","update":107,"global_step":1753088,"wall_s":1080.73,"sps":1622.1,"loss":2489.493767,"loss_ema":2481.581407,"loss_plateau_delta":1.97809,"loss_plateau_count":0,"pg_loss":-0.001992,"v_loss":4978.972733,"entropy":-1.882704,"approx_kl":0.004825,"clipfrac":0.0406,"reward_mean":-0.8938,"reward_std":36.6805,"reward_min":-204.6945,"reward_max":458.3785,"reward_scale":1.0,"throttle_mean":0.8049,"throttle_min":0.1497,"throttle_max":0.9909}
step=1,753,088 reward_mean=-0.894 kl=0.00483 clipfrac=0.041 eval={'landed_fraction': 1.0, 'crashed_fraction': 1.0, 'mean_touchdown_speed': 0.05738568305969238, 'max_touchdown_speed': 0.6099545955657959, 'mean_pad_distance': 2.069479465484619, 'max_pad_distance': 5.048277854919434, 'mean_delta_v_proxy': 17.876983642578125, 'mean_eval_throttle': 0.830467391676373, 'max_eval_throttle': 0.934709370136261, 'max_upward_speed': 2.0605010986328125, 'max_downward_speed': 8.027432441711426, 'passed': False}
{"type":"train_update","update":108,"global_step":1769472,"wall_s":1136.64,"sps":1556.8,"loss":2045.724686,"loss_ema":2394.410063,"loss_plateau_delta":87.171344,"loss_plateau_count":0,"pg_loss":-0.002653,"v_loss":4091.435829,"entropy":-1.884472,"approx_kl":0.006523,"clipfrac":0.0741,"reward_mean":-0.8483,"reward_std":32.1777,"reward_min":-204.2839,"reward_max":422.6543,"reward_scale":1.0,"throttle_mean":0.8076,"throttle_min":0.1178,"throttle_max":0.9888}
{"type":"train_update","update":109,"global_step":1785856,"wall_s":1143.27,"sps":1562.1,"loss":2464.268738,"loss_ema":2408.381798,"loss_plateau_delta":13.971735,"loss_plateau_count":0,"pg_loss":-0.000923,"v_loss":4928.520508,"entropy":-1.88479,"approx_kl":0.013684,"clipfrac":0.058,"reward_mean":-0.6973,"reward_std":36.2551,"reward_min":-204.3436,"reward_max":454.8851,"reward_scale":1.0,"throttle_mean":0.8005,"throttle_min":0.1917,"throttle_max":0.9881}
{"type":"train_update","update":110,"global_step":1802240,"wall_s":1149.5,"sps":1567.8,"loss":2634.573929,"loss_ema":2453.620224,"loss_plateau_delta":45.238426,"loss_plateau_count":0,"pg_loss":-0.0014,"v_loss":5269.131851,"entropy":-1.881016,"approx_kl":0.007819,"clipfrac":0.0758,"reward_mean":-0.4839,"reward_std":37.7503,"reward_min":-204.3562,"reward_max":465.8907,"reward_scale":1.0,"throttle_mean":0.7989,"throttle_min":0.1687,"throttle_max":0.99}
{"type":"train_update","update":111,"global_step":1818624,"wall_s":1157.18,"sps":1571.6,"loss":2577.362312,"loss_ema":2478.368642,"loss_plateau_delta":24.748418,"loss_plateau_count":0,"pg_loss":0.00029,"v_loss":5154.705261,"entropy":-1.875536,"approx_kl":0.006581,"clipfrac":0.0829,"reward_mean":-0.6285,"reward_std":37.7206,"reward_min":-203.7486,"reward_max":445.6219,"reward_scale":1.0,"throttle_mean":0.7965,"throttle_min":0.1418,"throttle_max":0.9931}
{"type":"train_update","update":112,"global_step":1835008,"wall_s":1163.81,"sps":1576.7,"loss":2611.167702,"loss_ema":2504.928454,"loss_plateau_delta":26.559812,"loss_plateau_count":0,"pg_loss":-0.000518,"v_loss":5222.317734,"entropy":-1.872177,"approx_kl":0.007815,"clipfrac":0.1166,"reward_mean":-0.5504,"reward_std":37.7655,"reward_min":-204.1325,"reward_max":456.1537,"reward_scale":1.0,"throttle_mean":0.7919,"throttle_min":0.1923,"throttle_max":0.992}
{"type":"train_update","update":113,"global_step":1851392,"wall_s":1170.38,"sps":1581.9,"loss":2624.730293,"loss_ema":2528.888822,"loss_plateau_delta":23.960368,"loss_plateau_count":0,"pg_loss":-0.000646,"v_loss":5249.443146,"entropy":-1.873037,"approx_kl":0.004721,"clipfrac":0.0752,"reward_mean":-0.8772,"reward_std":37.4882,"reward_min":-203.948,"reward_max":459.6129,"reward_scale":1.0,"throttle_mean":0.7929,"throttle_min":0.1906,"throttle_max":0.9902}
{"type":"train_update","update":114,"global_step":1867776,"wall_s":1177.6,"sps":1586.1,"loss":2645.006935,"loss_ema":2552.112444,"loss_plateau_delta":23.223623,"loss_plateau_count":0,"pg_loss":-0.001342,"v_loss":5289.997787,"entropy":-1.875781,"approx_kl":0.00354,"clipfrac":0.0435,"reward_mean":-0.2969,"reward_std":38.2535,"reward_min":-204.0163,"reward_max":467.7536,"reward_scale":1.0,"throttle_mean":0.7906,"throttle_min":0.1635,"throttle_max":0.9846}
{"type":"train_update","update":115,"global_step":1884160,"wall_s":1184.8,"sps":1590.3,"loss":2668.53167,"loss_ema":2575.396289,"loss_plateau_delta":23.283845,"loss_plateau_count":0,"pg_loss":-0.002137,"v_loss":5337.048843,"entropy":-1.877225,"approx_kl":0.004905,"clipfrac":0.0402,"reward_mean":-0.1302,"reward_std":38.5977,"reward_min":-203.8687,"reward_max":462.0756,"reward_scale":1.0,"throttle_mean":0.7951,"throttle_min":0.1821,"throttle_max":0.9887}
{"type":"train_update","update":116,"global_step":1900544,"wall_s":1191.55,"sps":1595.0,"loss":2648.315414,"loss_ema":2589.980114,"loss_plateau_delta":14.583825,"loss_plateau_count":0,"pg_loss":0.008169,"v_loss":5296.595703,"entropy":-1.876956,"approx_kl":0.005315,"clipfrac":0.2263,"reward_mean":-0.4543,"reward_std":38.0372,"reward_min":-204.0093,"reward_max":468.8246,"reward_scale":1.0,"throttle_mean":0.7945,"throttle_min":0.096,"throttle_max":0.9923}
{"type":"train_update","update":117,"global_step":1916928,"wall_s":1197.99,"sps":1600.1,"loss":2657.152985,"loss_ema":2603.414688,"loss_plateau_delta":13.434574,"loss_plateau_count":0,"pg_loss":-0.001123,"v_loss":5314.289459,"entropy":-1.875231,"approx_kl":0.008308,"clipfrac":0.0814,"reward_mean":-0.011,"reward_std":38.6423,"reward_min":-203.8685,"reward_max":450.1199,"reward_scale":1.0,"throttle_mean":0.7947,"throttle_min":0.2182,"throttle_max":0.9916}
{"type":"train_update","update":118,"global_step":1933312,"wall_s":1206.16,"sps":1602.9,"loss":2596.345253,"loss_ema":2602.000801,"loss_plateau_delta":1.413887,"loss_plateau_count":0,"pg_loss":-0.001285,"v_loss":5192.674332,"entropy":-1.874771,"approx_kl":0.007197,"clipfrac":0.0489,"reward_mean":-0.3437,"reward_std":38.0572,"reward_min":-203.9585,"reward_max":445.3778,"reward_scale":1.0,"throttle_mean":0.7916,"throttle_min":0.18,"throttle_max":0.9906}
{"type":"train_update","update":119,"global_step":1949696,"wall_s":1212.65,"sps":1607.8,"loss":2662.336151,"loss_ema":2614.067871,"loss_plateau_delta":12.06707,"loss_plateau_count":0,"pg_loss":-0.000211,"v_loss":5324.653992,"entropy":-1.876934,"approx_kl":0.016567,"clipfrac":0.0601,"reward_mean":-0.7576,"reward_std":38.1596,"reward_min":-204.0291,"reward_max":458.5593,"reward_scale":1.0,"throttle_mean":0.7916,"throttle_min":0.2133,"throttle_max":0.991}
{"type":"train_update","update":120,"global_step":1966080,"wall_s":1218.88,"sps":1613.0,"loss":2627.36412,"loss_ema":2616.727121,"loss_plateau_delta":2.65925,"loss_plateau_count":0,"pg_loss":-0.001957,"v_loss":5254.713409,"entropy":-1.87427,"approx_kl":0.004393,"clipfrac":0.0283,"reward_mean":-0.1789,"reward_std":38.358,"reward_min":-204.386,"reward_max":439.1655,"reward_scale":1.0,"throttle_mean":0.7922,"throttle_min":0.1475,"throttle_max":0.9917}
{"type":"train_update","update":121,"global_step":1982464,"wall_s":1226.7,"sps":1616.1,"loss":2705.547829,"loss_ema":2634.491263,"loss_plateau_delta":17.764142,"loss_plateau_count":0,"pg_loss":-0.001804,"v_loss":5411.080566,"entropy":-1.87259,"approx_kl":0.00356,"clipfrac":0.0444,"reward_mean":-0.0535,"reward_std":38.8572,"reward_min":-203.8132,"reward_max":455.113,"reward_scale":1.0,"throttle_mean":0.796,"throttle_min":0.1812,"throttle_max":0.9901}
{"type":"train_update","update":122,"global_step":1998848,"wall_s":1233.43,"sps":1620.6,"loss":2659.193924,"loss_ema":2639.431795,"loss_plateau_delta":4.940532,"loss_plateau_count":0,"pg_loss":-0.000294,"v_loss":5318.36969,"entropy":-1.873887,"approx_kl":0.011775,"clipfrac":0.0908,"reward_mean":-0.2636,"reward_std":38.4787,"reward_min":-204.1235,"reward_max":446.0363,"reward_scale":1.0,"throttle_mean":0.7936,"throttle_min":0.1868,"throttle_max":0.9909}
{"type":"train_update","update":123,"global_step":2015232,"wall_s":1240.11,"sps":1625.0,"loss":2666.787201,"loss_ema":2644.902876,"loss_plateau_delta":5.471081,"loss_plateau_count":0,"pg_loss":-0.001664,"v_loss":5333.559006,"entropy":-1.874362,"approx_kl":0.004112,"clipfrac":0.0496,"reward_mean":-0.0072,"reward_std":38.4975,"reward_min":-203.9636,"reward_max":435.9111,"reward_scale":1.0,"throttle_mean":0.7959,"throttle_min":0.177,"throttle_max":0.99}
step=2,015,232 reward_mean=-0.007 kl=0.00411 clipfrac=0.050 eval={'landed_fraction': 1.0, 'crashed_fraction': 1.0, 'mean_touchdown_speed': 0.04293568432331085, 'max_touchdown_speed': 0.45538145303726196, 'mean_pad_distance': 1.621415138244629, 'max_pad_distance': 5.075608730316162, 'mean_delta_v_proxy': 17.310932159423828, 'mean_eval_throttle': 0.8179249431027307, 'max_eval_throttle': 0.9327642321586609, 'max_upward_speed': 1.135690689086914, 'max_downward_speed': 8.36608600616455, 'passed': False}
{"type":"train_update","update":124,"global_step":2031616,"wall_s":1295.11,"sps":1568.7,"loss":2071.547974,"loss_ema":2530.231896,"loss_plateau_delta":114.67098,"loss_plateau_count":0,"pg_loss":-0.001603,"v_loss":4143.080429,"entropy":-1.871491,"approx_kl":0.002905,"clipfrac":0.0458,"reward_mean":-0.6431,"reward_std":32.9252,"reward_min":-203.7621,"reward_max":440.2444,"reward_scale":1.0,"throttle_mean":0.7997,"throttle_min":0.1412,"throttle_max":0.9886}
{"type":"train_update","update":125,"global_step":2048000,"wall_s":1302.07,"sps":1572.9,"loss":2494.594666,"loss_ema":2523.10445,"loss_plateau_delta":7.127446,"loss_plateau_count":0,"pg_loss":-0.001565,"v_loss":4989.173813,"entropy":-1.867902,"approx_kl":0.006256,"clipfrac":0.0408,"reward_mean":-0.4893,"reward_std":37.0609,"reward_min":-203.7697,"reward_max":436.6989,"reward_scale":1.0,"throttle_mean":0.8,"throttle_min":0.1409,"throttle_max":0.9889}
{"type":"train_update","update":126,"global_step":2064384,"wall_s":1308.53,"sps":1577.6,"loss":2536.207977,"loss_ema":2525.725155,"loss_plateau_delta":2.620706,"loss_plateau_count":0,"pg_loss":-9e-05,"v_loss":5072.397491,"entropy":-1.86786,"approx_kl":0.0107,"clipfrac":0.0725,"reward_mean":-0.5844,"reward_std":37.5058,"reward_min":-203.7325,"reward_max":431.6032,"reward_scale":1.0,"throttle_mean":0.801,"throttle_min":0.1609,"throttle_max":0.9878}
{"type":"train_update","update":127,"global_step":2080768,"wall_s":1314.83,"sps":1582.5,"loss":2518.029701,"loss_ema":2524.186064,"loss_plateau_delta":1.539091,"loss_plateau_count":0,"pg_loss":-0.000609,"v_loss":5036.041977,"entropy":-1.870005,"approx_kl":0.020526,"clipfrac":0.0859,"reward_mean":-0.6953,"reward_std":37.2881,"reward_min":-203.9916,"reward_max":451.1378,"reward_scale":1.0,"throttle_mean":0.7992,"throttle_min":0.164,"throttle_max":0.9931}
{"type":"train_update","update":128,"global_step":2097152,"wall_s":1322.6,"sps":1585.6,"loss":2584.71785,"loss_ema":2536.292421,"loss_plateau_delta":12.106357,"loss_plateau_count":0,"pg_loss":-0.002218,"v_loss":5169.421432,"entropy":-1.868111,"approx_kl":0.007095,"clipfrac":0.0756,"reward_mean":-0.1842,"reward_std":38.1786,"reward_min":-204.0495,"reward_max":449.7225,"reward_scale":1.0,"throttle_mean":0.7993,"throttle_min":0.1333,"throttle_max":0.9912}
{"type":"train_update","update":129,"global_step":2113536,"wall_s":1329.09,"sps":1590.2,"loss":2595.882935,"loss_ema":2548.210524,"loss_plateau_delta":11.918103,"loss_plateau_count":0,"pg_loss":0.000244,"v_loss":5191.74678,"entropy":-1.863375,"approx_kl":0.046066,"clipfrac":0.0921,"reward_mean":0.2037,"reward_std":38.3955,"reward_min":-204.0638,"reward_max":410.7675,"reward_scale":1.0,"throttle_mean":0.7958,"throttle_min":0.1443,"throttle_max":0.9855}
{"type":"train_update","update":130,"global_step":2129920,"wall_s":1335.6,"sps":1594.7,"loss":2563.614677,"loss_ema":2551.291355,"loss_plateau_delta":3.080831,"loss_plateau_count":0,"pg_loss":-0.001106,"v_loss":5127.212952,"entropy":-1.862079,"approx_kl":0.005033,"clipfrac":0.0876,"reward_mean":-0.974,"reward_std":37.7763,"reward_min":-203.8888,"reward_max":460.5366,"reward_scale":1.0,"throttle_mean":0.789,"throttle_min":0.1726,"throttle_max":0.9893}
{"type":"train_update","update":131,"global_step":2146304,"wall_s":1343.26,"sps":1597.8,"loss":2585.946022,"loss_ema":2558.222288,"loss_plateau_delta":6.930933,"loss_plateau_count":0,"pg_loss":-0.002357,"v_loss":5171.878143,"entropy":-1.862581,"approx_kl":0.004244,"clipfrac":0.0504,"reward_mean":-0.6988,"reward_std":37.7837,"reward_min":-203.9033,"reward_max":462.4004,"reward_scale":1.0,"throttle_mean":0.7923,"throttle_min":0.1772,"throttle_max":0.9927}
{"type":"train_update","update":132,"global_step":2162688,"wall_s":1349.87,"sps":1602.1,"loss":2677.943611,"loss_ema":2582.166553,"loss_plateau_delta":23.944265,"loss_plateau_count":0,"pg_loss":-0.002151,"v_loss":5355.872879,"entropy":-1.861731,"approx_kl":0.004755,"clipfrac":0.0678,"reward_mean":-0.2898,"reward_std":38.7054,"reward_min":-203.8168,"reward_max":446.1667,"reward_scale":1.0,"throttle_mean":0.7969,"throttle_min":0.1719,"throttle_max":0.9921}
{"type":"train_update","update":133,"global_step":2179072,"wall_s":1356.52,"sps":1606.4,"loss":2696.932816,"loss_ema":2605.119805,"loss_plateau_delta":22.953253,"loss_plateau_count":0,"pg_loss":-0.001354,"v_loss":5393.849716,"entropy":-1.863968,"approx_kl":0.006073,"clipfrac":0.0289,"reward_mean":0.0385,"reward_std":39.1012,"reward_min":-203.6306,"reward_max":456.653,"reward_scale":1.0,"throttle_mean":0.7977,"throttle_min":0.1625,"throttle_max":0.9929}
{"type":"train_update","update":134,"global_step":2195456,"wall_s":1363.54,"sps":1610.1,"loss":2681.438095,"loss_ema":2620.383463,"loss_plateau_delta":15.263658,"loss_plateau_count":0,"pg_loss":-0.000845,"v_loss":5362.859253,"entropy":-1.865783,"approx_kl":0.002809,"clipfrac":0.0651,"reward_mean":-0.2785,"reward_std":38.7816,"reward_min":-203.7768,"reward_max":436.2104,"reward_scale":1.0,"throttle_mean":0.7972,"throttle_min":0.1729,"throttle_max":0.9868}
{"type":"train_update","update":135,"global_step":2211840,"wall_s":1370.84,"sps":1613.5,"loss":2635.780441,"loss_ema":2623.462859,"loss_plateau_delta":3.079396,"loss_plateau_count":0,"pg_loss":-7e-06,"v_loss":5271.542252,"entropy":-1.866515,"approx_kl":0.012089,"clipfrac":0.1229,"reward_mean":-0.6846,"reward_std":38.3377,"reward_min":-203.7994,"reward_max":451.9234,"reward_scale":1.0,"throttle_mean":0.796,"throttle_min":0.1523,"throttle_max":0.9861}
{"type":"train_update","update":136,"global_step":2228224,"wall_s":1377.55,"sps":1617.5,"loss":2634.216797,"loss_ema":2625.613646,"loss_plateau_delta":2.150788,"loss_plateau_count":0,"pg_loss":-0.002134,"v_loss":5268.419159,"entropy":-1.866581,"approx_kl":0.005845,"clipfrac":0.0495,"reward_mean":0.2583,"reward_std":38.5904,"reward_min":-203.7735,"reward_max":430.0345,"reward_scale":1.0,"throttle_mean":0.7975,"throttle_min":0.2341,"throttle_max":0.9903}
{"type":"train_update","update":137,"global_step":2244608,"wall_s":1383.61,"sps":1622.3,"loss":2688.428841,"loss_ema":2638.176685,"loss_plateau_delta":12.563039,"loss_plateau_count":0,"pg_loss":-0.00139,"v_loss":5376.841827,"entropy":-1.866123,"approx_kl":0.007993,"clipfrac":0.0556,"reward_mean":0.5496,"reward_std":39.6272,"reward_min":-203.803,"reward_max":434.0241,"reward_scale":1.0,"throttle_mean":0.7979,"throttle_min":0.17,"throttle_max":0.9893}
{"type":"train_update","update":138,"global_step":2260992,"wall_s":1391.82,"sps":1624.5,"loss":2567.192787,"loss_ema":2623.979906,"loss_plateau_delta":14.19678,"loss_plateau_count":0,"pg_loss":-0.00119,"v_loss":5134.369278,"entropy":-1.868502,"approx_kl":0.004446,"clipfrac":0.0669,"reward_mean":0.3424,"reward_std":38.4733,"reward_min":-203.6456,"reward_max":455.7293,"reward_scale":1.0,"throttle_mean":0.8026,"throttle_min":0.1536,"throttle_max":0.9909}
step=2,260,992 reward_mean=0.342 kl=0.00445 clipfrac=0.067 eval={'landed_fraction': 1.0, 'crashed_fraction': 1.0, 'mean_touchdown_speed': 0.02982395328581333, 'max_touchdown_speed': 0.5073472857475281, 'mean_pad_distance': 1.5864969491958618, 'max_pad_distance': 4.7067060470581055, 'mean_delta_v_proxy': 17.302288055419922, 'mean_eval_throttle': 0.8177022434605492, 'max_eval_throttle': 0.9184768199920654, 'max_upward_speed': 1.1743322610855103, 'max_downward_speed': 8.304015159606934, 'passed': False}
{"type":"train_update","update":139,"global_step":2277376,"wall_s":1446.39,"sps":1574.5,"loss":2112.607651,"loss_ema":2521.705455,"loss_plateau_delta":102.274451,"loss_plateau_count":0,"pg_loss":-0.001792,"v_loss":4225.20015,"entropy":-1.873834,"approx_kl":0.00697,"clipfrac":0.0598,"reward_mean":-0.5893,"reward_std":33.5549,"reward_min":-203.8964,"reward_max":415.4266,"reward_scale":1.0,"throttle_mean":0.7971,"throttle_min":0.1915,"throttle_max":0.9899}
{"type":"train_update","update":140,"global_step":2293760,"wall_s":1452.84,"sps":1578.8,"loss":2475.484741,"loss_ema":2512.461312,"loss_plateau_delta":9.244143,"loss_plateau_count":0,"pg_loss":-0.000927,"v_loss":4950.952591,"entropy":-1.876271,"approx_kl":0.004545,"clipfrac":0.0662,"reward_mean":-0.7186,"reward_std":36.7181,"reward_min":-203.7412,"reward_max":441.8728,"reward_scale":1.0,"throttle_mean":0.7953,"throttle_min":0.2243,"throttle_max":0.9911}
{"type":"train_update","update":141,"global_step":2310144,"wall_s":1460.71,"sps":1581.5,"loss":2762.567329,"loss_ema":2562.482515,"loss_plateau_delta":50.021203,"loss_plateau_count":0,"pg_loss":-0.001065,"v_loss":5525.118073,"entropy":-1.87277,"approx_kl":0.00414,"clipfrac":0.0595,"reward_mean":0.4788,"reward_std":40.312,"reward_min":-204.3025,"reward_max":469.7615,"reward_scale":1.0,"throttle_mean":0.7928,"throttle_min":0.1884,"throttle_max":0.9927}
{"type":"train_update","update":142,"global_step":2326528,"wall_s":1467.37,"sps":1585.5,"loss":2726.812225,"loss_ema":2595.348457,"loss_plateau_delta":32.865942,"loss_plateau_count":0,"pg_loss":0.00153,"v_loss":5453.602722,"entropy":-1.869482,"approx_kl":0.008689,"clipfrac":0.117,"reward_mean":0.7743,"reward_std":40.0281,"reward_min":-203.7019,"reward_max":450.2989,"reward_scale":1.0,"throttle_mean":0.7986,"throttle_min":0.1521,"throttle_max":0.9905}
{"type":"train_update","update":143,"global_step":2342912,"wall_s":1474.08,"sps":1589.4,"loss":2666.52726,"loss_ema":2609.584218,"loss_plateau_delta":14.23576,"loss_plateau_count":0,"pg_loss":-0.000177,"v_loss":5333.03624,"entropy":-1.863488,"approx_kl":0.00734,"clipfrac":0.0955,"reward_mean":0.1764,"reward_std":39.3503,"reward_min":-204.0471,"reward_max":464.6932,"reward_scale":1.0,"throttle_mean":0.7949,"throttle_min":0.1817,"throttle_max":0.9878}
{"type":"train_update","update":144,"global_step":2359296,"wall_s":1480.88,"sps":1593.2,"loss":2621.368759,"loss_ema":2611.941126,"loss_plateau_delta":2.356908,"loss_plateau_count":0,"pg_loss":-0.001075,"v_loss":5242.721054,"entropy":-1.863056,"approx_kl":0.014428,"clipfrac":0.045,"reward_mean":0.3158,"reward_std":39.1852,"reward_min":-203.9428,"reward_max":464.3044,"reward_scale":1.0,"throttle_mean":0.7986,"throttle_min":0.1502,"throttle_max":0.9935}
{"type":"train_update","update":145,"global_step":2375680,"wall_s":1488.42,"sps":1596.1,"loss":2587.967384,"loss_ema":2607.146378,"loss_plateau_delta":4.794748,"loss_plateau_count":0,"pg_loss":-0.000971,"v_loss":5175.918076,"entropy":-1.865425,"approx_kl":0.005035,"clipfrac":0.0329,"reward_mean":0.3645,"reward_std":39.3121,"reward_min":-204.062,"reward_max":446.1563,"reward_scale":1.0,"throttle_mean":0.7978,"throttle_min":0.1548,"throttle_max":0.9935}
{"type":"train_update","update":146,"global_step":2392064,"wall_s":1495.13,"sps":1599.9,"loss":2663.597061,"loss_ema":2618.436514,"loss_plateau_delta":11.290137,"loss_plateau_count":0,"pg_loss":-0.001493,"v_loss":5327.178482,"entropy":-1.864972,"approx_kl":0.004198,"clipfrac":0.0383,"reward_mean":0.501,"reward_std":39.4321,"reward_min":-204.0347,"reward_max":437.0381,"reward_scale":1.0,"throttle_mean":0.7926,"throttle_min":0.1615,"throttle_max":0.9893}
{"type":"train_update","update":147,"global_step":2408448,"wall_s":1501.25,"sps":1604.3,"loss":2664.67569,"loss_ema":2627.68435,"loss_plateau_delta":9.247835,"loss_plateau_count":0,"pg_loss":-0.002033,"v_loss":5329.336823,"entropy":-1.864917,"approx_kl":0.004932,"clipfrac":0.0469,"reward_mean":0.2367,"reward_std":39.4002,"reward_min":-204.0371,"reward_max":465.9246,"reward_scale":1.0,"throttle_mean":0.7869,"throttle_min":0.1724,"throttle_max":0.9909}
{"type":"train_update","update":148,"global_step":2424832,"wall_s":1509.52,"sps":1606.4,"loss":2686.499313,"loss_ema":2639.447342,"loss_plateau_delta":11.762993,"loss_plateau_count":0,"pg_loss":-0.001466,"v_loss":5372.982941,"entropy":-1.86451,"approx_kl":0.004687,"clipfrac":0.036,"reward_mean":0.7219,"reward_std":39.7024,"reward_min":-203.8993,"reward_max":448.0309,"reward_scale":1.0,"throttle_mean":0.7932,"throttle_min":0.1828,"throttle_max":0.9888}
{"type":"train_update","update":149,"global_step":2441216,"wall_s":1516.13,"sps":1610.2,"loss":2682.613297,"loss_ema":2648.080533,"loss_plateau_delta":8.633191,"loss_plateau_count":0,"pg_loss":-0.002165,"v_loss":5365.21228,"entropy":-1.864467,"approx_kl":0.004008,"clipfrac":0.0288,"reward_mean":0.1531,"reward_std":39.8182,"reward_min":-204.0756,"reward_max":454.3654,"reward_scale":1.0,"throttle_mean":0.7935,"throttle_min":0.1719,"throttle_max":0.9898}
{"type":"train_update","update":150,"global_step":2457600,"wall_s":1523.07,"sps":1613.6,"loss":2614.541824,"loss_ema":2641.372791,"loss_plateau_delta":6.707742,"loss_plateau_count":0,"pg_loss":-0.001384,"v_loss":5229.067703,"entropy":-1.867126,"approx_kl":0.006612,"clipfrac":0.0464,"reward_mean":0.1574,"reward_std":38.8062,"reward_min":-203.56,"reward_max":450.8614,"reward_scale":1.0,"throttle_mean":0.7932,"throttle_min":0.2182,"throttle_max":0.9883}
{"type":"train_update","update":151,"global_step":2473984,"wall_s":1530.91,"sps":1616.0,"loss":2596.079933,"loss_ema":2632.31422,"loss_plateau_delta":9.058572,"loss_plateau_count":0,"pg_loss":-0.001278,"v_loss":5192.143753,"entropy":-1.868013,"approx_kl":0.00409,"clipfrac":0.0223,"reward_mean":0.6426,"reward_std":39.3973,"reward_min":-203.9515,"reward_max":458.3528,"reward_scale":1.0,"throttle_mean":0.7983,"throttle_min":0.2143,"throttle_max":0.9928}
{"type":"train_update","update":152,"global_step":2490368,"wall_s":1537.67,"sps":1619.6,"loss":2713.279678,"loss_ema":2648.507311,"loss_plateau_delta":16.193092,"loss_plateau_count":0,"pg_loss":-0.001289,"v_loss":5426.543274,"entropy":-1.867427,"approx_kl":0.003109,"clipfrac":0.0237,"reward_mean":0.7552,"reward_std":40.1514,"reward_min":-204.028,"reward_max":458.9757,"reward_scale":1.0,"throttle_mean":0.7951,"throttle_min":0.1827,"throttle_max":0.9921}
{"type":"train_update","update":153,"global_step":2506752,"wall_s":1544.37,"sps":1623.2,"loss":2617.387604,"loss_ema":2642.28337,"loss_plateau_delta":6.223942,"loss_plateau_count":0,"pg_loss":-0.002192,"v_loss":5234.760925,"entropy":-1.864758,"approx_kl":0.004043,"clipfrac":0.032,"reward_mean":0.5272,"reward_std":39.4269,"reward_min":-204.033,"reward_max":449.4609,"reward_scale":1.0,"throttle_mean":0.7999,"throttle_min":0.1955,"throttle_max":0.9856}
step=2,506,752 reward_mean=0.527 kl=0.00404 clipfrac=0.032 eval={'landed_fraction': 1.0, 'crashed_fraction': 1.0, 'mean_touchdown_speed': 0.03262283280491829, 'max_touchdown_speed': 0.5238809585571289, 'mean_pad_distance': 1.8963314294815063, 'max_pad_distance': 4.813720703125, 'mean_delta_v_proxy': 17.44706153869629, 'mean_eval_throttle': 0.8218669532405005, 'max_eval_throttle': 0.9243872165679932, 'max_upward_speed': 1.1737940311431885, 'max_downward_speed': 8.736961364746094, 'passed': False}
{"type":"train_update","update":154,"global_step":2523136,"wall_s":1599.14,"sps":1577.8,"loss":2097.349449,"loss_ema":2533.296586,"loss_plateau_delta":108.986784,"loss_plateau_count":0,"pg_loss":-0.001542,"v_loss":4194.683327,"entropy":-1.863245,"approx_kl":0.004325,"clipfrac":0.0275,"reward_mean":-0.1912,"reward_std":34.0627,"reward_min":-203.9181,"reward_max":424.9624,"reward_scale":1.0,"throttle_mean":0.7941,"throttle_min":0.1717,"throttle_max":0.9894}
{"type":"train_update","update":155,"global_step":2539520,"wall_s":1606.34,"sps":1580.9,"loss":2506.950371,"loss_ema":2528.027343,"loss_plateau_delta":5.269243,"loss_plateau_count":0,"pg_loss":-0.000925,"v_loss":5013.883957,"entropy":-1.863651,"approx_kl":0.00611,"clipfrac":0.0627,"reward_mean":0.2757,"reward_std":38.0187,"reward_min":-203.8053,"reward_max":435.3698,"reward_scale":1.0,"throttle_mean":0.7943,"throttle_min":0.1905,"throttle_max":0.9906}
{"type":"train_update","update":156,"global_step":2555904,"wall_s":1613.11,"sps":1584.5,"loss":2744.473305,"loss_ema":2571.316535,"loss_plateau_delta":43.289192,"loss_plateau_count":0,"pg_loss":-0.001406,"v_loss":5488.930771,"entropy":-1.862994,"approx_kl":0.005908,"clipfrac":0.0354,"reward_mean":0.6677,"reward_std":40.4762,"reward_min":-203.7038,"reward_max":456.1569,"reward_scale":1.0,"throttle_mean":0.797,"throttle_min":0.1593,"throttle_max":0.9906}
{"type":"train_update","update":157,"global_step":2572288,"wall_s":1619.33,"sps":1588.5,"loss":2615.586647,"loss_ema":2580.170558,"loss_plateau_delta":8.854022,"loss_plateau_count":0,"pg_loss":-0.002009,"v_loss":5231.158676,"entropy":-1.863623,"approx_kl":0.004437,"clipfrac":0.032,"reward_mean":0.8828,"reward_std":39.6046,"reward_min":-203.8348,"reward_max":445.7418,"reward_scale":1.0,"throttle_mean":0.7953,"throttle_min":0.1438,"throttle_max":0.9914}
{"type":"train_update","update":158,"global_step":2588672,"wall_s":1627.45,"sps":1590.6,"loss":2711.197556,"loss_ema":2606.375957,"loss_plateau_delta":26.2054,"loss_plateau_count":0,"pg_loss":-0.002631,"v_loss":5422.381775,"entropy":-1.862501,"approx_kl":0.004702,"clipfrac":0.0268,"reward_mean":0.977,"reward_std":40.3839,"reward_min":-204.0994,"reward_max":452.8521,"reward_scale":1.0,"throttle_mean":0.7934,"throttle_min":0.2159,"throttle_max":0.9915}
{"type":"train_update","update":159,"global_step":2605056,"wall_s":1633.83,"sps":1594.4,"loss":2680.172951,"loss_ema":2621.135356,"loss_plateau_delta":14.759399,"loss_plateau_count":0,"pg_loss":-0.001574,"v_loss":5360.330399,"entropy":-1.864034,"approx_kl":0.004574,"clipfrac":0.0176,"reward_mean":0.8965,"reward_std":40.0839,"reward_min":-203.8353,"reward_max":434.2636,"reward_scale":1.0,"throttle_mean":0.7898,"throttle_min":0.1014,"throttle_max":0.9893}
{"type":"train_update","update":160,"global_step":2621440,"wall_s":1640.12,"sps":1598.3,"loss":2821.525543,"loss_ema":2661.213393,"loss_plateau_delta":40.078037,"loss_plateau_count":0,"pg_loss":-0.001036,"v_loss":5643.0345,"entropy":-1.862505,"approx_kl":0.003721,"clipfrac":0.0314,"reward_mean":0.792,"reward_std":40.8105,"reward_min":-203.774,"reward_max":459.9401,"reward_scale":1.0,"throttle_mean":0.786,"throttle_min":0.1056,"throttle_max":0.9899}
{"type":"train_update","update":161,"global_step":2637824,"wall_s":1647.88,"sps":1600.7,"loss":2743.10862,"loss_ema":2677.592439,"loss_plateau_delta":16.379045,"loss_plateau_count":0,"pg_loss":-0.001403,"v_loss":5486.201431,"entropy":-1.861447,"approx_kl":0.005601,"clipfrac":0.0324,"reward_mean":0.6141,"reward_std":40.3578,"reward_min":-204.0234,"reward_max":444.6582,"reward_scale":1.0,"throttle_mean":0.7862,"throttle_min":0.175,"throttle_max":0.9887}
{"type":"train_update","update":162,"global_step":2654208,"wall_s":1654.7,"sps":1604.0,"loss":2840.530022,"loss_ema":2710.179955,"loss_plateau_delta":32.587517,"loss_plateau_count":0,"pg_loss":-0.002116,"v_loss":5681.045654,"entropy":-1.860773,"approx_kl":0.005274,"clipfrac":0.0341,"reward_mean":0.9305,"reward_std":41.2518,"reward_min":-203.7932,"reward_max":467.809,"reward_scale":1.0,"throttle_mean":0.7799,"throttle_min":0.2066,"throttle_max":0.993}
{"type":"train_update","update":163,"global_step":2670592,"wall_s":1661.53,"sps":1607.3,"loss":2904.931137,"loss_ema":2749.130192,"loss_plateau_delta":38.950236,"loss_plateau_count":0,"pg_loss":-0.002915,"v_loss":5809.849503,"entropy":-1.860103,"approx_kl":0.005674,"clipfrac":0.0448,"reward_mean":0.9203,"reward_std":41.7666,"reward_min":-204.001,"reward_max":453.2452,"reward_scale":1.0,"throttle_mean":0.7818,"throttle_min":0.16,"throttle_max":0.9904}
{"type":"train_update","update":164,"global_step":2686976,"wall_s":1668.34,"sps":1610.6,"loss":2782.110649,"loss_ema":2755.726283,"loss_plateau_delta":6.596092,"loss_plateau_count":0,"pg_loss":-0.001256,"v_loss":5564.205246,"entropy":-1.860448,"approx_kl":0.003489,"clipfrac":0.0234,"reward_mean":0.8312,"reward_std":40.8821,"reward_min":-203.7557,"reward_max":458.164,"reward_scale":1.0,"throttle_mean":0.7812,"throttle_min":0.1799,"throttle_max":0.9866}
{"type":"train_update","update":165,"global_step":2703360,"wall_s":1675.95,"sps":1613.0,"loss":2887.980553,"loss_ema":2782.177137,"loss_plateau_delta":26.450854,"loss_plateau_count":0,"pg_loss":-0.001643,"v_loss":5775.94574,"entropy":-1.861386,"approx_kl":0.003906,"clipfrac":0.0181,"reward_mean":1.324,"reward_std":42.0218,"reward_min":-203.8837,"reward_max":441.3066,"reward_scale":1.0,"throttle_mean":0.782,"throttle_min":0.1395,"throttle_max":0.9873}
{"type":"train_update","update":166,"global_step":2719744,"wall_s":1682.57,"sps":1616.4,"loss":2783.144043,"loss_ema":2782.370518,"loss_plateau_delta":0.193381,"loss_plateau_count":0,"pg_loss":-0.001667,"v_loss":5566.272812,"entropy":-1.860835,"approx_kl":0.004392,"clipfrac":0.0419,"reward_mean":0.8075,"reward_std":40.9951,"reward_min":-204.0424,"reward_max":455.5184,"reward_scale":1.0,"throttle_mean":0.7838,"throttle_min":0.1577,"throttle_max":0.9921}
{"type":"train_update","update":167,"global_step":2736128,"wall_s":1688.77,"sps":1620.2,"loss":2722.01265,"loss_ema":2770.298944,"loss_plateau_delta":12.071574,"loss_plateau_count":0,"pg_loss":-0.001393,"v_loss":5444.009445,"entropy":-1.859693,"approx_kl":0.012264,"clipfrac":0.0656,"reward_mean":0.9017,"reward_std":40.67,"reward_min":-203.6956,"reward_max":446.6382,"reward_scale":1.0,"throttle_mean":0.788,"throttle_min":0.1671,"throttle_max":0.9952}
{"type":"train_update","update":168,"global_step":2752512,"wall_s":1696.9,"sps":1622.1,"loss":2849.829323,"loss_ema":2786.20502,"loss_plateau_delta":15.906076,"loss_plateau_count":0,"pg_loss":-0.001471,"v_loss":5699.642944,"entropy":-1.859529,"approx_kl":0.005066,"clipfrac":0.0459,"reward_mean":0.9769,"reward_std":41.3946,"reward_min":-203.7603,"reward_max":451.9403,"reward_scale":1.0,"throttle_mean":0.7884,"throttle_min":0.1797,"throttle_max":0.9878}
step=2,752,512 reward_mean=0.977 kl=0.00507 clipfrac=0.046 eval={'landed_fraction': 1.0, 'crashed_fraction': 1.0, 'mean_touchdown_speed': 0.04967445507645607, 'max_touchdown_speed': 0.5248921513557434, 'mean_pad_distance': 1.5576212406158447, 'max_pad_distance': 3.2680962085723877, 'mean_delta_v_proxy': 16.877281188964844, 'mean_eval_throttle': 0.8109386772579616, 'max_eval_throttle': 0.918744683265686, 'max_upward_speed': 1.0634822845458984, 'max_downward_speed': 8.948304176330566, 'passed': False}
{"type":"train_update","update":169,"global_step":2768896,"wall_s":1752.43,"sps":1580.0,"loss":2274.026154,"loss_ema":2683.769247,"loss_plateau_delta":102.435773,"loss_plateau_count":0,"pg_loss":-0.0017,"v_loss":4548.037125,"entropy":-1.857651,"approx_kl":0.004792,"clipfrac":0.0294,"reward_mean":0.1438,"reward_std":35.9091,"reward_min":-203.697,"reward_max":461.3208,"reward_scale":1.0,"throttle_mean":0.7806,"throttle_min":0.1462,"throttle_max":0.992}
{"type":"train_update","update":170,"global_step":2785280,"wall_s":1758.92,"sps":1583.5,"loss":2710.288048,"loss_ema":2689.073007,"loss_plateau_delta":5.30376,"loss_plateau_count":0,"pg_loss":-0.001289,"v_loss":5420.560135,"entropy":-1.855996,"approx_kl":0.003102,"clipfrac":0.0324,"reward_mean":0.6102,"reward_std":39.738,"reward_min":-203.9761,"reward_max":453.0772,"reward_scale":1.0,"throttle_mean":0.7811,"throttle_min":0.1013,"throttle_max":0.9821}
{"type":"train_update","update":171,"global_step":2801664,"wall_s":1766.95,"sps":1585.6,"loss":2855.318848,"loss_ema":2722.322175,"loss_plateau_delta":33.249168,"loss_plateau_count":0,"pg_loss":-0.001656,"v_loss":5710.622452,"entropy":-1.854963,"approx_kl":0.006226,"clipfrac":0.0467,"reward_mean":1.3235,"reward_std":42.083,"reward_min":-203.8603,"reward_max":439.7846,"reward_scale":1.0,"throttle_mean":0.7873,"throttle_min":0.169,"throttle_max":0.9936}
{"type":"train_update","update":172,"global_step":2818048,"wall_s":1773.44,"sps":1589.0,"loss":2695.199142,"loss_ema":2716.897569,"loss_plateau_delta":5.424607,"loss_plateau_count":0,"pg_loss":-0.002346,"v_loss":5390.384445,"entropy":-1.854388,"approx_kl":0.006169,"clipfrac":0.0525,"reward_mean":0.2904,"reward_std":40.3756,"reward_min":-203.9277,"reward_max":440.5494,"reward_scale":1.0,"throttle_mean":0.7879,"throttle_min":0.161,"throttle_max":0.9898}
{"type":"train_update","update":173,"global_step":2834432,"wall_s":1780.17,"sps":1592.2,"loss":2749.487709,"loss_ema":2723.415597,"loss_plateau_delta":6.518028,"loss_plateau_count":0,"pg_loss":-0.001823,"v_loss":5498.960556,"entropy":-1.848952,"approx_kl":0.004955,"clipfrac":0.0553,"reward_mean":1.2704,"reward_std":41.3715,"reward_min":-203.8055,"reward_max":460.8355,"reward_scale":1.0,"throttle_mean":0.7946,"throttle_min":0.1618,"throttle_max":0.9922}
{"type":"train_update","update":174,"global_step":2850816,"wall_s":1787.42,"sps":1594.9,"loss":2777.87468,"loss_ema":2734.307413,"loss_plateau_delta":10.891817,"loss_plateau_count":0,"pg_loss":-0.001789,"v_loss":5555.734467,"entropy":-1.847265,"approx_kl":0.004321,"clipfrac":0.0341,"reward_mean":0.8824,"reward_std":41.4118,"reward_min":-203.7037,"reward_max":459.9974,"reward_scale":1.0,"throttle_mean":0.7896,"throttle_min":0.1311,"throttle_max":0.9885}
{"type":"train_update","update":175,"global_step":2867200,"wall_s":1794.55,"sps":1597.7,"loss":2792.670952,"loss_ema":2745.980121,"loss_plateau_delta":11.672708,"loss_plateau_count":0,"pg_loss":-0.001945,"v_loss":5585.327271,"entropy":-1.849307,"approx_kl":0.005424,"clipfrac":0.0645,"reward_mean":0.6239,"reward_std":40.9674,"reward_min":-204.0186,"reward_max":457.2838,"reward_scale":1.0,"throttle_mean":0.7852,"throttle_min":0.1965,"throttle_max":0.9885}
{"type":"train_update","update":176,"global_step":2883584,"wall_s":1801.28,"sps":1600.9,"loss":2741.251724,"loss_ema":2745.034442,"loss_plateau_delta":0.945679,"loss_plateau_count":0,"pg_loss":-0.001729,"v_loss":5482.488388,"entropy":-1.850438,"approx_kl":0.004753,"clipfrac":0.0343,"reward_mean":1.1775,"reward_std":41.3308,"reward_min":-203.7773,"reward_max":429.7477,"reward_scale":1.0,"throttle_mean":0.793,"throttle_min":0.1967,"throttle_max":0.9898}
{"type":"train_update","update":177,"global_step":2899968,"wall_s":1807.48,"sps":1604.4,"loss":2660.373123,"loss_ema":2728.102178,"loss_plateau_delta":16.932264,"loss_plateau_count":0,"pg_loss":-0.001387,"v_loss":5320.730484,"entropy":-1.852124,"approx_kl":0.005722,"clipfrac":0.0311,"reward_mean":0.4923,"reward_std":40.132,"reward_min":-204.0566,"reward_max":436.9675,"reward_scale":1.0,"throttle_mean":0.7887,"throttle_min":0.1399,"throttle_max":0.9886}
{"type":"train_update","update":178,"global_step":2916352,"wall_s":1815.51,"sps":1606.4,"loss":2767.738678,"loss_ema":2736.029478,"loss_plateau_delta":7.9273,"loss_plateau_count":0,"pg_loss":-0.002118,"v_loss":5535.463089,"entropy":-1.852084,"approx_kl":0.004542,"clipfrac":0.0386,"reward_mean":1.4131,"reward_std":41.9387,"reward_min":-204.073,"reward_max":463.9233,"reward_scale":1.0,"throttle_mean":0.7896,"throttle_min":0.0953,"throttle_max":0.9893}
{"type":"train_update","update":179,"global_step":2932736,"wall_s":1822.03,"sps":1609.6,"loss":2601.553383,"loss_ema":2709.134259,"loss_plateau_delta":26.895219,"loss_plateau_count":0,"pg_loss":-0.001605,"v_loss":5203.091446,"entropy":-1.851477,"approx_kl":0.004979,"clipfrac":0.0212,"reward_mean":0.8144,"reward_std":40.1767,"reward_min":-203.748,"reward_max":443.956,"reward_scale":1.0,"throttle_mean":0.7921,"throttle_min":0.153,"throttle_max":0.9917}
{"type":"train_update","update":180,"global_step":2949120,"wall_s":1828.42,"sps":1612.9,"loss":2805.895111,"loss_ema":2728.486429,"loss_plateau_delta":19.35217,"loss_plateau_count":0,"pg_loss":-0.001817,"v_loss":5611.775375,"entropy":-1.850531,"approx_kl":0.00338,"clipfrac":0.0141,"reward_mean":1.0149,"reward_std":41.6662,"reward_min":-204.0514,"reward_max":473.0345,"reward_scale":1.0,"throttle_mean":0.7918,"throttle_min":0.1606,"throttle_max":0.9936}
{"type":"train_update","update":181,"global_step":2965504,"wall_s":1835.93,"sps":1615.3,"loss":2656.071404,"loss_ema":2714.003424,"loss_plateau_delta":14.483005,"loss_plateau_count":0,"pg_loss":-0.002127,"v_loss":5312.128601,"entropy":-1.849217,"approx_kl":0.008363,"clipfrac":0.0365,"reward_mean":0.9398,"reward_std":40.6838,"reward_min":-203.799,"reward_max":462.7552,"reward_scale":1.0,"throttle_mean":0.7987,"throttle_min":0.1943,"throttle_max":0.9944}
{"type":"train_update","update":182,"global_step":2981888,"wall_s":1842.88,"sps":1618.1,"loss":2616.749825,"loss_ema":2694.552704,"loss_plateau_delta":19.45072,"loss_plateau_count":0,"pg_loss":-0.002464,"v_loss":5233.486084,"entropy":-1.847297,"approx_kl":0.003987,"clipfrac":0.0387,"reward_mean":1.0822,"reward_std":40.672,"reward_min":-204.0142,"reward_max":460.8108,"reward_scale":1.0,"throttle_mean":0.8041,"throttle_min":0.1909,"throttle_max":0.9895}
{"type":"train_update","update":183,"global_step":2998272,"wall_s":1849.51,"sps":1621.1,"loss":2671.433823,"loss_ema":2689.928928,"loss_plateau_delta":4.623776,"loss_plateau_count":0,"pg_loss":-0.00231,"v_loss":5342.853775,"entropy":-1.847395,"approx_kl":0.005289,"clipfrac":0.0393,"reward_mean":1.6109,"reward_std":41.4402,"reward_min":-203.9457,"reward_max":456.519,"reward_scale":1.0,"throttle_mean":0.7995,"throttle_min":0.191,"throttle_max":0.9901}
{"type":"train_update","update":184,"global_step":3014656,"wall_s":1856.19,"sps":1624.1,"loss":2652.19883,"loss_ema":2682.382908,"loss_plateau_delta":7.54602,"loss_plateau_count":0,"pg_loss":-0.00099,"v_loss":5304.38118,"entropy":-1.84612,"approx_kl":0.004255,"clipfrac":0.0465,"reward_mean":1.5081,"reward_std":41.2224,"reward_min":-204.1566,"reward_max":435.2989,"reward_scale":1.0,"throttle_mean":0.8019,"throttle_min":0.2009,"throttle_max":0.9917}
step=3,014,656 reward_mean=1.508 kl=0.00425 clipfrac=0.046 eval={'landed_fraction': 1.0, 'crashed_fraction': 1.0, 'mean_touchdown_speed': 0.129194438457489, 'max_touchdown_speed': 0.3886496424674988, 'mean_pad_distance': 1.791978120803833, 'max_pad_distance': 4.548863410949707, 'mean_delta_v_proxy': 18.009689331054688, 'mean_eval_throttle': 0.8331911801629597, 'max_eval_throttle': 0.9387446641921997, 'max_upward_speed': 1.8734347820281982, 'max_downward_speed': 8.884122848510742, 'passed': False}
{"type":"train_update","update":185,"global_step":3031040,"wall_s":1910.9,"sps":1586.2,"loss":2213.961777,"loss_ema":2588.698682,"loss_plateau_delta":93.684226,"loss_plateau_count":0,"pg_loss":0.001974,"v_loss":4427.901199,"entropy":-1.845503,"approx_kl":0.001958,"clipfrac":0.1327,"reward_mean":0.4448,"reward_std":36.091,"reward_min":-204.0962,"reward_max":438.6436,"reward_scale":1.0,"throttle_mean":0.8028,"throttle_min":0.1773,"throttle_max":0.9942}
{"type":"train_update","update":186,"global_step":3047424,"wall_s":1917.62,"sps":1589.2,"loss":2535.036842,"loss_ema":2577.966314,"loss_plateau_delta":10.732368,"loss_plateau_count":0,"pg_loss":-0.001103,"v_loss":5070.057449,"entropy":-1.84368,"approx_kl":0.006903,"clipfrac":0.0588,"reward_mean":0.682,"reward_std":39.1442,"reward_min":-203.8658,"reward_max":433.1119,"reward_scale":1.0,"throttle_mean":0.8064,"throttle_min":0.149,"throttle_max":0.9936}
{"type":"train_update","update":187,"global_step":3063808,"wall_s":1923.94,"sps":1592.5,"loss":2583.916237,"loss_ema":2579.156299,"loss_plateau_delta":1.189985,"loss_plateau_count":0,"pg_loss":-0.001207,"v_loss":5167.816467,"entropy":-1.8424,"approx_kl":0.003526,"clipfrac":0.0425,"reward_mean":0.9727,"reward_std":40.5824,"reward_min":-203.9119,"reward_max":448.8917,"reward_scale":1.0,"throttle_mean":0.7966,"throttle_min":0.1774,"throttle_max":0.9879}
{"type":"train_update","update":188,"global_step":3080192,"wall_s":1932.05,"sps":1594.3,"loss":2624.179428,"loss_ema":2588.160925,"loss_plateau_delta":9.004626,"loss_plateau_count":0,"pg_loss":-0.001772,"v_loss":5248.344009,"entropy":-1.84157,"approx_kl":0.007868,"clipfrac":0.0401,"reward_mean":0.7714,"reward_std":40.4656,"reward_min":-203.9904,"reward_max":463.0993,"reward_scale":1.0,"throttle_mean":0.8031,"throttle_min":0.1848,"throttle_max":0.9887}
{"type":"train_update","update":189,"global_step":3096576,"wall_s":1938.44,"sps":1597.5,"loss":2492.330025,"loss_ema":2568.994745,"loss_plateau_delta":19.16618,"loss_plateau_count":0,"pg_loss":-0.002311,"v_loss":4984.646286,"entropy":-1.839636,"approx_kl":0.004167,"clipfrac":0.0215,"reward_mean":0.5983,"reward_std":39.5113,"reward_min":-204.1652,"reward_max":423.9044,"reward_scale":1.0,"throttle_mean":0.8029,"throttle_min":0.1494,"throttle_max":0.9923}
{"type":"train_update","update":190,"global_step":3112960,"wall_s":1944.84,"sps":1600.6,"loss":2634.546844,"loss_ema":2582.105165,"loss_plateau_delta":13.11042,"loss_plateau_count":0,"pg_loss":-0.00193,"v_loss":5269.079193,"entropy":-1.837993,"approx_kl":0.00634,"clipfrac":0.0299,"reward_mean":1.0232,"reward_std":40.8273,"reward_min":-203.951,"reward_max":463.1021,"reward_scale":1.0,"throttle_mean":0.7948,"throttle_min":0.1489,"throttle_max":0.994}
{"type":"train_update","update":191,"global_step":3129344,"wall_s":1952.32,"sps":1602.9,"loss":2610.421997,"loss_ema":2587.768531,"loss_plateau_delta":5.663367,"loss_plateau_count":0,"pg_loss":-0.002034,"v_loss":5220.829727,"entropy":-1.835879,"approx_kl":0.003698,"clipfrac":0.0366,"reward_mean":1.0671,"reward_std":40.6999,"reward_min":-203.9865,"reward_max":427.8616,"reward_scale":1.0,"throttle_mean":0.793,"throttle_min":0.0815,"throttle_max":0.995}
{"type":"train_update","update":192,"global_step":3145728,"wall_s":1959.11,"sps":1605.7,"loss":2593.772682,"loss_ema":2588.969361,"loss_plateau_delta":1.20083,"loss_plateau_count":0,"pg_loss":-0.001475,"v_loss":5187.529984,"entropy":-1.834031,"approx_kl":0.004261,"clipfrac":0.0422,"reward_mean":0.7466,"reward_std":40.5552,"reward_min":-203.9568,"reward_max":440.4882,"reward_scale":1.0,"throttle_mean":0.7924,"throttle_min":0.1762,"throttle_max":0.9934}
{"type":"train_update","update":193,"global_step":3162112,"wall_s":1965.75,"sps":1608.6,"loss":2603.006554,"loss_ema":2591.7768,"loss_plateau_delta":2.807438,"loss_plateau_count":0,"pg_loss":-0.001023,"v_loss":5205.99678,"entropy":-1.833722,"approx_kl":0.004329,"clipfrac":0.0171,"reward_mean":0.5933,"reward_std":40.231,"reward_min":-204.2123,"reward_max":432.7407,"reward_scale":1.0,"throttle_mean":0.7912,"throttle_min":0.1596,"throttle_max":0.9925}
{"type":"train_update","update":194,"global_step":3178496,"wall_s":1972.34,"sps":1611.5,"loss":2636.051247,"loss_ema":2600.631689,"loss_plateau_delta":8.854889,"loss_plateau_count":0,"pg_loss":-0.001414,"v_loss":5272.086975,"entropy":-1.833124,"approx_kl":0.005736,"clipfrac":0.0258,"reward_mean":1.3997,"reward_std":41.4172,"reward_min":-204.1746,"reward_max":443.7164,"reward_scale":1.0,"throttle_mean":0.7948,"throttle_min":0.2026,"throttle_max":0.9923}
{"type":"train_update","update":195,"global_step":3194880,"wall_s":1979.79,"sps":1613.7,"loss":2594.019279,"loss_ema":2599.309207,"loss_plateau_delta":1.322482,"loss_plateau_count":0,"pg_loss":-0.002456,"v_loss":5188.025146,"entropy":-1.831215,"approx_kl":0.007247,"clipfrac":0.0662,"reward_mean":1.3051,"reward_std":41.0345,"reward_min":-203.9406,"reward_max":439.876,"reward_scale":1.0,"throttle_mean":0.7959,"throttle_min":0.1113,"throttle_max":0.9922}
{"type":"train_update","update":196,"global_step":3211264,"wall_s":1986.27,"sps":1616.7,"loss":2762.719322,"loss_ema":2631.99123,"loss_plateau_delta":32.682023,"loss_plateau_count":0,"pg_loss":-0.002101,"v_loss":5525.424622,"entropy":-1.829628,"approx_kl":0.004853,"clipfrac":0.0596,"reward_mean":0.9302,"reward_std":41.961,"reward_min":-203.8229,"reward_max":455.1524,"reward_scale":1.0,"throttle_mean":0.7892,"throttle_min":0.1569,"throttle_max":0.9909}
{"type":"train_update","update":197,"global_step":3227648,"wall_s":1992.47,"sps":1619.9,"loss":2676.887527,"loss_ema":2640.97049,"loss_plateau_delta":8.979259,"loss_plateau_count":0,"pg_loss":-0.001956,"v_loss":5353.760681,"entropy":-1.830386,"approx_kl":0.004486,"clipfrac":0.0547,"reward_mean":1.4392,"reward_std":41.601,"reward_min":-203.818,"reward_max":456.6127,"reward_scale":1.0,"throttle_mean":0.7891,"throttle_min":0.1297,"throttle_max":0.9947}
{"type":"train_update","update":198,"global_step":3244032,"wall_s":2000.41,"sps":1621.7,"loss":2750.87442,"loss_ema":2662.951276,"loss_plateau_delta":21.980786,"loss_plateau_count":0,"pg_loss":-0.00222,"v_loss":5501.73497,"entropy":-1.830919,"approx_kl":0.005029,"clipfrac":0.0296,"reward_mean":1.4483,"reward_std":42.3452,"reward_min":-204.0903,"reward_max":439.4564,"reward_scale":1.0,"throttle_mean":0.7853,"throttle_min":0.1372,"throttle_max":0.9886}
{"type":"train_update","update":199,"global_step":3260416,"wall_s":2006.88,"sps":1624.6,"loss":2644.702576,"loss_ema":2659.301536,"loss_plateau_delta":3.64974,"loss_plateau_count":0,"pg_loss":-0.002572,"v_loss":5289.392014,"entropy":-1.832437,"approx_kl":0.003528,"clipfrac":0.0411,"reward_mean":1.0454,"reward_std":41.156,"reward_min":-203.7854,"reward_max":441.183,"reward_scale":1.0,"throttle_mean":0.7831,"throttle_min":0.1572,"throttle_max":0.9909}
step=3,260,416 reward_mean=1.045 kl=0.00353 clipfrac=0.041 eval={'landed_fraction': 1.0, 'crashed_fraction': 1.0, 'mean_touchdown_speed': 0.08478270471096039, 'max_touchdown_speed': 0.5026658773422241, 'mean_pad_distance': 1.7241219282150269, 'max_pad_distance': 4.444625377655029, 'mean_delta_v_proxy': 16.519428253173828, 'mean_eval_throttle': 0.8050881100363202, 'max_eval_throttle': 0.9381500482559204, 'max_upward_speed': 1.0362880229949951, 'max_downward_speed': 9.210246086120605, 'passed': False}
{"type":"train_update","update":200,"global_step":3276800,"wall_s":2062.03,"sps":1589.1,"loss":2294.619774,"loss_ema":2586.365183,"loss_plateau_delta":72.936352,"loss_plateau_count":0,"pg_loss":-0.002294,"v_loss":4589.225845,"entropy":-1.830749,"approx_kl":0.004029,"clipfrac":0.0352,"reward_mean":0.5828,"reward_std":37.1802,"reward_min":-204.0069,"reward_max":446.7534,"reward_scale":1.0,"throttle_mean":0.774,"throttle_min":0.1993,"throttle_max":0.9925}
{"type":"train_update","update":201,"global_step":3293184,"wall_s":2069.24,"sps":1591.5,"loss":2865.842674,"loss_ema":2642.260682,"loss_plateau_delta":55.895498,"loss_plateau_count":0,"pg_loss":-0.001937,"v_loss":5731.670929,"entropy":-1.829651,"approx_kl":0.0062,"clipfrac":0.0364,"reward_mean":0.7553,"reward_std":41.6729,"reward_min":-203.9033,"reward_max":462.8542,"reward_scale":1.0,"throttle_mean":0.775,"throttle_min":0.1804,"throttle_max":0.9871}
{"type":"train_update","update":202,"global_step":3309568,"wall_s":2076.05,"sps":1594.2,"loss":2661.660683,"loss_ema":2646.140682,"loss_plateau_delta":3.88,"loss_plateau_count":0,"pg_loss":-0.000666,"v_loss":5323.304382,"entropy":-1.829893,"approx_kl":0.005109,"clipfrac":0.047,"reward_mean":1.1674,"reward_std":41.5891,"reward_min":-204.0433,"reward_max":462.9808,"reward_scale":1.0,"throttle_mean":0.7841,"throttle_min":0.1691,"throttle_max":0.9923}
{"type":"train_update","update":203,"global_step":3325952,"wall_s":2082.83,"sps":1596.8,"loss":2655.180946,"loss_ema":2647.948735,"loss_plateau_delta":1.808053,"loss_plateau_count":0,"pg_loss":-0.002558,"v_loss":5310.34874,"entropy":-1.82956,"approx_kl":0.005469,"clipfrac":0.0455,"reward_mean":1.0469,"reward_std":41.3618,"reward_min":-204.0299,"reward_max":431.0023,"reward_scale":1.0,"throttle_mean":0.7845,"throttle_min":0.146,"throttle_max":0.9878}
{"type":"train_update","update":204,"global_step":3342336,"wall_s":2089.51,"sps":1599.6,"loss":2883.389748,"loss_ema":2695.036937,"loss_plateau_delta":47.088203,"loss_plateau_count":0,"pg_loss":-0.001436,"v_loss":5766.764084,"entropy":-1.829931,"approx_kl":0.004329,"clipfrac":0.0574,"reward_mean":1.6948,"reward_std":43.3962,"reward_min":-204.0644,"reward_max":449.4063,"reward_scale":1.0,"throttle_mean":0.7769,"throttle_min":0.1232,"throttle_max":0.9921}
{"type":"train_update","update":205,"global_step":3358720,"wall_s":2097.07,"sps":1601.6,"loss":2779.575462,"loss_ema":2711.944642,"loss_plateau_delta":16.907705,"loss_plateau_count":0,"pg_loss":-0.001701,"v_loss":5559.136032,"entropy":-1.826535,"approx_kl":0.004251,"clipfrac":0.0263,"reward_mean":1.1116,"reward_std":42.1646,"reward_min":-203.8828,"reward_max":461.6115,"reward_scale":1.0,"throttle_mean":0.7709,"throttle_min":0.1291,"throttle_max":0.9887}
{"type":"train_update","update":206,"global_step":3375104,"wall_s":2103.56,"sps":1604.5,"loss":2733.194839,"loss_ema":2716.194682,"loss_plateau_delta":4.250039,"loss_plateau_count":0,"pg_loss":-0.002502,"v_loss":5466.37648,"entropy":-1.823255,"approx_kl":0.004951,"clipfrac":0.0389,"reward_mean":0.8908,"reward_std":41.858,"reward_min":-203.8832,"reward_max":456.6461,"reward_scale":1.0,"throttle_mean":0.7715,"throttle_min":0.0899,"throttle_max":0.9912}
{"type":"train_update","update":207,"global_step":3391488,"wall_s":2109.81,"sps":1607.5,"loss":2758.925102,"loss_ema":2724.740766,"loss_plateau_delta":8.546084,"loss_plateau_count":0,"pg_loss":-0.00194,"v_loss":5517.835846,"entropy":-1.822861,"approx_kl":0.005616,"clipfrac":0.0524,"reward_mean":1.183,"reward_std":42.3503,"reward_min":-203.9464,"reward_max":459.7788,"reward_scale":1.0,"throttle_mean":0.7676,"throttle_min":0.1306,"throttle_max":0.9929}
{"type":"train_update","update":208,"global_step":3407872,"wall_s":2117.72,"sps":1609.2,"loss":2799.397522,"loss_ema":2739.672117,"loss_plateau_delta":14.931351,"loss_plateau_count":0,"pg_loss":-0.002256,"v_loss":5598.781357,"entropy":-1.823047,"approx_kl":0.006099,"clipfrac":0.0441,"reward_mean":0.899,"reward_std":42.1249,"reward_min":-204.3123,"reward_max":446.5656,"reward_scale":1.0,"throttle_mean":0.7628,"throttle_min":0.1573,"throttle_max":0.989}
{"type":"train_update","update":209,"global_step":3424256,"wall_s":2124.25,"sps":1612.0,"loss":2869.942398,"loss_ema":2765.726173,"loss_plateau_delta":26.054056,"loss_plateau_count":0,"pg_loss":-0.002029,"v_loss":5739.870621,"entropy":-1.823843,"approx_kl":0.003756,"clipfrac":0.0391,"reward_mean":1.2962,"reward_std":43.473,"reward_min":-203.8529,"reward_max":451.7123,"reward_scale":1.0,"throttle_mean":0.7604,"throttle_min":0.1223,"throttle_max":0.9905}
{"type":"train_update","update":210,"global_step":3440640,"wall_s":2130.8,"sps":1614.7,"loss":2751.873795,"loss_ema":2762.955698,"loss_plateau_delta":2.770476,"loss_plateau_count":0,"pg_loss":-0.001054,"v_loss":5503.731461,"entropy":-1.821288,"approx_kl":0.003608,"clipfrac":0.0675,"reward_mean":1.4612,"reward_std":42.8002,"reward_min":-204.3177,"reward_max":458.5857,"reward_scale":1.0,"throttle_mean":0.7601,"throttle_min":0.112,"throttle_max":0.9923}
{"type":"train_update","update":211,"global_step":3457024,"wall_s":2137.93,"sps":1617.0,"loss":2814.65432,"loss_ema":2773.295422,"loss_plateau_delta":10.339724,"loss_plateau_count":0,"pg_loss":-0.001984,"v_loss":5629.294434,"entropy":-1.818666,"approx_kl":0.009531,"clipfrac":0.0684,"reward_mean":1.3003,"reward_std":43.015,"reward_min":-204.1297,"reward_max":454.6562,"reward_scale":1.0,"throttle_mean":0.7598,"throttle_min":0.1353,"throttle_max":0.9909}
{"type":"train_update","update":212,"global_step":3473408,"wall_s":2145.12,"sps":1619.2,"loss":2829.375008,"loss_ema":2784.511339,"loss_plateau_delta":11.215917,"loss_plateau_count":0,"pg_loss":-0.000616,"v_loss":5658.733078,"entropy":-1.819998,"approx_kl":0.005913,"clipfrac":0.0502,"reward_mean":1.4905,"reward_std":43.1532,"reward_min":-204.102,"reward_max":455.008,"reward_scale":1.0,"throttle_mean":0.7679,"throttle_min":0.1522,"throttle_max":0.994}
{"type":"train_update","update":213,"global_step":3489792,"wall_s":2151.87,"sps":1621.7,"loss":2757.265312,"loss_ema":2779.062134,"loss_plateau_delta":5.449205,"loss_plateau_count":0,"pg_loss":-0.002537,"v_loss":5514.517532,"entropy":-1.819744,"approx_kl":0.005345,"clipfrac":0.0685,"reward_mean":1.363,"reward_std":42.4506,"reward_min":-203.9422,"reward_max":463.6128,"reward_scale":1.0,"throttle_mean":0.7646,"throttle_min":0.0932,"throttle_max":0.9912}
{"type":"train_update","update":214,"global_step":3506176,"wall_s":2158.01,"sps":1624.7,"loss":2732.433624,"loss_ema":2769.736432,"loss_plateau_delta":9.325702,"loss_plateau_count":0,"pg_loss":-0.002186,"v_loss":5464.853424,"entropy":-1.819212,"approx_kl":0.002957,"clipfrac":0.0402,"reward_mean":0.9609,"reward_std":42.2516,"reward_min":-203.8263,"reward_max":435.5792,"reward_scale":1.0,"throttle_mean":0.7624,"throttle_min":0.0924,"throttle_max":0.9925}
step=3,506,176 reward_mean=0.961 kl=0.00296 clipfrac=0.040 eval={'landed_fraction': 1.0, 'crashed_fraction': 1.0, 'mean_touchdown_speed': 0.08429817855358124, 'max_touchdown_speed': 0.40049096941947937, 'mean_pad_distance': 1.5775229930877686, 'max_pad_distance': 3.4456422328948975, 'mean_delta_v_proxy': 15.653587341308594, 'mean_eval_throttle': 0.7865958835019006, 'max_eval_throttle': 0.9432960748672485, 'max_upward_speed': 1.0689128637313843, 'max_downward_speed': 9.179566383361816, 'passed': False}
{"type":"train_update","update":215,"global_step":3522560,"wall_s":2213.4,"sps":1591.5,"loss":2223.365295,"loss_ema":2660.462205,"loss_plateau_delta":109.274227,"loss_plateau_count":0,"pg_loss":-0.002546,"v_loss":4446.717499,"entropy":-1.819864,"approx_kl":0.005955,"clipfrac":0.0461,"reward_mean":0.7316,"reward_std":37.4218,"reward_min":-203.7565,"reward_max":464.564,"reward_scale":1.0,"throttle_mean":0.755,"throttle_min":0.1481,"throttle_max":0.9886}
{"type":"train_update","update":216,"global_step":3538944,"wall_s":2219.97,"sps":1594.1,"loss":2757.443253,"loss_ema":2679.858414,"loss_plateau_delta":19.39621,"loss_plateau_count":0,"pg_loss":-0.000672,"v_loss":5514.869644,"entropy":-1.822244,"approx_kl":0.007096,"clipfrac":0.0468,"reward_mean":1.0248,"reward_std":41.9067,"reward_min":-203.9581,"reward_max":451.9931,"reward_scale":1.0,"throttle_mean":0.7594,"throttle_min":0.1203,"throttle_max":0.993}
{"type":"train_update","update":217,"global_step":3555328,"wall_s":2226.4,"sps":1596.9,"loss":2688.881454,"loss_ema":2681.663022,"loss_plateau_delta":1.804608,"loss_plateau_count":0,"pg_loss":-0.001283,"v_loss":5377.747253,"entropy":-1.824602,"approx_kl":0.004143,"clipfrac":0.04,"reward_mean":1.8494,"reward_std":43.1095,"reward_min":-203.8927,"reward_max":434.8641,"reward_scale":1.0,"throttle_mean":0.7638,"throttle_min":0.1233,"throttle_max":0.9929}
{"type":"train_update","update":218,"global_step":3571712,"wall_s":2234.25,"sps":1598.6,"loss":2798.166199,"loss_ema":2704.963658,"loss_plateau_delta":23.300635,"loss_plateau_count":0,"pg_loss":-0.001957,"v_loss":5596.318024,"entropy":-1.828276,"approx_kl":0.005201,"clipfrac":0.0361,"reward_mean":1.3561,"reward_std":43.228,"reward_min":-204.1267,"reward_max":462.1942,"reward_scale":1.0,"throttle_mean":0.7623,"throttle_min":0.1299,"throttle_max":0.9927}
{"type":"train_update","update":219,"global_step":3588096,"wall_s":2241.05,"sps":1601.1,"loss":2663.740791,"loss_ema":2696.719084,"loss_plateau_delta":8.244573,"loss_plateau_count":0,"pg_loss":-0.002241,"v_loss":5327.467743,"entropy":-1.830322,"approx_kl":0.005503,"clipfrac":0.043,"reward_mean":1.4164,"reward_std":42.422,"reward_min":-203.8865,"reward_max":435.8958,"reward_scale":1.0,"throttle_mean":0.766,"throttle_min":0.1063,"throttle_max":0.9947}
{"type":"train_update","update":220,"global_step":3604480,"wall_s":2247.87,"sps":1603.5,"loss":2763.425903,"loss_ema":2710.060448,"loss_plateau_delta":13.341364,"loss_plateau_count":0,"pg_loss":-0.001996,"v_loss":5526.837448,"entropy":-1.833302,"approx_kl":0.003638,"clipfrac":0.0338,"reward_mean":1.5062,"reward_std":42.9769,"reward_min":-203.9726,"reward_max":458.4388,"reward_scale":1.0,"throttle_mean":0.7587,"throttle_min":0.1227,"throttle_max":0.9923}
{"type":"train_update","update":221,"global_step":3620864,"wall_s":2255.29,"sps":1605.5,"loss":2736.740128,"loss_ema":2715.396384,"loss_plateau_delta":5.335936,"loss_plateau_count":0,"pg_loss":-0.001484,"v_loss":5473.464844,"entropy":-1.836066,"approx_kl":0.007599,"clipfrac":0.0427,"reward_mean":1.7531,"reward_std":43.2082,"reward_min":-204.1574,"reward_max":462.212,"reward_scale":1.0,"throttle_mean":0.7557,"throttle_min":0.1231,"throttle_max":0.9921}
{"type":"train_update","update":222,"global_step":3637248,"wall_s":2262.54,"sps":1607.6,"loss":2730.587852,"loss_ema":2718.434678,"loss_plateau_delta":3.038294,"loss_plateau_count":0,"pg_loss":-0.001381,"v_loss":5461.160095,"entropy":-1.837317,"approx_kl":0.007246,"clipfrac":0.0407,"reward_mean":0.8334,"reward_std":42.1064,"reward_min":-204.1517,"reward_max":440.5615,"reward_scale":1.0,"throttle_mean":0.7512,"throttle_min":0.1368,"throttle_max":0.9938}
{"type":"train_update","update":223,"global_step":3653632,"wall_s":2269.38,"sps":1610.0,"loss":2807.996307,"loss_ema":2736.347004,"loss_plateau_delta":17.912326,"loss_plateau_count":0,"pg_loss":-0.002063,"v_loss":5615.978333,"entropy":-1.837646,"approx_kl":0.004138,"clipfrac":0.045,"reward_mean":1.5518,"reward_std":43.3983,"reward_min":-204.0682,"reward_max":470.0789,"reward_scale":1.0,"throttle_mean":0.7611,"throttle_min":0.1386,"throttle_max":0.9926}
{"type":"train_update","update":224,"global_step":3670016,"wall_s":2275.7,"sps":1612.7,"loss":2763.122093,"loss_ema":2741.702022,"loss_plateau_delta":5.355018,"loss_plateau_count":0,"pg_loss":-0.000857,"v_loss":5526.227524,"entropy":-1.837532,"approx_kl":0.007651,"clipfrac":0.0474,"reward_mean":1.5308,"reward_std":43.3337,"reward_min":-203.9683,"reward_max":457.1946,"reward_scale":1.0,"throttle_mean":0.7517,"throttle_min":0.1299,"throttle_max":0.9933}
{"type":"train_update","update":225,"global_step":3686400,"wall_s":2283.88,"sps":1614.1,"loss":2695.669556,"loss_ema":2732.495528,"loss_plateau_delta":9.206493,"loss_plateau_count":0,"pg_loss":-0.0024,"v_loss":5391.325516,"entropy":-1.839114,"approx_kl":0.004563,"clipfrac":0.0421,"reward_mean":1.5386,"reward_std":42.674,"reward_min":-204.3504,"reward_max":465.958,"reward_scale":1.0,"throttle_mean":0.7561,"throttle_min":0.1095,"throttle_max":0.9949}
{"type":"train_update","update":226,"global_step":3702784,"wall_s":2290.32,"sps":1616.7,"loss":2758.304565,"loss_ema":2737.657336,"loss_plateau_delta":5.161807,"loss_plateau_count":0,"pg_loss":-0.001551,"v_loss":5516.593887,"entropy":-1.83851,"approx_kl":0.004186,"clipfrac":0.0415,"reward_mean":1.3046,"reward_std":43.0407,"reward_min":-204.1205,"reward_max":465.5884,"reward_scale":1.0,"throttle_mean":0.7498,"throttle_min":0.0819,"throttle_max":0.9909}
{"type":"train_update","update":227,"global_step":3719168,"wall_s":2296.86,"sps":1619.2,"loss":2704.390251,"loss_ema":2731.003919,"loss_plateau_delta":6.653417,"loss_plateau_count":0,"pg_loss":-0.001784,"v_loss":5408.765671,"entropy":-1.839654,"approx_kl":0.003647,"clipfrac":0.0304,"reward_mean":0.9158,"reward_std":42.2411,"reward_min":-204.1304,"reward_max":449.2688,"reward_scale":1.0,"throttle_mean":0.7507,"throttle_min":0.1008,"throttle_max":0.9936}
{"type":"train_update","update":228,"global_step":3735552,"wall_s":2304.65,"sps":1620.9,"loss":2738.993683,"loss_ema":2732.601872,"loss_plateau_delta":1.597953,"loss_plateau_count":0,"pg_loss":-0.00175,"v_loss":5477.972443,"entropy":-1.842443,"approx_kl":0.004846,"clipfrac":0.0427,"reward_mean":1.373,"reward_std":42.9733,"reward_min":-204.2731,"reward_max":431.6841,"reward_scale":1.0,"throttle_mean":0.7509,"throttle_min":0.1217,"throttle_max":0.9932}
{"type":"train_update","update":229,"global_step":3751936,"wall_s":2311.47,"sps":1623.2,"loss":2675.672066,"loss_ema":2721.21591,"loss_plateau_delta":11.385961,"loss_plateau_count":0,"pg_loss":-0.001933,"v_loss":5351.329544,"entropy":-1.846949,"approx_kl":0.003682,"clipfrac":0.0373,"reward_mean":1.4269,"reward_std":42.556,"reward_min":-204.1063,"reward_max":442.7029,"reward_scale":1.0,"throttle_mean":0.7533,"throttle_min":0.1317,"throttle_max":0.994}
step=3,751,936 reward_mean=1.427 kl=0.00368 clipfrac=0.037 eval={'landed_fraction': 1.0, 'crashed_fraction': 0.9921875, 'mean_touchdown_speed': 0.0666002631187439, 'max_touchdown_speed': 0.3376232385635376, 'mean_pad_distance': 1.6283934116363525, 'max_pad_distance': 3.378880023956299, 'mean_delta_v_proxy': 14.924355506896973, 'mean_eval_throttle': 0.769960971739557, 'max_eval_throttle': 0.9606238007545471, 'max_upward_speed': 0.9231040477752686, 'max_downward_speed': 9.501653671264648, 'passed': False}
{"type":"train_update","update":230,"global_step":3768320,"wall_s":2366.93,"sps":1592.1,"loss":2116.337616,"loss_ema":2600.240252,"loss_plateau_delta":120.975659,"loss_plateau_count":0,"pg_loss":-0.000173,"v_loss":4232.657043,"entropy":-1.852093,"approx_kl":0.004931,"clipfrac":0.0448,"reward_mean":0.4866,"reward_std":36.7912,"reward_min":-204.144,"reward_max":444.7612,"reward_scale":1.0,"throttle_mean":0.7352,"throttle_min":0.1134,"throttle_max":0.9927}
{"type":"train_update","update":231,"global_step":3784704,"wall_s":2374.1,"sps":1594.2,"loss":2849.372597,"loss_ema":2650.066721,"loss_plateau_delta":49.826469,"loss_plateau_count":0,"pg_loss":-0.001425,"v_loss":5698.729477,"entropy":-1.852538,"approx_kl":0.004062,"clipfrac":0.0264,"reward_mean":1.0062,"reward_std":43.124,"reward_min":-204.3036,"reward_max":470.1626,"reward_scale":1.0,"throttle_mean":0.7437,"throttle_min":0.1167,"throttle_max":0.9915}
{"type":"train_update","update":232,"global_step":3801088,"wall_s":2381.42,"sps":1596.1,"loss":2882.34597,"loss_ema":2696.522571,"loss_plateau_delta":46.45585,"loss_plateau_count":0,"pg_loss":-0.00061,"v_loss":5764.674652,"entropy":-1.852652,"approx_kl":0.008276,"clipfrac":0.0423,"reward_mean":1.2849,"reward_std":43.5367,"reward_min":-204.0502,"reward_max":448.6184,"reward_scale":1.0,"throttle_mean":0.7461,"throttle_min":0.0862,"throttle_max":0.9944}
{"type":"train_update","update":233,"global_step":3817472,"wall_s":2388.28,"sps":1598.4,"loss":2699.97467,"loss_ema":2697.21299,"loss_plateau_delta":0.69042,"loss_plateau_count":0,"pg_loss":-0.001248,"v_loss":5399.933319,"entropy":-1.854261,"approx_kl":0.004479,"clipfrac":0.0374,"reward_mean":1.5509,"reward_std":43.1206,"reward_min":-204.1451,"reward_max":442.6843,"reward_scale":1.0,"throttle_mean":0.7392,"throttle_min":0.0888,"throttle_max":0.9938}
{"type":"train_update","update":234,"global_step":3833856,"wall_s":2394.5,"sps":1601.1,"loss":2748.122261,"loss_ema":2707.394845,"loss_plateau_delta":10.181854,"loss_plateau_count":0,"pg_loss":-0.001803,"v_loss":5496.229568,"entropy":-1.854975,"approx_kl":0.003154,"clipfrac":0.0402,"reward_mean":1.2144,"reward_std":43.1827,"reward_min":-204.1193,"reward_max":438.308,"reward_scale":1.0,"throttle_mean":0.7404,"throttle_min":0.0955,"throttle_max":0.9894}
{"type":"train_update","update":235,"global_step":3850240,"wall_s":2402.67,"sps":1602.5,"loss":2705.766548,"loss_ema":2707.069185,"loss_plateau_delta":0.325659,"loss_plateau_count":0,"pg_loss":-0.001774,"v_loss":5411.518066,"entropy":-1.855783,"approx_kl":0.004405,"clipfrac":0.0246,"reward_mean":1.7768,"reward_std":43.5737,"reward_min":-204.4224,"reward_max":456.0013,"reward_scale":1.0,"throttle_mean":0.739,"throttle_min":0.1069,"throttle_max":0.9899}
{"type":"train_update","update":236,"global_step":3866624,"wall_s":2409.15,"sps":1605.0,"loss":2758.747437,"loss_ema":2717.404836,"loss_plateau_delta":10.33565,"loss_plateau_count":0,"pg_loss":-0.002442,"v_loss":5517.481171,"entropy":-1.860321,"approx_kl":0.005262,"clipfrac":0.0417,"reward_mean":1.6763,"reward_std":43.8958,"reward_min":-203.9412,"reward_max":447.5121,"reward_scale":1.0,"throttle_mean":0.7371,"throttle_min":0.1043,"throttle_max":0.9945}
{"type":"train_update","update":237,"global_step":3883008,"wall_s":2415.58,"sps":1607.5,"loss":2889.582199,"loss_ema":2751.840308,"loss_plateau_delta":34.435473,"loss_plateau_count":0,"pg_loss":-0.001243,"v_loss":5779.148331,"entropy":-1.860093,"approx_kl":0.005121,"clipfrac":0.0521,"reward_mean":1.6075,"reward_std":44.3977,"reward_min":-204.3267,"reward_max":464.4426,"reward_scale":1.0,"throttle_mean":0.7306,"throttle_min":0.0871,"throttle_max":0.9928}
{"type":"train_update","update":238,"global_step":3899392,"wall_s":2423.09,"sps":1609.3,"loss":2717.777298,"loss_ema":2745.027706,"loss_plateau_delta":6.812602,"loss_plateau_count":0,"pg_loss":-0.002397,"v_loss":5435.540848,"entropy":-1.857526,"approx_kl":0.00403,"clipfrac":0.0455,"reward_mean":1.2369,"reward_std":43.1555,"reward_min":-203.9973,"reward_max":460.1752,"reward_scale":1.0,"throttle_mean":0.7245,"throttle_min":0.0877,"throttle_max":0.9953}
{"type":"train_update","update":239,"global_step":3915776,"wall_s":2430.04,"sps":1611.4,"loss":2768.028793,"loss_ema":2749.627924,"loss_plateau_delta":4.600217,"loss_plateau_count":0,"pg_loss":-0.002448,"v_loss":5536.043869,"entropy":-1.856796,"approx_kl":0.00408,"clipfrac":0.035,"reward_mean":1.5981,"reward_std":43.6955,"reward_min":-204.2993,"reward_max":459.7719,"reward_scale":1.0,"throttle_mean":0.7202,"throttle_min":0.0771,"throttle_max":0.9932}
{"type":"train_update","update":240,"global_step":3932160,"wall_s":2437.0,"sps":1613.5,"loss":2726.073837,"loss_ema":2744.917106,"loss_plateau_delta":4.710817,"loss_plateau_count":0,"pg_loss":-0.001355,"v_loss":5452.131805,"entropy":-1.85868,"approx_kl":0.00575,"clipfrac":0.0214,"reward_mean":1.9743,"reward_std":44.1721,"reward_min":-203.8575,"reward_max":460.7574,"reward_scale":1.0,"throttle_mean":0.7231,"throttle_min":0.0852,"throttle_max":0.9939}
{"type":"train_update","update":241,"global_step":3948544,"wall_s":2443.72,"sps":1615.8,"loss":2770.635437,"loss_ema":2750.060772,"loss_plateau_delta":5.143666,"loss_plateau_count":0,"pg_loss":-0.001284,"v_loss":5541.254868,"entropy":-1.857658,"approx_kl":0.003742,"clipfrac":0.0464,"reward_mean":1.3385,"reward_std":43.5113,"reward_min":-204.5331,"reward_max":457.9849,"reward_scale":1.0,"throttle_mean":0.7223,"throttle_min":0.0616,"throttle_max":0.9951}
{"type":"train_update","update":242,"global_step":3964928,"wall_s":2451.27,"sps":1617.5,"loss":2732.120949,"loss_ema":2746.472808,"loss_plateau_delta":3.587965,"loss_plateau_count":0,"pg_loss":-0.002353,"v_loss":5464.228043,"entropy":-1.85507,"approx_kl":0.007601,"clipfrac":0.0437,"reward_mean":1.441,"reward_std":43.7423,"reward_min":-204.1125,"reward_max":433.2402,"reward_scale":1.0,"throttle_mean":0.7258,"throttle_min":0.0812,"throttle_max":0.9933}
{"type":"train_update","update":243,"global_step":3981312,"wall_s":2457.89,"sps":1619.8,"loss":2871.347755,"loss_ema":2771.447797,"loss_plateau_delta":24.97499,"loss_plateau_count":0,"pg_loss":-0.00131,"v_loss":5742.679611,"entropy":-1.852322,"approx_kl":0.006866,"clipfrac":0.0442,"reward_mean":1.2133,"reward_std":44.2692,"reward_min":-204.1614,"reward_max":449.5644,"reward_scale":1.0,"throttle_mean":0.7141,"throttle_min":0.0629,"throttle_max":0.9931}
{"type":"train_update","update":244,"global_step":3997696,"wall_s":2464.14,"sps":1622.3,"loss":2868.12429,"loss_ema":2790.783096,"loss_plateau_delta":19.335299,"loss_plateau_count":0,"pg_loss":-0.002525,"v_loss":5736.235107,"entropy":-1.853844,"approx_kl":0.00391,"clipfrac":0.0426,"reward_mean":0.9082,"reward_std":43.5966,"reward_min":-204.1595,"reward_max":465.8273,"reward_scale":1.0,"throttle_mean":0.7101,"throttle_min":0.055,"throttle_max":0.9925}
{"type":"train_update","update":245,"global_step":4014080,"wall_s":2472.28,"sps":1623.6,"loss":2787.298859,"loss_ema":2790.086248,"loss_plateau_delta":0.696847,"loss_plateau_count":0,"pg_loss":-0.001821,"v_loss":5574.582794,"entropy":-1.855545,"approx_kl":0.003613,"clipfrac":0.0399,"reward_mean":1.3308,"reward_std":43.5778,"reward_min":-204.2825,"reward_max":461.4128,"reward_scale":1.0,"throttle_mean":0.7179,"throttle_min":0.0821,"throttle_max":0.9939}
step=4,014,080 reward_mean=1.331 kl=0.00361 clipfrac=0.040 eval={'landed_fraction': 1.0, 'crashed_fraction': 0.9921875, 'mean_touchdown_speed': 0.0777125358581543, 'max_touchdown_speed': 0.41530248522758484, 'mean_pad_distance': 1.7318841218948364, 'max_pad_distance': 3.803596019744873, 'mean_delta_v_proxy': 13.444402694702148, 'mean_eval_throttle': 0.7323909927739037, 'max_eval_throttle': 0.9620183706283569, 'max_upward_speed': 1.3156598806381226, 'max_downward_speed': 10.106842994689941, 'passed': False}
{"type":"train_update","update":246,"global_step":4030464,"wall_s":2527.12,"sps":1594.9,"loss":2163.101208,"loss_ema":2664.68924,"loss_plateau_delta":125.397008,"loss_plateau_count":0,"pg_loss":-0.00234,"v_loss":4326.188576,"entropy":-1.854541,"approx_kl":0.00369,"clipfrac":0.0495,"reward_mean":0.5968,"reward_std":37.6387,"reward_min":-204.4078,"reward_max":464.9796,"reward_scale":1.0,"throttle_mean":0.6969,"throttle_min":0.0841,"throttle_max":0.9935}
{"type":"train_update","update":247,"global_step":4046848,"wall_s":2533.79,"sps":1597.2,"loss":2786.396164,"loss_ema":2689.030625,"loss_plateau_delta":24.341385,"loss_plateau_count":0,"pg_loss":-0.001411,"v_loss":5572.776581,"entropy":-1.852896,"approx_kl":0.004599,"clipfrac":0.0174,"reward_mean":1.6619,"reward_std":44.2314,"reward_min":-204.1594,"reward_max":461.9142,"reward_scale":1.0,"throttle_mean":0.7221,"throttle_min":0.0824,"throttle_max":0.9916}
{"type":"train_update","update":248,"global_step":4063232,"wall_s":2541.44,"sps":1598.8,"loss":2844.885948,"loss_ema":2720.20169,"loss_plateau_delta":31.171065,"loss_plateau_count":0,"pg_loss":-0.002278,"v_loss":5689.757919,"entropy":-1.853363,"approx_kl":0.004221,"clipfrac":0.0301,"reward_mean":1.0819,"reward_std":43.776,"reward_min":-203.961,"reward_max":461.7106,"reward_scale":1.0,"throttle_mean":0.7197,"throttle_min":0.1019,"throttle_max":0.9916}
{"type":"train_update","update":249,"global_step":4079616,"wall_s":2548.19,"sps":1601.0,"loss":2795.40789,"loss_ema":2735.24293,"loss_plateau_delta":15.04124,"loss_plateau_count":0,"pg_loss":-0.002352,"v_loss":5590.801971,"entropy":-1.851576,"approx_kl":0.005887,"clipfrac":0.0529,"reward_mean":0.8438,"reward_std":43.0868,"reward_min":-204.4073,"reward_max":433.627,"reward_scale":1.0,"throttle_mean":0.7204,"throttle_min":0.0802,"throttle_max":0.995}
{"type":"train_update","update":250,"global_step":4096000,"wall_s":2554.89,"sps":1603.2,"loss":2800.763367,"loss_ema":2748.347017,"loss_plateau_delta":13.104087,"loss_plateau_count":0,"pg_loss":-0.002462,"v_loss":5601.513168,"entropy":-1.847448,"approx_kl":0.00683,"clipfrac":0.0349,"reward_mean":1.0503,"reward_std":43.7936,"reward_min":-204.2071,"reward_max":465.2311,"reward_scale":1.0,"throttle_mean":0.7132,"throttle_min":0.0525,"throttle_max":0.9939}
{"type":"train_update","update":251,"global_step":4112384,"wall_s":2561.59,"sps":1605.4,"loss":2761.187225,"loss_ema":2750.915059,"loss_plateau_delta":2.568042,"loss_plateau_count":0,"pg_loss":-0.002287,"v_loss":5522.36055,"entropy":-1.845403,"approx_kl":0.00488,"clipfrac":0.0433,"reward_mean":1.6307,"reward_std":44.045,"reward_min":-204.6666,"reward_max":463.9531,"reward_scale":1.0,"throttle_mean":0.7161,"throttle_min":0.0778,"throttle_max":0.9933}
{"type":"train_update","update":252,"global_step":4128768,"wall_s":2569.18,"sps":1607.0,"loss":2702.236862,"loss_ema":2741.179419,"loss_plateau_delta":9.735639,"loss_plateau_count":0,"pg_loss":-0.002523,"v_loss":5404.460312,"entropy":-1.845222,"approx_kl":0.004631,"clipfrac":0.0327,"reward_mean":1.7904,"reward_std":43.9931,"reward_min":-204.2063,"reward_max":464.4353,"reward_scale":1.0,"throttle_mean":0.714,"throttle_min":0.0579,"throttle_max":0.994}
{"type":"train_update","update":253,"global_step":4145152,"wall_s":2575.9,"sps":1609.2,"loss":2767.825249,"loss_ema":2746.508585,"loss_plateau_delta":5.329166,"loss_plateau_count":0,"pg_loss":-0.001792,"v_loss":5535.635544,"entropy":-1.846891,"approx_kl":0.00422,"clipfrac":0.0275,"reward_mean":1.446,"reward_std":43.8397,"reward_min":-204.4792,"reward_max":455.856,"reward_scale":1.0,"throttle_mean":0.7113,"throttle_min":0.0946,"throttle_max":0.9939}
{"type":"train_update","update":254,"global_step":4161536,"wall_s":2582.22,"sps":1611.6,"loss":2683.654335,"loss_ema":2733.937735,"loss_plateau_delta":12.57085,"loss_plateau_count":0,"pg_loss":-0.002267,"v_loss":5367.294739,"entropy":-1.84851,"approx_kl":0.005821,"clipfrac":0.0517,"reward_mean":1.6317,"reward_std":43.8561,"reward_min":-204.3585,"reward_max":452.3606,"reward_scale":1.0,"throttle_mean":0.7213,"throttle_min":0.0531,"throttle_max":0.9949}
{"type":"train_update","update":255,"global_step":4177920,"wall_s":2590.39,"sps":1612.9,"loss":2615.974052,"loss_ema":2710.344999,"loss_plateau_delta":23.592737,"loss_plateau_count":0,"pg_loss":-0.002182,"v_loss":5231.934021,"entropy":-1.847885,"approx_kl":0.004928,"clipfrac":0.0433,"reward_mean":1.4649,"reward_std":43.0383,"reward_min":-203.9702,"reward_max":460.0542,"reward_scale":1.0,"throttle_mean":0.7268,"throttle_min":0.0823,"throttle_max":0.9928}
{"type":"train_update","update":256,"global_step":4194304,"wall_s":2596.8,"sps":1615.2,"loss":2659.282059,"loss_ema":2700.132411,"loss_plateau_delta":10.212588,"loss_plateau_count":0,"pg_loss":-0.002103,"v_loss":5318.54985,"entropy":-1.847858,"approx_kl":0.003213,"clipfrac":0.0502,"reward_mean":1.2945,"reward_std":43.1734,"reward_min":-204.3247,"reward_max":468.8578,"reward_scale":1.0,"throttle_mean":0.7324,"throttle_min":0.1151,"throttle_max":0.9946}
{"type":"train_update","update":257,"global_step":4210688,"wall_s":2603.35,"sps":1617.4,"loss":2639.585754,"loss_ema":2688.023079,"loss_plateau_delta":12.109331,"loss_plateau_count":0,"pg_loss":-0.001146,"v_loss":5279.155289,"entropy":-1.848535,"approx_kl":0.010416,"clipfrac":0.0627,"reward_mean":1.3449,"reward_std":43.1878,"reward_min":-204.3515,"reward_max":458.3383,"reward_scale":1.0,"throttle_mean":0.7307,"throttle_min":0.084,"throttle_max":0.995}
{"type":"train_update","update":258,"global_step":4227072,"wall_s":2610.36,"sps":1619.3,"loss":2715.415146,"loss_ema":2693.501493,"loss_plateau_delta":5.478413,"loss_plateau_count":0,"pg_loss":-0.000652,"v_loss":5430.813126,"entropy":-1.848851,"approx_kl":0.005413,"clipfrac":0.0679,"reward_mean":1.6144,"reward_std":44.1101,"reward_min":-204.7117,"reward_max":458.4504,"reward_scale":1.0,"throttle_mean":0.7249,"throttle_min":0.0816,"throttle_max":0.9929}
{"type":"train_update","update":259,"global_step":4243456,"wall_s":2617.65,"sps":1621.1,"loss":2628.513229,"loss_ema":2680.50384,"loss_plateau_delta":12.997653,"loss_plateau_count":0,"pg_loss":-0.001457,"v_loss":5257.01088,"entropy":-1.849032,"approx_kl":0.004975,"clipfrac":0.0485,"reward_mean":1.4309,"reward_std":42.9953,"reward_min":-204.1892,"reward_max":443.3625,"reward_scale":1.0,"throttle_mean":0.726,"throttle_min":0.0617,"throttle_max":0.9958}
{"type":"train_update","update":260,"global_step":4259840,"wall_s":2624.51,"sps":1623.1,"loss":2683.145859,"loss_ema":2681.032244,"loss_plateau_delta":0.528404,"loss_plateau_count":0,"pg_loss":-0.001897,"v_loss":5366.277023,"entropy":-1.850702,"approx_kl":0.005802,"clipfrac":0.0439,"reward_mean":1.6675,"reward_std":44.1677,"reward_min":-204.1726,"reward_max":456.4688,"reward_scale":1.0,"throttle_mean":0.7262,"throttle_min":0.0931,"throttle_max":0.9911}
step=4,259,840 reward_mean=1.667 kl=0.00580 clipfrac=0.044 eval={'landed_fraction': 1.0, 'crashed_fraction': 0.9921875, 'mean_touchdown_speed': 0.10447219014167786, 'max_touchdown_speed': 0.4108137786388397, 'mean_pad_distance': 1.8839962482452393, 'max_pad_distance': 3.904118776321411, 'mean_delta_v_proxy': 14.559746742248535, 'mean_eval_throttle': 0.7594250526030858, 'max_eval_throttle': 0.9679880142211914, 'max_upward_speed': 0.830594539642334, 'max_downward_speed': 9.92951774597168, 'passed': False}
{"type":"train_update","update":261,"global_step":4276224,"wall_s":2679.32,"sps":1596.0,"loss":2007.300766,"loss_ema":2546.285948,"loss_plateau_delta":134.746296,"loss_plateau_count":0,"pg_loss":-0.000119,"v_loss":4014.583252,"entropy":-1.851621,"approx_kl":0.008226,"clipfrac":0.0964,"reward_mean":0.4598,"reward_std":36.6551,"reward_min":-204.498,"reward_max":441.558,"reward_scale":1.0,"throttle_mean":0.719,"throttle_min":0.0857,"throttle_max":0.9912}
{"type":"train_update","update":262,"global_step":4292608,"wall_s":2686.77,"sps":1597.7,"loss":2771.360764,"loss_ema":2591.300911,"loss_plateau_delta":45.014963,"loss_plateau_count":0,"pg_loss":-0.001848,"v_loss":5542.706787,"entropy":-1.848294,"approx_kl":0.005313,"clipfrac":0.0461,"reward_mean":1.7914,"reward_std":44.4024,"reward_min":-204.3261,"reward_max":463.2555,"reward_scale":1.0,"throttle_mean":0.7431,"throttle_min":0.1004,"throttle_max":0.995}
{"type":"train_update","update":263,"global_step":4308992,"wall_s":2693.35,"sps":1599.9,"loss":2599.990128,"loss_ema":2593.038755,"loss_plateau_delta":1.737843,"loss_plateau_count":0,"pg_loss":-0.001547,"v_loss":5199.964844,"entropy":-1.848248,"approx_kl":0.004145,"clipfrac":0.0357,"reward_mean":1.2714,"reward_std":42.4703,"reward_min":-204.1387,"reward_max":452.1388,"reward_scale":1.0,"throttle_mean":0.7403,"throttle_min":0.1187,"throttle_max":0.9942}
{"type":"train_update","update":264,"global_step":4325376,"wall_s":2699.65,"sps":1602.2,"loss":2615.986694,"loss_ema":2597.628343,"loss_plateau_delta":4.589588,"loss_plateau_count":0,"pg_loss":-0.001415,"v_loss":5231.957748,"entropy":-1.846284,"approx_kl":0.004424,"clipfrac":0.0708,"reward_mean":0.9513,"reward_std":42.6355,"reward_min":-204.3658,"reward_max":454.0706,"reward_scale":1.0,"throttle_mean":0.7326,"throttle_min":0.0618,"throttle_max":0.9952}
{"type":"train_update","update":265,"global_step":4341760,"wall_s":2707.75,"sps":1603.5,"loss":2630.92334,"loss_ema":2604.287342,"loss_plateau_delta":6.658999,"loss_plateau_count":0,"pg_loss":-0.001719,"v_loss":5261.831635,"entropy":-1.843641,"approx_kl":0.006317,"clipfrac":0.0421,"reward_mean":1.2384,"reward_std":43.2938,"reward_min":-204.3602,"reward_max":439.4947,"reward_scale":1.0,"throttle_mean":0.7339,"throttle_min":0.0748,"throttle_max":0.9927}
{"type":"train_update","update":266,"global_step":4358144,"wall_s":2714.15,"sps":1605.7,"loss":2613.408615,"loss_ema":2606.111597,"loss_plateau_delta":1.824255,"loss_plateau_count":0,"pg_loss":-0.002113,"v_loss":5226.80307,"entropy":-1.838695,"approx_kl":0.004373,"clipfrac":0.0318,"reward_mean":1.7045,"reward_std":43.7742,"reward_min":-204.1604,"reward_max":445.6998,"reward_scale":1.0,"throttle_mean":0.7368,"throttle_min":0.0787,"throttle_max":0.9957}
{"type":"train_update","update":267,"global_step":4374528,"wall_s":2720.82,"sps":1607.8,"loss":2582.76696,"loss_ema":2601.442669,"loss_plateau_delta":4.668927,"loss_plateau_count":0,"pg_loss":-0.00285,"v_loss":5165.521271,"entropy":-1.835847,"approx_kl":0.005716,"clipfrac":0.0446,"reward_mean":1.4583,"reward_std":43.2376,"reward_min":-204.4744,"reward_max":460.3844,"reward_scale":1.0,"throttle_mean":0.7378,"throttle_min":0.083,"throttle_max":0.9921}
{"type":"train_update","update":268,"global_step":4390912,"wall_s":2727.92,"sps":1609.6,"loss":2569.634262,"loss_ema":2595.080988,"loss_plateau_delta":6.361681,"loss_plateau_count":0,"pg_loss":-0.002015,"v_loss":5139.254166,"entropy":-1.83509,"approx_kl":0.005542,"clipfrac":0.0542,"reward_mean":2.0693,"reward_std":44.0579,"reward_min":-204.4075,"reward_max":439.9333,"reward_scale":1.0,"throttle_mean":0.7398,"throttle_min":0.0856,"throttle_max":0.9951}
{"type":"train_update","update":269,"global_step":4407296,"wall_s":2735.22,"sps":1611.3,"loss":2646.870262,"loss_ema":2605.438843,"loss_plateau_delta":10.357855,"loss_plateau_count":0,"pg_loss":-0.000981,"v_loss":5293.724182,"entropy":-1.830995,"approx_kl":0.005133,"clipfrac":0.0588,"reward_mean":1.6435,"reward_std":43.9945,"reward_min":-204.2587,"reward_max":450.3082,"reward_scale":1.0,"throttle_mean":0.7321,"throttle_min":0.0746,"throttle_max":0.9955}
{"type":"train_update","update":270,"global_step":4423680,"wall_s":2741.94,"sps":1613.3,"loss":2678.224243,"loss_ema":2619.995923,"loss_plateau_delta":14.55708,"loss_plateau_count":0,"pg_loss":-0.000393,"v_loss":5356.431,"entropy":-1.828224,"approx_kl":0.013551,"clipfrac":0.0379,"reward_mean":1.3042,"reward_std":43.5256,"reward_min":-204.151,"reward_max":456.7751,"reward_scale":1.0,"throttle_mean":0.7279,"throttle_min":0.0666,"throttle_max":0.9953}
{"type":"train_update","update":271,"global_step":4440064,"wall_s":2748.17,"sps":1615.6,"loss":2616.762253,"loss_ema":2619.349189,"loss_plateau_delta":0.646734,"loss_plateau_count":0,"pg_loss":0.001482,"v_loss":5233.50325,"entropy":-1.82949,"approx_kl":0.004413,"clipfrac":0.1199,"reward_mean":1.0983,"reward_std":43.1431,"reward_min":-204.4451,"reward_max":464.555,"reward_scale":1.0,"throttle_mean":0.7319,"throttle_min":0.093,"throttle_max":0.996}
{"type":"train_update","update":272,"global_step":4456448,"wall_s":2756.34,"sps":1616.8,"loss":2644.673515,"loss_ema":2624.414054,"loss_plateau_delta":5.064865,"loss_plateau_count":0,"pg_loss":-0.001293,"v_loss":5289.331299,"entropy":-1.833145,"approx_kl":0.003438,"clipfrac":0.0453,"reward_mean":1.0505,"reward_std":43.0284,"reward_min":-204.458,"reward_max":445.8569,"reward_scale":1.0,"throttle_mean":0.7371,"throttle_min":0.0856,"throttle_max":0.9953}
{"type":"train_update","update":273,"global_step":4472832,"wall_s":2762.86,"sps":1618.9,"loss":2633.399086,"loss_ema":2626.21106,"loss_plateau_delta":1.797006,"loss_plateau_count":0,"pg_loss":-0.001897,"v_loss":5266.783615,"entropy":-1.833478,"approx_kl":0.004709,"clipfrac":0.0568,"reward_mean":1.3949,"reward_std":43.5388,"reward_min":-204.2552,"reward_max":429.874,"reward_scale":1.0,"throttle_mean":0.7413,"throttle_min":0.0918,"throttle_max":0.9945}
{"type":"train_update","update":274,"global_step":4489216,"wall_s":2769.39,"sps":1621.0,"loss":2603.351906,"loss_ema":2621.63923,"loss_plateau_delta":4.571831,"loss_plateau_count":0,"pg_loss":-0.001377,"v_loss":5206.688263,"entropy":-1.831074,"approx_kl":0.003983,"clipfrac":0.0338,"reward_mean":1.1601,"reward_std":42.7848,"reward_min":-204.2855,"reward_max":440.3091,"reward_scale":1.0,"throttle_mean":0.7389,"throttle_min":0.0771,"throttle_max":0.9952}
{"type":"train_update","update":275,"global_step":4505600,"wall_s":2777.01,"sps":1622.5,"loss":2663.11422,"loss_ema":2629.934228,"loss_plateau_delta":8.294998,"loss_plateau_count":0,"pg_loss":-0.001053,"v_loss":5326.212234,"entropy":-1.831963,"approx_kl":0.005903,"clipfrac":0.0585,"reward_mean":0.9554,"reward_std":43.0524,"reward_min":-204.1888,"reward_max":464.3277,"reward_scale":1.0,"throttle_mean":0.7392,"throttle_min":0.1017,"throttle_max":0.9953}
step=4,505,600 reward_mean=0.955 kl=0.00590 clipfrac=0.059 eval={'landed_fraction': 1.0, 'crashed_fraction': 1.0, 'mean_touchdown_speed': 0.09993679821491241, 'max_touchdown_speed': 0.38718026876449585, 'mean_pad_distance': 2.0031392574310303, 'max_pad_distance': 4.862147808074951, 'mean_delta_v_proxy': 15.253435134887695, 'mean_eval_throttle': 0.7735702038473553, 'max_eval_throttle': 0.9734271168708801, 'max_upward_speed': 1.2850061655044556, 'max_downward_speed': 9.546483993530273, 'passed': False}
{"type":"train_update","update":276,"global_step":4521984,"wall_s":2831.41,"sps":1597.1,"loss":1994.200211,"loss_ema":2502.787424,"loss_plateau_delta":127.146803,"loss_plateau_count":0,"pg_loss":-0.001211,"v_loss":3988.384506,"entropy":-1.833589,"approx_kl":0.008034,"clipfrac":0.0455,"reward_mean":0.6629,"reward_std":37.2183,"reward_min":-204.2182,"reward_max":440.7094,"reward_scale":1.0,"throttle_mean":0.733,"throttle_min":0.0919,"throttle_max":0.9959}
{"type":"train_update","update":277,"global_step":4538368,"wall_s":2838.02,"sps":1599.1,"loss":2631.638687,"loss_ema":2528.557677,"loss_plateau_delta":25.770253,"loss_plateau_count":0,"pg_loss":-0.000949,"v_loss":5263.261002,"entropy":-1.831787,"approx_kl":0.005182,"clipfrac":0.0397,"reward_mean":1.4608,"reward_std":43.3311,"reward_min":-204.4301,"reward_max":455.9563,"reward_scale":1.0,"throttle_mean":0.7383,"throttle_min":0.0869,"throttle_max":0.9955}
{"type":"train_update","update":278,"global_step":4554752,"wall_s":2845.24,"sps":1600.8,"loss":2612.654449,"loss_ema":2545.377031,"loss_plateau_delta":16.819355,"loss_plateau_count":0,"pg_loss":-0.00293,"v_loss":5225.296387,"entropy":-1.830965,"approx_kl":0.004895,"clipfrac":0.0566,"reward_mean":1.8407,"reward_std":43.9819,"reward_min":-204.244,"reward_max":442.9019,"reward_scale":1.0,"throttle_mean":0.7379,"throttle_min":0.0705,"throttle_max":0.9953}
{"type":"train_update","update":279,"global_step":4571136,"wall_s":2852.38,"sps":1602.6,"loss":2530.63221,"loss_ema":2542.428067,"loss_plateau_delta":2.948964,"loss_plateau_count":0,"pg_loss":-0.001813,"v_loss":5061.249695,"entropy":-1.833451,"approx_kl":0.004914,"clipfrac":0.0314,"reward_mean":1.36,"reward_std":42.5606,"reward_min":-204.3211,"reward_max":445.7079,"reward_scale":1.0,"throttle_mean":0.7383,"throttle_min":0.0846,"throttle_max":0.9961}
{"type":"train_update","update":280,"global_step":4587520,"wall_s":2859.12,"sps":1604.5,"loss":2583.485901,"loss_ema":2550.639634,"loss_plateau_delta":8.211567,"loss_plateau_count":0,"pg_loss":-0.002053,"v_loss":5166.957611,"entropy":-1.831587,"approx_kl":0.005044,"clipfrac":0.0253,"reward_mean":1.0765,"reward_std":42.9041,"reward_min":-204.4368,"reward_max":459.2328,"reward_scale":1.0,"throttle_mean":0.7417,"throttle_min":0.0944,"throttle_max":0.995}
{"type":"train_update","update":281,"global_step":4603904,"wall_s":2865.38,"sps":1606.7,"loss":2555.217865,"loss_ema":2551.55528,"loss_plateau_delta":0.915646,"loss_plateau_count":0,"pg_loss":-0.001906,"v_loss":5110.421265,"entropy":-1.82951,"approx_kl":0.007617,"clipfrac":0.0408,"reward_mean":1.7784,"reward_std":44.1044,"reward_min":-204.1876,"reward_max":450.5688,"reward_scale":1.0,"throttle_mean":0.7372,"throttle_min":0.1072,"throttle_max":0.9944}
{"type":"train_update","update":282,"global_step":4620288,"wall_s":2873.34,"sps":1608.0,"loss":2645.565918,"loss_ema":2570.357408,"loss_plateau_delta":18.802128,"loss_plateau_count":0,"pg_loss":-0.00084,"v_loss":5291.11528,"entropy":-1.82693,"approx_kl":0.005053,"clipfrac":0.044,"reward_mean":2.2089,"reward_std":44.8334,"reward_min":-204.1693,"reward_max":463.8495,"reward_scale":1.0,"throttle_mean":0.7452,"throttle_min":0.0971,"throttle_max":0.9953}
{"type":"train_update","update":283,"global_step":4636672,"wall_s":2880.22,"sps":1609.8,"loss":2581.561577,"loss_ema":2572.598241,"loss_plateau_delta":2.240834,"loss_plateau_count":0,"pg_loss":-0.000938,"v_loss":5163.106781,"entropy":-1.826386,"approx_kl":0.003545,"clipfrac":0.0305,"reward_mean":1.6097,"reward_std":43.3252,"reward_min":-204.3761,"reward_max":447.3494,"reward_scale":1.0,"throttle_mean":0.739,"throttle_min":0.1069,"throttle_max":0.9923}
{"type":"train_update","update":284,"global_step":4653056,"wall_s":2886.62,"sps":1611.9,"loss":2470.875755,"loss_ema":2552.253744,"loss_plateau_delta":20.344497,"loss_plateau_count":0,"pg_loss":-0.001422,"v_loss":4941.736069,"entropy":-1.827161,"approx_kl":0.004676,"clipfrac":0.036,"reward_mean":1.9525,"reward_std":43.5401,"reward_min":-204.2229,"reward_max":449.9062,"reward_scale":1.0,"throttle_mean":0.74,"throttle_min":0.0741,"throttle_max":0.9931}
{"type":"train_update","update":285,"global_step":4669440,"wall_s":2894.66,"sps":1613.1,"loss":2520.844612,"loss_ema":2545.971918,"loss_plateau_delta":6.281826,"loss_plateau_count":0,"pg_loss":-0.00218,"v_loss":5041.675308,"entropy":-1.82793,"approx_kl":0.004163,"clipfrac":0.0383,"reward_mean":1.5504,"reward_std":43.6142,"reward_min":-204.3395,"reward_max":429.2685,"reward_scale":1.0,"throttle_mean":0.7408,"throttle_min":0.105,"throttle_max":0.9941}
{"type":"train_update","update":286,"global_step":4685824,"wall_s":2901.12,"sps":1615.2,"loss":2579.515388,"loss_ema":2552.680612,"loss_plateau_delta":6.708694,"loss_plateau_count":0,"pg_loss":-0.001742,"v_loss":5159.016006,"entropy":-1.828189,"approx_kl":0.002861,"clipfrac":0.0309,"reward_mean":1.7248,"reward_std":43.96,"reward_min":-204.2039,"reward_max":458.2256,"reward_scale":1.0,"throttle_mean":0.7394,"throttle_min":0.0858,"throttle_max":0.992}
{"type":"train_update","update":287,"global_step":4702208,"wall_s":2907.42,"sps":1617.3,"loss":2482.641235,"loss_ema":2538.672737,"loss_plateau_delta":14.007875,"loss_plateau_count":0,"pg_loss":-0.001819,"v_loss":4965.267838,"entropy":-1.82945,"approx_kl":0.004083,"clipfrac":0.0191,"reward_mean":1.2204,"reward_std":42.5119,"reward_min":-204.1874,"reward_max":441.2354,"reward_scale":1.0,"throttle_mean":0.7394,"throttle_min":0.0664,"throttle_max":0.995}
{"type":"train_update","update":288,"global_step":4718592,"wall_s":2914.35,"sps":1619.1,"loss":2566.018761,"loss_ema":2544.141941,"loss_plateau_delta":5.469205,"loss_plateau_count":0,"pg_loss":-0.000413,"v_loss":5132.02002,"entropy":-1.8318,"approx_kl":0.00502,"clipfrac":0.0677,"reward_mean":1.1149,"reward_std":43.1332,"reward_min":-204.4665,"reward_max":445.6367,"reward_scale":1.0,"throttle_mean":0.735,"throttle_min":0.1273,"throttle_max":0.9929}
{"type":"train_update","update":289,"global_step":4734976,"wall_s":2921.9,"sps":1620.5,"loss":2565.598541,"loss_ema":2548.433261,"loss_plateau_delta":4.29132,"loss_plateau_count":0,"pg_loss":-0.001948,"v_loss":5131.182632,"entropy":-1.833086,"approx_kl":0.004698,"clipfrac":0.0286,"reward_mean":1.3748,"reward_std":43.191,"reward_min":-204.3164,"reward_max":449.7184,"reward_scale":1.0,"throttle_mean":0.7296,"throttle_min":0.0891,"throttle_max":0.9927}
{"type":"train_update","update":290,"global_step":4751360,"wall_s":2928.29,"sps":1622.6,"loss":2554.638458,"loss_ema":2549.674301,"loss_plateau_delta":1.241039,"loss_plateau_count":0,"pg_loss":0.00382,"v_loss":5109.250961,"entropy":-1.833249,"approx_kl":0.055648,"clipfrac":0.1236,"reward_mean":1.7866,"reward_std":43.7841,"reward_min":-204.0663,"reward_max":446.5115,"reward_scale":1.0,"throttle_mean":0.7363,"throttle_min":0.0961,"throttle_max":0.9955}
step=4,751,360 reward_mean=1.787 kl=0.05565 clipfrac=0.124 eval={'landed_fraction': 1.0, 'crashed_fraction': 1.0, 'mean_touchdown_speed': 0.1254020780324936, 'max_touchdown_speed': 0.4312281906604767, 'mean_pad_distance': 1.6672983169555664, 'max_pad_distance': 4.243412494659424, 'mean_delta_v_proxy': 14.512551307678223, 'mean_eval_throttle': 0.7597614378399319, 'max_eval_throttle': 0.9681391716003418, 'max_upward_speed': 0.8253130912780762, 'max_downward_speed': 9.714787483215332, 'passed': False}
{"type":"train_update","update":291,"global_step":4767744,"wall_s":2982.22,"sps":1598.7,"loss":1923.029911,"loss_ema":2424.345423,"loss_plateau_delta":125.328878,"loss_plateau_count":0,"pg_loss":-0.000649,"v_loss":3846.042763,"entropy":-1.834383,"approx_kl":0.005722,"clipfrac":0.0602,"reward_mean":0.3723,"reward_std":36.5394,"reward_min":-204.0165,"reward_max":458.8322,"reward_scale":1.0,"throttle_mean":0.7196,"throttle_min":0.1064,"throttle_max":0.9924}
{"type":"train_update","update":292,"global_step":4784128,"wall_s":2990.07,"sps":1600.0,"loss":2627.242744,"loss_ema":2464.924887,"loss_plateau_delta":40.579464,"loss_plateau_count":0,"pg_loss":-0.001548,"v_loss":5254.4702,"entropy":-1.837761,"approx_kl":0.00362,"clipfrac":0.0479,"reward_mean":1.9094,"reward_std":44.3902,"reward_min":-204.3949,"reward_max":460.2251,"reward_scale":1.0,"throttle_mean":0.7401,"throttle_min":0.1071,"throttle_max":0.9953}
{"type":"train_update","update":293,"global_step":4800512,"wall_s":2997.83,"sps":1601.3,"loss":2548.645561,"loss_ema":2481.669022,"loss_plateau_delta":16.744135,"loss_plateau_count":0,"pg_loss":0.001277,"v_loss":5097.270203,"entropy":-1.838343,"approx_kl":0.006351,"clipfrac":0.0781,"reward_mean":1.4437,"reward_std":43.3622,"reward_min":-204.2088,"reward_max":465.767,"reward_scale":1.0,"throttle_mean":0.7428,"throttle_min":0.1298,"throttle_max":0.9948}
{"type":"train_update","update":294,"global_step":4816896,"wall_s":3005.24,"sps":1602.8,"loss":2498.3153,"loss_ema":2484.998278,"loss_plateau_delta":3.329256,"loss_plateau_count":0,"pg_loss":7.3e-05,"v_loss":4996.612045,"entropy":-1.838961,"approx_kl":0.005922,"clipfrac":0.0762,"reward_mean":1.2208,"reward_std":42.6822,"reward_min":-204.4383,"reward_max":439.1773,"reward_scale":1.0,"throttle_mean":0.7409,"throttle_min":0.1061,"throttle_max":0.994}
{"type":"train_update","update":295,"global_step":4833280,"wall_s":3012.97,"sps":1604.2,"loss":2457.568642,"loss_ema":2479.51235,"loss_plateau_delta":5.485927,"loss_plateau_count":0,"pg_loss":-0.00145,"v_loss":4915.121811,"entropy":-1.835852,"approx_kl":0.003392,"clipfrac":0.0334,"reward_mean":1.8641,"reward_std":43.6402,"reward_min":-204.228,"reward_max":444.7233,"reward_scale":1.0,"throttle_mean":0.737,"throttle_min":0.0888,"throttle_max":0.996}
{"type":"train_update","update":296,"global_step":4849664,"wall_s":3019.78,"sps":1606.0,"loss":2451.442741,"loss_ema":2473.898429,"loss_plateau_delta":5.613922,"loss_plateau_count":0,"pg_loss":-0.00203,"v_loss":4902.871246,"entropy":-1.83315,"approx_kl":0.005322,"clipfrac":0.0289,"reward_mean":2.0293,"reward_std":43.9832,"reward_min":-204.1884,"reward_max":458.7951,"reward_scale":1.0,"throttle_mean":0.7385,"throttle_min":0.1247,"throttle_max":0.9958}
{"type":"train_update","update":297,"global_step":4866048,"wall_s":3026.29,"sps":1607.9,"loss":2482.465919,"loss_ema":2475.611927,"loss_plateau_delta":1.713498,"loss_plateau_count":0,"pg_loss":-0.001595,"v_loss":4964.916702,"entropy":-1.832891,"approx_kl":0.005371,"clipfrac":0.0282,"reward_mean":1.8581,"reward_std":43.8637,"reward_min":-204.0119,"reward_max":459.9462,"reward_scale":1.0,"throttle_mean":0.7378,"throttle_min":0.1078,"throttle_max":0.9916}
{"type":"train_update","update":298,"global_step":4882432,"wall_s":3034.69,"sps":1608.9,"loss":2427.632225,"loss_ema":2466.015986,"loss_plateau_delta":9.59594,"loss_plateau_count":0,"pg_loss":7.4e-05,"v_loss":4855.245941,"entropy":-1.834647,"approx_kl":0.008895,"clipfrac":0.087,"reward_mean":1.2983,"reward_std":42.7035,"reward_min":-204.1347,"reward_max":460.1027,"reward_scale":1.0,"throttle_mean":0.7404,"throttle_min":0.0733,"throttle_max":0.9947}
{"type":"train_update","update":299,"global_step":4898816,"wall_s":3041.25,"sps":1610.8,"loss":2400.131561,"loss_ema":2452.839101,"loss_plateau_delta":13.176885,"loss_plateau_count":0,"pg_loss":-0.000981,"v_loss":4800.246719,"entropy":-1.8318,"approx_kl":0.005902,"clipfrac":0.0496,"reward_mean":1.6339,"reward_std":43.3142,"reward_min":-204.0905,"reward_max":421.551,"reward_scale":1.0,"throttle_mean":0.74,"throttle_min":0.1098,"throttle_max":0.9938}
{"type":"train_update","update":300,"global_step":4915200,"wall_s":3047.65,"sps":1612.8,"loss":2501.875854,"loss_ema":2462.646452,"loss_plateau_delta":9.807351,"loss_plateau_count":0,"pg_loss":-0.002068,"v_loss":5003.737579,"entropy":-1.828944,"approx_kl":0.004849,"clipfrac":0.0406,"reward_mean":1.651,"reward_std":43.6443,"reward_min":-204.0668,"reward_max":439.2492,"reward_scale":1.0,"throttle_mean":0.7466,"throttle_min":0.0925,"throttle_max":0.9958}
{"type":"train_update","update":301,"global_step":4931584,"wall_s":3055.37,"sps":1614.1,"loss":2528.395706,"loss_ema":2475.796303,"loss_plateau_delta":13.149851,"loss_plateau_count":0,"pg_loss":-0.001715,"v_loss":5056.77655,"entropy":-1.828409,"approx_kl":0.004487,"clipfrac":0.047,"reward_mean":1.545,"reward_std":43.5694,"reward_min":-203.9705,"reward_max":442.2322,"reward_scale":1.0,"throttle_mean":0.7447,"throttle_min":0.0959,"throttle_max":0.9944}
{"type":"train_update","update":302,"global_step":4947968,"wall_s":3062.33,"sps":1615.8,"loss":2441.431198,"loss_ema":2468.923282,"loss_plateau_delta":6.873021,"loss_plateau_count":0,"pg_loss":-0.002504,"v_loss":4882.849106,"entropy":-1.829632,"approx_kl":0.005245,"clipfrac":0.0365,"reward_mean":1.4093,"reward_std":43.1909,"reward_min":-204.171,"reward_max":439.7022,"reward_scale":1.0,"throttle_mean":0.7336,"throttle_min":0.0932,"throttle_max":0.9938}
{"type":"train_update","update":303,"global_step":4964352,"wall_s":3068.94,"sps":1617.6,"loss":2502.69342,"loss_ema":2475.67731,"loss_plateau_delta":6.754028,"loss_plateau_count":0,"pg_loss":-0.001563,"v_loss":5005.371689,"entropy":-1.830372,"approx_kl":0.006262,"clipfrac":0.0464,"reward_mean":2.2471,"reward_std":44.9258,"reward_min":-204.1766,"reward_max":453.4649,"reward_scale":1.0,"throttle_mean":0.7306,"throttle_min":0.1125,"throttle_max":0.9926}
{"type":"train_update","update":304,"global_step":4980736,"wall_s":3075.6,"sps":1619.4,"loss":2606.654823,"loss_ema":2501.872812,"loss_plateau_delta":26.195503,"loss_plateau_count":0,"pg_loss":0.004062,"v_loss":5213.283203,"entropy":-1.834203,"approx_kl":0.009713,"clipfrac":0.1443,"reward_mean":1.5922,"reward_std":44.2149,"reward_min":-204.3766,"reward_max":450.6281,"reward_scale":1.0,"throttle_mean":0.7279,"throttle_min":0.0705,"throttle_max":0.9959}
{"type":"train_update","update":305,"global_step":4997120,"wall_s":3083.78,"sps":1620.5,"loss":2489.995872,"loss_ema":2499.497424,"loss_plateau_delta":2.375388,"loss_plateau_count":0,"pg_loss":-0.001469,"v_loss":4979.976395,"entropy":-1.828853,"approx_kl":0.004035,"clipfrac":0.066,"reward_mean":1.5241,"reward_std":43.2301,"reward_min":-204.0473,"reward_max":467.2034,"reward_scale":1.0,"throttle_mean":0.7297,"throttle_min":0.0783,"throttle_max":0.9939}
{"type":"train_update","update":306,"global_step":5013504,"wall_s":3090.62,"sps":1622.2,"loss":2514.745605,"loss_ema":2502.547061,"loss_plateau_delta":3.049636,"loss_plateau_count":0,"pg_loss":-0.001792,"v_loss":5029.476517,"entropy":-1.827035,"approx_kl":0.003748,"clipfrac":0.0383,"reward_mean":1.7462,"reward_std":44.1231,"reward_min":-204.1165,"reward_max":470.0969,"reward_scale":1.0,"throttle_mean":0.7314,"throttle_min":0.1097,"throttle_max":0.9934}
step=5,013,504 reward_mean=1.746 kl=0.00375 clipfrac=0.038 eval={'landed_fraction': 1.0, 'crashed_fraction': 0.9921875, 'mean_touchdown_speed': 0.12796877324581146, 'max_touchdown_speed': 0.3916211426258087, 'mean_pad_distance': 1.971186637878418, 'max_pad_distance': 4.813555717468262, 'mean_delta_v_proxy': 14.487378120422363, 'mean_eval_throttle': 0.7588260987069871, 'max_eval_throttle': 0.9739061594009399, 'max_upward_speed': 1.1250944137573242, 'max_downward_speed': 9.715519905090332, 'passed': False}
Training complete in 3140.5s, steps=5,013,504
Final eval: {'landed_fraction': 1.0, 'crashed_fraction': 1.0, 'mean_touchdown_speed': 0.1255713254213333, 'max_touchdown_speed': 0.34682610630989075, 'mean_pad_distance': 1.8887375593185425, 'max_pad_distance': 4.557677268981934, 'mean_delta_v_proxy': 14.503897666931152, 'mean_eval_throttle': 0.7588619056675169, 'max_eval_throttle': 0.9786862134933472, 'max_upward_speed': 1.1425247192382812, 'max_downward_speed': 9.751781463623047, 'passed': False}
Run directory: C:\Transformer-rl-retro-propulsion\simulation\isaac\runs\ppo_landing_seed0_20260426_192920
Closing TVC environment...
Closing Isaac Sim...
[19.152s] Simulation App Startup Complete
[20.911s] [ext: omni.physx.fabric-107.3.26] startup
2026-04-27T00:30:05Z [44,506ms] [Warning] [carb] Client gpu.foundation.plugin has acquired [gpu::unstable::IMemoryBudgetManagerFactory v0.1] 100 times. Consider accessing this interface with carb::getCachedInterface() (Performance warning)
[3230.966s] Simulation App Shutting Down
