PPO training starting: task=landing, total_steps=5000000, bc_steps=0, headless=True
[Info] [carb] Logging to file: c:/transformer-rl-retro-propulsion/env_isaaclab/lib/site-packages/isaacsim/kit/logs/Kit/Isaac-Sim Python/5.1/kit_20260426_182955.log
[0.368s] [ext: omni.kit.async_engine-0.0.3] startup
[0.703s] [ext: omni.metrics.core-0.0.3] startup
[0.706s] [ext: omni.client.lib-1.1.0] startup
[0.822s] [ext: omni.blobkey-1.1.2] startup
[0.825s] [ext: omni.stats-1.0.1] startup
[0.835s] [ext: omni.datastore-0.0.0] startup
[0.843s] [ext: omni.client-1.3.0] startup
[0.969s] [ext: omni.ujitso.default-1.0.0] startup
[0.981s] [ext: omni.hsscclient-1.1.2] startup
[1.010s] [ext: omni.gpu_foundation.shadercache.vulkan-1.0.0] startup
[1.018s] [ext: omni.assets.plugins-0.0.0] startup
[1.034s] [ext: omni.gpu_foundation-0.0.0] startup
[1.167s] [ext: carb.windowing.plugins-1.0.0] startup
2026-04-26T23:29:57Z [1,756ms] [Warning] [carb.windowing-glfw.gamepad] Joystick with unknown remapping detected (will be ignored):  Saitek Pro Flight Rudder Pedals [03000000a30600006307000000000000]
2026-04-26T23:29:57Z [1,756ms] [Warning] [carb.windowing-glfw.gamepad] Joystick with unknown remapping detected (will be ignored):  3Dconnexion KMJ Emulator [03000000efbe00006d04000000000000]
2026-04-26T23:29:57Z [1,756ms] [Warning] [carb.windowing-glfw.gamepad] Joystick with unknown remapping detected (will be ignored):  Joystick - HOTAS Warthog [030000004f0400000204000000000000]
[2.022s] [ext: omni.kit.renderer.init-0.0.0] startup
[2.027s] [ext: omni.materialx.libs-1.0.7] startup
[2.093s] [ext: omni.usd.config-1.0.6] startup
[2.129s] [ext: omni.gpucompute.plugins-0.0.0] startup
[2.198s] [ext: omni.usd.libs-1.0.1] startup
[2.891s] [ext: omni.mdl-56.0.3] startup
[3.240s] [ext: omni.iray.libs-0.0.0] startup
[3.488s] [ext: omni.mdl.neuraylib-0.2.12] startup
[3.511s] [ext: omni.kit.usd.mdl-1.1.5] startup
[3.970s] [ext: omni.kit.pipapi-0.0.0] startup
[3.973s] [ext: omni.kit.loop-isaac-1.3.7] startup
[3.978s] [ext: omni.kit.test-2.0.1] startup

|---------------------------------------------------------------------------------------------|
| Driver Version: 580.88        | Graphics API: Vulkan
|=============================================================================================|
| GPU | Name                             | Active | LDA | GPU Memory | Vendor-ID | LUID       |
|     |                                  |        |     |            | Device-ID | UUID       |
|     |                                  |        |     |            | Bus-ID    |            |
|---------------------------------------------------------------------------------------------|
| 0   | NVIDIA GeForce RTX 5070          | Yes: 0 |     | 11855   MB | 10de      | b42b0100.. |
|     |                                  |        |     |            | 2f04      | 36fdc134.. |
|     |                                  |        |     |            | 1         |            |
|=============================================================================================|
| OS: Windows 11 Pro, Version: 10.0 (25H2), Build: 26200, Kernel: 10.0.26100.8246
| Processor: AMD Ryzen 9 9900X 12-Core Processor            
| Cores: 12 | Logical Cores: 24
|---------------------------------------------------------------------------------------------|
| Total Memory (MB): 32360 | Free Memory: 21449
| Total Page/Swap (MB): 40977 | Free Page/Swap: 6972
|---------------------------------------------------------------------------------------------|
[4.142s] [ext: omni.kit.telemetry-0.5.2] startup
[4.201s] [ext: omni.appwindow-1.1.10] startup
[4.211s] [ext: omni.kit.renderer.core-1.1.0] startup
[4.227s] [ext: omni.kit.renderer.capture-0.0.0] startup
[4.240s] [ext: omni.kit.renderer.imgui-2.0.5] startup
[4.284s] [ext: omni.ui-2.27.1] startup
[4.317s] [ext: omni.kit.mainwindow-1.0.3] startup
[4.320s] [ext: carb.audio-0.1.0] startup
[4.327s] [ext: omni.uiaudio-1.0.0] startup
[4.336s] [ext: omni.kit.uiapp-0.0.0] startup
[4.336s] [ext: omni.usd.schema.metrics.assembler-107.3.1] startup
[4.355s] [ext: omni.anim.navigation.schema-107.3.3] startup
[4.376s] [ext: omni.usd.schema.anim-0.0.0] startup
[4.481s] [ext: omni.usd.schema.audio-0.0.0] startup
[4.498s] [ext: omni.usd.schema.omniscripting-1.0.0] startup
[4.521s] [ext: omni.usd.schema.physx-107.3.26] startup
[4.629s] [ext: omni.usd_resolver-1.0.0] startup
[4.654s] [ext: omni.usd.core-1.5.3] startup
[4.660s] [ext: omni.usd.schema.omni_sensors-0.0.0] startup
[4.730s] [ext: omni.usd.schema.omnigraph-1.0.0] startup
[4.762s] [ext: omni.usd.schema.semantics-0.0.0] startup
[4.779s] [ext: omni.usd.schema.geospatial-0.0.0] startup
[4.798s] [ext: omni.kit.window.popup_dialog-2.0.24] startup
[4.810s] [ext: omni.activity.core-1.0.3] startup
[4.816s] [ext: omni.kit.widget.nucleus_connector-2.0.1] startup
[4.823s] [ext: omni.kit.usd_undo-0.1.8] startup
[4.825s] [ext: omni.graph.exec-0.9.6] startup
[4.829s] [ext: omni.kit.actions.core-1.0.0] startup
[4.842s] [ext: usdrt.scenegraph-7.6.1] startup
[5.010s] [ext: omni.resourcemonitor-107.0.1] startup
[5.020s] [ext: omni.kit.exec.core-0.13.4] startup
[5.033s] [ext: omni.timeline-1.0.14] startup
[5.043s] [ext: omni.kit.commands-1.4.10] startup
[5.061s] [ext: omni.kit.audiodeviceenum-1.0.2] startup
[5.070s] [ext: omni.hydra.usdrt_delegate-7.5.1] startup
[5.101s] [ext: omni.hydra.scene_delegate-0.3.4] startup
[5.112s] [ext: omni.usd-1.13.10] startup
[6.305s] [ext: omni.inspect-1.0.2] startup
[6.317s] [ext: omni.kit.notification_manager-1.0.10] startup
[6.323s] [ext: omni.graph.core-2.184.5] startup
[6.340s] [ext: isaacsim.core.deprecation_manager-0.2.7] startup
[6.342s] [ext: omni.anim.graph.schema-107.3.3] startup
[6.376s] [ext: omni.usd.schema.flow-107.1.1] startup
[6.379s] [ext: omni.usd.schema.isaac-3.0.5] startup
[6.379s] [ext: omni.usd.schema.omni_lens_distortion-0.0.0] startup
[6.381s] [ext: isaacsim.robot.schema-3.6.0] startup
[6.429s] [ext: omni.kit.asset_converter-5.0.17] startup
[6.486s] [ext: omni.usd.schema.render_settings.rtx-0.0.0] startup
[6.489s] [ext: omni.kit.helper.file_utils-0.1.9] startup
[6.492s] [ext: omni.kit.menu.core-1.1.2] startup
[6.494s] [ext: omni.kit.widget.path_field-2.0.11] startup
[6.497s] [ext: omni.kit.widget.filebrowser-2.12.3] startup
[6.514s] [ext: omni.kit.widget.context_menu-1.2.5] startup
[6.517s] [ext: omni.kit.widget.browser_bar-2.0.10] startup
[6.520s] [ext: omni.kit.clipboard-1.0.5] startup
[6.524s] [ext: omni.kit.widget.options_menu-1.1.6] startup
[6.535s] [ext: omni.ui.scene-1.11.5] startup
[6.547s] [ext: omni.kit.widget.options_button-1.0.3] startup
[6.549s] [ext: omni.kit.usd.layers-2.2.11] startup
[6.573s] [ext: omni.kit.window.filepicker-2.13.4] startup
[6.623s] [ext: omni.kit.widget.filter-1.1.4] startup
[6.625s] [ext: omni.kit.hotkeys.core-1.3.10] startup
[6.635s] [ext: omni.kit.context_menu-1.8.6] startup
[6.640s] [ext: omni.kit.property.adapter.core-1.0.2] startup
[6.647s] [ext: omni.kit.window.file_exporter-1.0.33] startup
[6.659s] [ext: omni.kit.widget.searchfield-1.1.8] startup
[6.663s] [ext: omni.kit.numpy.common-0.1.3] startup
[6.667s] [ext: omni.kit.widget.stage-3.1.4] startup
[6.708s] [ext: omni.kit.property.adapter.usd-1.0.2] startup
[6.712s] [ext: omni.kit.property.adapter.fabric-1.0.3] startup
[6.716s] [ext: isaacsim.core.version-2.0.6] startup
[6.717s] [ext: omni.kit.window.file_importer-1.1.18] startup
[6.720s] [ext: omni.kit.stage_template.core-1.1.22] startup
[6.721s] [ext: omni.kit.menu.utils-2.0.5] startup
[6.729s] [ext: omni.kit.window.file-2.0.5] startup
[6.737s] [ext: omni.kit.window.drop_support-1.0.5] startup
[6.738s] [ext: omni.kit.widget.highlight_label-1.0.3] startup
[6.740s] [ext: omni.kit.window.content_browser_registry-0.0.6] startup
[6.743s] [ext: omni.kit.widget.graph-2.0.0] startup
[6.757s] [ext: omni.kit.window.property-1.12.1] startup
[6.836s] [ext: omni.kit.window.content_browser-3.1.3] startup
[6.856s] [ext: omni.kit.graph.delegate.default-1.2.3] startup
[6.858s] [ext: omni.kit.property.usd-4.5.12] startup
[6.883s] [ext: omni.convexdecomposition-107.3.26] startup
[6.895s] [ext: omni.kit.graph.editor.core-1.5.3] startup
[6.902s] [ext: omni.kit.material.library-2.0.7] startup
[6.917s] [ext: omni.kvdb-107.3.26] startup
[6.927s] [ext: omni.usdphysics-107.3.26] startup
[6.933s] [ext: omni.physx.foundation-107.3.26] startup
[6.951s] [ext: omni.localcache-107.3.26] startup
[6.959s] [ext: omni.kit.graph.usd.commands-1.3.1] startup
[6.961s] [ext: omni.physx.cooking-107.3.26] startup
[6.979s] [ext: omni.physics-107.3.26] startup
[6.993s] [ext: omni.physx-107.3.26] startup
[7.032s] [ext: omni.physics.stageupdate-107.3.26] startup
[7.041s] [ext: omni.physics.physx-107.3.26] startup
2026-04-26T23:30:02Z [6,779ms] [Warning] [carb] Acquiring non optional plugin interface which is not listed as dependency: [omni::physx::IPhysxBenchmarks v1.0] (plugin: <default plugin>), by client: omni.physics.physx.plugin. Add it to CARB_PLUGIN_IMPL_DEPS() macro of a client.
[7.045s] [ext: omni.index.libs-380600.8087.0] startup
[7.045s] [ext: omni.index-1.0.1] startup
[7.049s] [ext: omni.volume-0.5.2] startup
[7.083s] [ext: omni.ujitso.client-0.0.0] startup
[7.086s] [ext: omni.hydra.rtx.shadercache.vulkan-1.0.0] startup
[7.089s] [ext: omni.kit.widget.searchable_combobox-1.0.6] startup
[7.093s] [ext: omni.hydra.rtx-1.0.0] startup
[7.339s] [ext: omni.kit.widget.settings-1.2.6] startup
[7.345s] [ext: omni.kit.hydra_texture-1.4.6] startup
[7.356s] [ext: omni.graph.tools-1.79.2] startup
[7.432s] [ext: omni.kit.window.preferences-1.8.0] startup
[7.450s] [ext: omni.kit.widget.material_preview-1.0.16] startup
[7.456s] [ext: omni.graph-1.141.2] startup
[7.553s] [ext: omni.kit.window.material_graph-1.9.1] startup
[7.575s] [ext: omni.isaac.dynamic_control-2.0.7] startup
2026-04-26T23:30:02Z [7,328ms] [Warning] [omni.isaac.dynamic_control] omni.isaac.dynamic_control is deprecated as of Isaac Sim 4.5. No action is needed from end-users.
[7.595s] [ext: isaacsim.storage.native-1.5.1] startup
[7.601s] [ext: omni.graph.scriptnode-1.50.0] startup
[7.604s] [ext: omni.hydra.engine.stats-1.0.3] startup
[7.611s] [ext: omni.kit.viewport.legacy_gizmos-1.0.19] startup
[7.617s] [ext: omni.kit.raycast.query-1.1.0] startup
[7.631s] [ext: omni.graph.action_core-1.1.7] startup
[7.654s] [ext: omni.kit.viewport.scene_camera_model-1.0.6] startup
[7.662s] [ext: omni.graph.image.core-0.6.1] startup
[7.667s] [ext: omni.kit.widget.viewport-107.1.3] startup
[7.683s] [ext: omni.kit.viewport.registry-104.0.6] startup
[7.685s] [ext: omni.usd.metrics.assembler-107.3.1] startup
[7.701s] [ext: omni.kit.viewport.window-107.2.0] startup
[7.731s] [ext: omni.kit.viewport.menubar.core-107.2.1] startup
[7.767s] [ext: omni.graph.image.nodes-1.3.1] startup
[7.775s] [ext: omni.usd.metrics.assembler.physics-107.3.26] startup
[7.780s] [ext: omni.warp.core-1.8.2] startup
[7.931s] [ext: omni.kit.viewport.utility-1.1.2] startup
[7.933s] [ext: omni.physics.tensors-107.3.26] startup
[7.948s] [ext: omni.syntheticdata-0.6.13] startup
[8.014s] [ext: isaacsim.test.docstring-1.1.0] startup
[8.028s] [ext: isaacsim.core.utils-3.5.1] startup
[8.041s] [ext: omni.physx.tensors-107.3.26] startup
[8.050s] [ext: omni.graph.nodes-1.170.10] startup
[8.153s] [ext: omni.graph.action_nodes-1.50.4] startup
[8.165s] [ext: omni.kit.primitive.mesh-1.0.17] startup
[8.181s] [ext: isaacsim.core.simulation_manager-1.4.4] startup
[12.658s] [ext: omni.graph.ui_nodes-1.50.5] startup
[12.674s] [ext: omni.graph.action-1.130.0] startup
[12.676s] [ext: omni.kit.stage_templates-2.0.0] startup
[12.690s] [ext: isaacsim.core.prims-0.6.1] startup
[12.733s] [ext: omni.warp-1.8.2] startup
[12.745s] [ext: omni.videoencoding-0.1.2] startup
[12.759s] [ext: isaacsim.core.api-4.8.0] startup
[12.818s] [ext: isaacsim.core.experimental.utils-0.3.0] startup
[12.829s] [ext: omni.replicator.core-1.12.27] startup
2026-04-26T23:30:08Z [12,622ms] [Warning] [pxr.Semantics] pxr.Semantics is deprecated - please use Semantics instead
2026-04-26T23:30:08Z [13,091ms] [Warning] [omni.graph.core.plugin] Found duplicate of category 'Replicator' - was 'Annotators', adding 'Fabric Reader'
2026-04-26T23:30:08Z [13,091ms] [Warning] [omni.graph.core.plugin] Category 'Replicator' not accepted on node type 'omni.replicator.core.FabricReader' in extension 'omni.replicator.core'
2026-04-26T23:30:08Z [13,094ms] [Warning] [omni.replicator.core.scripts.extension] No material configuration file, adding configuration to material settings directly.
[13.363s] [ext: isaacsim.core.experimental.prims-0.8.1] startup
[13.419s] [ext: omni.kit.window.extensions-1.4.27] startup
[13.443s] [ext: isaacsim.core.experimental.objects-0.4.0] startup
[13.463s] [ext: omni.ui_query-1.1.8] startup
[13.467s] [ext: omni.kit.manipulator.viewport-107.0.1] startup
[13.471s] [ext: isaacsim.robot.surface_gripper-3.3.1] startup
[13.487s] [ext: omni.kit.ui_test-1.3.7] startup
[13.496s] [ext: omni.graph.visualization.nodes-2.1.3] startup
[13.527s] [ext: isaacsim.robot_motion.lula-4.0.8] startup
[13.589s] [ext: isaacsim.core.nodes-3.4.3] startup
[13.621s] [ext: isaacsim.gui.components-1.2.1] startup
[13.639s] [ext: isaacsim.robot_motion.motion_generation-8.0.26] startup
[13.669s] [ext: isaacsim.robot.manipulators-3.3.6] startup
[13.682s] [ext: isaacsim.core.experimental.materials-0.4.0] startup
[13.705s] [ext: isaacsim.robot.manipulators.examples-1.1.2] startup
[13.707s] [ext: isaacsim.cortex.framework-1.0.12] startup
[13.714s] [ext: isaacsim.cortex.behaviors-2.0.14] startup
[13.716s] [ext: omni.isaac.cortex.sample_behaviors-2.0.5] startup
2026-04-26T23:30:08Z [13,456ms] [Warning] [omni.isaac.cortex] omni.isaac.cortex has been deprecated in favor of isaacsim.cortex.framework. Please update your code accordingly.
2026-04-26T23:30:08Z [13,461ms] [Warning] [omni.isaac.cortex.sample_behaviors] omni.isaac.cortex.sample_behaviors has been deprecated in favor of isaacsim.cortex.behaviors. Please update your code accordingly.
[13.728s] [ext: omni.kit.widget.zoombar-1.0.6] startup
[13.740s] [ext: isaacsim.gui.content_browser-0.1.11] startup
[13.751s] [ext: omni.kit.browser.core-2.3.13] startup
[13.789s] [ext: omni.kit.widget.stage_icons-1.0.8] startup
[13.796s] [ext: omni.kit.widget.prompt-1.0.7] startup
[13.802s] [ext: omni.kit.usd.collect-2.4.5] startup
[13.814s] [ext: omni.kit.browser.folder.core-1.10.9] startup
[13.869s] [ext: omni.kit.window.stage-2.6.1] startup
[13.883s] [ext: omni.kit.usdz_export-1.0.9] startup
[13.889s] [ext: omni.kit.tool.collect-2.2.18] startup
[13.901s] [ext: omni.kit.menu.stage-1.2.7] startup
[13.904s] [ext: omni.kit.tool.asset_importer-4.3.2] startup
[13.954s] [ext: isaacsim.robot.wheeled_robots-4.0.24] startup
[14.014s] [ext: isaacsim.examples.browser-0.2.1] startup
[14.037s] [ext: isaacsim.asset.importer.urdf-2.4.30] startup
[14.409s] [ext: omni.isaac.wheeled_robots-3.0.7] startup
2026-04-26T23:30:09Z [14,145ms] [Warning] [omni.isaac.wheeled_robots] omni.isaac.wheeled_robots has been deprecated in favor of isaacsim.robot.wheeled_robots. Please update your code accordingly.
2026-04-26T23:30:09Z [14,146ms] [Warning] [omni.isaac.wheeled_robots.controllers] omni.isaac.wheeled_robots has been deprecated in favor of isaacsim.robot.wheeled_robots. Please update your code accordingly.
2026-04-26T23:30:09Z [14,149ms] [Warning] [omni.isaac.wheeled_robots.controllers.ackermann_controller] omni.isaac.wheeled_robots has been deprecated in favor of isaacsim.robot.wheeled_robots. Please update your code accordingly.
2026-04-26T23:30:09Z [14,151ms] [Warning] [omni.isaac.wheeled_robots.controllers.differential_controller] omni.isaac.wheeled_robots has been deprecated in favor of isaacsim.robot.wheeled_robots. Please update your code accordingly.
2026-04-26T23:30:09Z [14,153ms] [Warning] [omni.isaac.wheeled_robots.controllers.holonomic_controller] omni.isaac.wheeled_robots has been deprecated in favor of isaacsim.robot.wheeled_robots. Please update your code accordingly.
2026-04-26T23:30:09Z [14,153ms] [Warning] [omni.isaac.wheeled_robots.controllers.quintic_path_planner] omni.isaac.wheeled_robots has been deprecated in favor of isaacsim.robot.wheeled_robots. Please update your code accordingly.
2026-04-26T23:30:09Z [14,154ms] [Warning] [omni.isaac.wheeled_robots.controllers.stanley_control] omni.isaac.wheeled_robots has been deprecated in favor of isaacsim.robot.wheeled_robots. Please update your code accordingly.
2026-04-26T23:30:09Z [14,155ms] [Warning] [omni.isaac.wheeled_robots.controllers.wheel_base_pose_controller] omni.isaac.wheeled_robots has been deprecated in favor of isaacsim.robot.wheeled_robots. Please update your code accordingly.
2026-04-26T23:30:09Z [14,155ms] [Warning] [omni.isaac.wheeled_robots.impl] omni.isaac.wheeled_robots has been deprecated in favor of isaacsim.robot.wheeled_robots. Please update your code accordingly.
2026-04-26T23:30:09Z [14,156ms] [Warning] [omni.isaac.wheeled_robots.robots] omni.isaac.wheeled_robots has been deprecated in favor of isaacsim.robot.wheeled_robots. Please update your code accordingly.
2026-04-26T23:30:09Z [14,156ms] [Warning] [omni.isaac.wheeled_robots.robots.holonomic_robot_usd_setup] omni.isaac.wheeled_robots has been deprecated in favor of isaacsim.robot.wheeled_robots. Please update your code accordingly.
2026-04-26T23:30:09Z [14,157ms] [Warning] [omni.isaac.wheeled_robots.robots.wheeled_robot] omni.isaac.wheeled_robots has been deprecated in favor of isaacsim.robot.wheeled_robots. Please update your code accordingly.
[14.423s] [ext: isaacsim.simulation_app-2.12.2] startup
[14.426s] [ext: omni.isaac.franka-1.0.7] startup
2026-04-26T23:30:09Z [14,162ms] [Warning] [omni.isaac.franka] omni.isaac.franka has been deprecated in favor of isaacsim.robot.manipulators.examples.franka. Please update your code accordingly.
2026-04-26T23:30:09Z [14,162ms] [Warning] [omni.isaac.franka.franka] omni.isaac.franka has been deprecated in favor of isaacsim.robot.manipulators.examples.franka. Please update your code accordingly.
2026-04-26T23:30:09Z [14,182ms] [Warning] [omni.isaac.franka.kinematics_solver] omni.isaac.franka has been deprecated in favor of isaacsim.robot.manipulators.examples.franka. Please update your code accordingly.
[14.448s] [ext: omni.isaac.kit-2.0.6] startup
2026-04-26T23:30:09Z [14,185ms] [Warning] [omni.isaac.kit] omni.isaac.kit has been deprecated in favor of isaacsim.simulation_app. Please update your code accordingly.
[14.451s] [ext: omni.kit.selection-0.1.6] startup
[14.454s] [ext: omni.isaac.lula-4.0.6] startup
2026-04-26T23:30:09Z [14,189ms] [Warning] [omni.isaac.lula] omni.isaac.lula has been deprecated in favor of isaacsim.robot_motion.lula. Please update your code accordingly.
[14.456s] [ext: isaacsim.robot_motion.lula_test_widget-1.0.12] startup
[14.461s] [ext: isaacsim.asset.browser-1.3.23] startup
[15.050s] [ext: omni.kit.viewport.actions-107.0.2] startup
[15.058s] [ext: isaacsim.gui.menu-2.4.4] startup
[15.075s] [ext: omni.isaac.manipulators-3.0.7] startup
2026-04-26T23:30:10Z [14,812ms] [Warning] [omni.isaac.manipulators] omni.isaac.manipulators has been deprecated in favor of isaacsim.robot.manipulators. Please update your code accordingly.
2026-04-26T23:30:10Z [14,813ms] [Warning] [omni.isaac.manipulators.controllers] omni.isaac.manipulators has been deprecated in favor of isaacsim.robot.manipulators. Please update your code accordingly.
2026-04-26T23:30:10Z [14,815ms] [Warning] [omni.isaac.manipulators.controllers.pick_place_controller] omni.isaac.manipulators has been deprecated in favor of isaacsim.robot.manipulators. Please update your code accordingly.
2026-04-26T23:30:10Z [14,817ms] [Warning] [omni.isaac.manipulators.controllers.stacking_controller] omni.isaac.manipulators has been deprecated in favor of isaacsim.robot.manipulators. Please update your code accordingly.
2026-04-26T23:30:10Z [14,818ms] [Warning] [omni.isaac.manipulators.grippers] omni.isaac.manipulators has been deprecated in favor of isaacsim.robot.manipulators. Please update your code accordingly.
2026-04-26T23:30:10Z [14,819ms] [Warning] [omni.isaac.manipulators.grippers.gripper] omni.isaac.manipulators has been deprecated in favor of isaacsim.robot.manipulators. Please update your code accordingly.
2026-04-26T23:30:10Z [14,819ms] [Warning] [omni.isaac.manipulators.grippers.parallel_gripper] omni.isaac.manipulators has been deprecated in favor of isaacsim.robot.manipulators. Please update your code accordingly.
2026-04-26T23:30:10Z [14,820ms] [Warning] [omni.isaac.manipulators.grippers.surface_gripper] omni.isaac.manipulators has been deprecated in favor of isaacsim.robot.manipulators. Please update your code accordingly.
2026-04-26T23:30:10Z [14,821ms] [Warning] [omni.isaac.manipulators.manipulators] omni.isaac.manipulators has been deprecated in favor of isaacsim.robot.manipulators. Please update your code accordingly.
2026-04-26T23:30:10Z [14,821ms] [Warning] [omni.isaac.manipulators.manipulators.single_manipulator] omni.isaac.manipulators has been deprecated in favor of isaacsim.robot.manipulators. Please update your code accordingly.
[15.088s] [ext: omni.isaac.lula_test_widget-1.0.6] startup
2026-04-26T23:30:10Z [14,825ms] [Warning] [omni.isaac.lula_test_widget] omni.isaac.lula_test_widget has been deprecated in favor of isaacsim.robot_motion.lula_test_widget. Please update your code accordingly.
[15.090s] [ext: omni.isaac.asset_browser-1.0.6] startup
2026-04-26T23:30:10Z [14,827ms] [Warning] [omni.isaac.asset_browser] omni.isaac.asset_browser has been deprecated in favor of isaacsim.asset.browser. Please update your code accordingly.
[15.093s] [ext: omni.kit.viewport.menubar.display-107.0.3] startup
[15.101s] [ext: omni.isaac.menu-1.0.6] startup
2026-04-26T23:30:10Z [14,836ms] [Warning] [omni.isaac.menu] omni.isaac.menu has been deprecated in favor of isaacsim.gui.menu. Please update your code accordingly.
[15.103s] [ext: omni.isaac.motion_generation-8.0.7] startup
2026-04-26T23:30:10Z [14,840ms] [Warning] [omni.isaac.motion_generation] omni.isaac.motion_generation has been deprecated in favor of isaacsim.robot_motion.motion_generation. Please update your code accordingly.
2026-04-26T23:30:10Z [14,841ms] [Warning] [omni.isaac.motion_generation.articulation_kinematics_solver] omni.isaac.motion_generation has been deprecated in favor of isaacsim.robot_motion.motion_generation. Please update your code accordingly.
2026-04-26T23:30:10Z [14,842ms] [Warning] [omni.isaac.motion_generation.articulation_motion_policy] omni.isaac.motion_generation has been deprecated in favor of isaacsim.robot_motion.motion_generation. Please update your code accordingly.
2026-04-26T23:30:10Z [14,842ms] [Warning] [omni.isaac.motion_generation.articulation_trajectory] omni.isaac.motion_generation has been deprecated in favor of isaacsim.robot_motion.motion_generation. Please update your code accordingly.
2026-04-26T23:30:10Z [14,843ms] [Warning] [omni.isaac.motion_generation.kinematics_interface] omni.isaac.motion_generation has been deprecated in favor of isaacsim.robot_motion.motion_generation. Please update your code accordingly.
2026-04-26T23:30:10Z [14,844ms] [Warning] [omni.isaac.motion_generation.lula] omni.isaac.motion_generation has been deprecated in favor of isaacsim.robot_motion.motion_generation. Please update your code accordingly.
2026-04-26T23:30:10Z [14,845ms] [Warning] [omni.isaac.motion_generation.lula.kinematics] omni.isaac.motion_generation has been deprecated in favor of isaacsim.robot_motion.motion_generation. Please update your code accordingly.
2026-04-26T23:30:10Z [14,845ms] [Warning] [omni.isaac.motion_generation.lula.motion_policies] omni.isaac.motion_generation has been deprecated in favor of isaacsim.robot_motion.motion_generation. Please update your code accordingly.
2026-04-26T23:30:10Z [14,846ms] [Warning] [omni.isaac.motion_generation.lula.path_planners] omni.isaac.motion_generation has been deprecated in favor of isaacsim.robot_motion.motion_generation. Please update your code accordingly.
2026-04-26T23:30:10Z [14,846ms] [Warning] [omni.isaac.motion_generation.lula.trajectory_generator] omni.isaac.motion_generation has been deprecated in favor of isaacsim.robot_motion.motion_generation. Please update your code accordingly.
2026-04-26T23:30:10Z [14,847ms] [Warning] [omni.isaac.motion_generation.motion_policy_controller] omni.isaac.motion_generation has been deprecated in favor of isaacsim.robot_motion.motion_generation. Please update your code accordingly.
2026-04-26T23:30:10Z [14,848ms] [Warning] [omni.isaac.motion_generation.motion_policy_interface] omni.isaac.motion_generation has been deprecated in favor of isaacsim.robot_motion.motion_generation. Please update your code accordingly.
2026-04-26T23:30:10Z [14,848ms] [Warning] [omni.isaac.motion_generation.path_planner_visualizer] omni.isaac.motion_generation has been deprecated in favor of isaacsim.robot_motion.motion_generation. Please update your code accordingly.
2026-04-26T23:30:10Z [14,849ms] [Warning] [omni.isaac.motion_generation.path_planning_interface] omni.isaac.motion_generation has been deprecated in favor of isaacsim.robot_motion.motion_generation. Please update your code accordingly.
2026-04-26T23:30:10Z [14,850ms] [Warning] [omni.isaac.motion_generation.trajectory] omni.isaac.motion_generation has been deprecated in favor of isaacsim.robot_motion.motion_generation. Please update your code accordingly.
2026-04-26T23:30:10Z [14,850ms] [Warning] [omni.isaac.motion_generation.world_interface] omni.isaac.motion_generation has been deprecated in favor of isaacsim.robot_motion.motion_generation. Please update your code accordingly.
[15.117s] [ext: omni.isaac.assets_check-0.3.13] startup
2026-04-26T23:30:10Z [14,854ms] [Warning] [omni.isaac.assets_check] omni.isaac.assets_check has been deprecated in favor of isaacsim.asset.browser. Please update your code accordingly.
[15.120s] [ext: isaacsim.gui.sensors.icon-2.0.3] startup
[15.170s] [ext: isaacsim.asset.importer.mjcf-2.5.13] startup
[15.190s] [ext: omni.sensors.nv.common-3.0.0] startup
[15.358s] [ext: isaacsim.sensors.physics-0.4.3] startup
[15.376s] [ext: omni.sensors.net-1.0.0] startup
[15.415s] [ext: omni.isaac.nucleus-1.0.6] startup
2026-04-26T23:30:10Z [15,152ms] [Warning] [omni.isaac.nucleus] omni.isaac.nucleus has been deprecated in favor of isaacsim.storage.native. Please update your code accordingly.
2026-04-26T23:30:10Z [15,152ms] [Warning] [omni.isaac.nucleus.nucleus] omni.isaac.nucleus.nucleus has been deprecated in favor of isaacsim.storage.native. Please update your code accordingly.
2026-04-26T23:30:10Z [15,153ms] [Warning] [omni.ext._impl._internal] Found class `Extension` derived from `omni.ext.IExt` in module: 'omni.isaac.nucleus', but it was imported from other extension: 'c:/transformer-rl-retro-propulsion/env_isaaclab/lib/site-packages/isaacsim/exts/isaacsim.storage.native/isaacsim/storage/native/impl/extension.py', which is not a subpath to: 'c:\transformer-rl-retro-propulsion\env_isaaclab\lib\site-packages\isaacsim\extsdeprecated\omni.isaac.nucleus'. Do not import `IExt` derived class from other extension in your public namespace.
[15.419s] [ext: omni.sensors.nv.materials-2.0.0] startup
[15.453s] [ext: isaacsim.robot.policy.examples-4.1.11] startup
[15.457s] [ext: omni.sensors.nv.wpm-3.0.0] startup
[15.475s] [ext: omni.sensors.nv.lidar-3.0.0] startup
[15.540s] [ext: isaacsim.util.debug_draw-3.1.0] startup
[15.554s] [ext: omni.sensors.nv.radar-3.0.0] startup
[15.586s] [ext: omni.sensors.nv.ids-2.0.0] startup
[15.597s] [ext: isaacsim.core.cloner-1.4.10] startup
[15.606s] [ext: isaacsim.sensors.physx-2.3.2] startup
[15.623s] [ext: isaacsim.sensors.rtx-15.8.4] startup
[15.649s] [ext: isaacsim.sensors.camera-1.3.6] startup
[15.662s] [ext: omni.isaac.quadruped-3.0.7] startup
2026-04-26T23:30:10Z [15,399ms] [Warning] [omni.isaac.quadruped] omni.isaac.quadruped has been deprecated in favor of isaacsim.robot.policy.examples. Please update your code accordingly.
[15.666s] [ext: omni.isaac.cloner-1.0.7] startup
2026-04-26T23:30:10Z [15,404ms] [Warning] [omni.isaac.cloner] omni.isaac.cloner has been deprecated in favor of isaacsim.core.cloner. Please update your code accordingly.
[15.671s] [ext: omni.isaac.range_sensor-4.0.6] startup
2026-04-26T23:30:10Z [15,408ms] [Warning] [omni.isaac.range_sensor] omni.isaac.range_sensor has been deprecated in favor of isaacsim.sensors.physx. Please update your code accordingly.
2026-04-26T23:30:10Z [15,409ms] [Warning] [omni.isaac.range_sensor.commands] omni.isaac.range_sensor.commands has been deprecated in favor of isaacsim.sensors.physx.commands. Please update your code accordingly.
[15.675s] [ext: omni.isaac.sensor-13.0.7] startup
2026-04-26T23:30:10Z [15,413ms] [Warning] [omni.isaac.sensor] omni.isaac.sensor has been deprecated in favor of isaacsim.sensors.camera, isaacsim.sensors.physics, isaacsim.sensors.physx, and isaacsim.sensors.rtx. Please update your code accordingly.
2026-04-26T23:30:10Z [15,414ms] [Warning] [omni.isaac.sensor.camera] omni.isaac.sensor.camera has been deprecated in favor of isaacsim.sensors.camera.camera. Please update your code accordingly.
2026-04-26T23:30:10Z [15,414ms] [Warning] [omni.isaac.sensor.camera_view] omni.isaac.sensor.camera_view has been deprecated in favor of isaacsim.sensors.camera.camera_view. Please update your code accordingly.
2026-04-26T23:30:10Z [15,415ms] [Warning] [omni.isaac.sensor.commands] omni.isaac.sensor.commands has been deprecated in favor of isaacsim.sensors.physics.commands, isaacsim.sensors.physx.commands, and isaacsim.sensors.rtx.commands. Please update your code accordingly.
2026-04-26T23:30:10Z [15,416ms] [Warning] [omni.isaac.sensor.contact_sensor] omni.isaac.sensor.contact_sensor has been deprecated in favor of isaacsim.sensors.physics.contact_sensor. Please update your code accordingly.
2026-04-26T23:30:10Z [15,416ms] [Warning] [omni.isaac.sensor.imu_sensor] omni.isaac.sensor.imu_sensor has been deprecated in favor of isaacsim.sensors.physics.imu_sensor. Please update your code accordingly.
2026-04-26T23:30:10Z [15,417ms] [Warning] [omni.isaac.sensor.lidar_rtx] omni.isaac.sensor.lidar_rtx has been deprecated in favor of isaacsim.sensors.rtx.lidar_rtx. Please update your code accordingly.
2026-04-26T23:30:10Z [15,417ms] [Warning] [omni.isaac.sensor.rotating_lidar_physX] omni.isaac.sensor.imu_sensor has been deprecated in favor of isaacsim.sensors.physix.rotating_lidar_physX. Please update your code accordingly.
2026-04-26T23:30:10Z [15,419ms] [Warning] [omni.isaac.sensor.scripts.samples.contact_sensor] omni.isaac.sensor.scripts.samples.contact_sensor has been deprecated in favor of isaacsim.sensors.physics.scripts.samples.contact_sensor. Please update your code accordingly.
2026-04-26T23:30:10Z [15,420ms] [Warning] [omni.isaac.sensor.scripts.samples.imu_sensor] omni.isaac.sensor.scripts.samples.imu_sensor has been deprecated in favor of isaacsim.sensors.physics.scripts.samples.imu_sensor. Please update your code accordingly.
2026-04-26T23:30:10Z [15,421ms] [Warning] [omni.isaac.sensor.scripts.samples.lightbeam_sensor] omni.isaac.sensor.scripts.samples.lightbeam_sensor has been deprecated in favor of isaacsim.sensors.physx.scripts.samples.lightbeam_sensor. Please update your code accordingly.
[15.687s] [ext: omni.kit.menu.create-2.0.1] startup
[15.692s] [ext: omni.kit.widget.toolbar-2.0.1] startup
[15.721s] [ext: omni.kit.manipulator.transform-107.0.0] startup
[15.732s] [ext: omni.isaac.core-4.0.7] startup
2026-04-26T23:30:10Z [15,469ms] [Warning] [omni.isaac.core.physics_context.physics_context] omni.isaac.core.physics_context.physics_context has been deprecated in favor of isaacsim.core.api.physics_context.physics_context. Please update your code accordingly.
2026-04-26T23:30:10Z [15,470ms] [Warning] [omni.isaac.core.simulation_context.simulation_context] omni.isaac.core.simulation_context.simulation_context has been deprecated in favor of isaacsim.core.api.simulation_context.simulation_context. Please update your code accordingly.
2026-04-26T23:30:10Z [15,470ms] [Warning] [omni.isaac.core.world.world] omni.isaac.core.world.world has been deprecated in favor of isaacsim.core.api.world.world. Please update your code accordingly.
2026-04-26T23:30:10Z [15,471ms] [Warning] [omni.isaac.core] omni.isaac.core has been deprecated in favor of isaacsim.core.api. Please update your code accordingly.
[15.737s] [ext: omni.kit.scripting-107.3.2] startup
[15.751s] [ext: omni.kit.manipulator.tool.snap-1.5.13] startup
[15.766s] [ext: omni.kit.manipulator.selector-1.1.3] startup
[15.771s] [ext: isaacsim.app.about-2.0.11] startup
[15.798s] [ext: isaacsim.replicator.behavior-1.1.16] startup
[15.800s] [ext: omni.kit.viewport.manipulator.transform-107.0.4] startup
[15.806s] [ext: omni.isaac.window.about-2.0.7] startup
2026-04-26T23:30:11Z [15,547ms] [Warning] [omni.isaac.window.about] omni.isaac.window.about has been deprecated in favor of isaacsim.app.about. Please update your code accordingly.
2026-04-26T23:30:11Z [15,547ms] [Warning] [omni.isaac.window.about.about] omni.isaac.window.about.about has been deprecated in favor of isaacsim.app.about.about. Please update your code accordingly.
[15.814s] [ext: omni.fabric.commands-1.1.6] startup
[15.822s] [ext: omni.kit.manipulator.prim.core-107.0.8] startup
[15.840s] [ext: omni.kit.property.audio-1.0.16] startup
[15.844s] [ext: omni.kit.property.camera-1.0.10] startup
[15.847s] [ext: omni.kit.property.geometry-2.0.4] startup
[15.856s] [ext: omni.hydra.scene_api-0.1.2] startup
[15.866s] [ext: omni.kit.property.light-1.0.12] startup
[15.886s] [ext: omni.kit.manipulator.prim.fabric-107.0.4] startup
[15.891s] [ext: omni.kit.manipulator.prim.usd-107.0.3] startup
[15.894s] [ext: omni.kit.property.material-1.11.9] startup
[15.918s] [ext: omni.kit.property.render-1.2.1] startup
[15.921s] [ext: omni.kit.property.transform-1.5.13] startup
[15.930s] [ext: isaacsim.gui.property-1.1.3] startup
[15.937s] [ext: omni.kit.manipulator.camera-106.0.4] startup
[15.948s] [ext: omni.kit.manipulator.prim-107.0.0] startup
[15.948s] [ext: omni.isaac.surface_gripper-2.0.6] startup
2026-04-26T23:30:11Z [15,683ms] [Warning] [omni.isaac.surface_gripper] omni.isaac.surface_gripper has been deprecated in favor of isaacsim.robot.surface_gripper. Please update your code accordingly.
2026-04-26T23:30:11Z [15,683ms] [Warning] [omni.ext._impl._internal] Found class `Extension` derived from `omni.ext.IExt` in module: 'omni.isaac.surface_gripper', but it was imported from other extension: 'c:/transformer-rl-retro-propulsion/env_isaaclab/lib/site-packages/isaacsim/exts/isaacsim.robot.surface_gripper/isaacsim/robot/surface_gripper/impl/extension.py', which is not a subpath to: 'c:\transformer-rl-retro-propulsion\env_isaaclab\lib\site-packages\isaacsim\extsdeprecated\omni.isaac.surface_gripper'. Do not import `IExt` derived class from other extension in your public namespace.
[15.950s] [ext: omni.kit.manipulator.selection-106.0.1] startup
[15.957s] [ext: omni.kit.property.bundle-1.4.1] startup
[15.961s] [ext: omni.kit.property.isaac-1.0.6] startup
2026-04-26T23:30:11Z [15,697ms] [Warning] [omni.kit.property.isaac] omni.kit.property.isaac has been deprecated in favor of isaacsim.gui.property. Please update your code accordingly.
2026-04-26T23:30:11Z [15,698ms] [Warning] [omni.kit.property.isaac.widgets] omni.kit.property.isaac.widgets has been deprecated in favor of isaacsim.gui.property.widgets. Please update your code accordingly.
[15.964s] [ext: omni.isaac.universal_robots-1.0.6] startup
2026-04-26T23:30:11Z [15,700ms] [Warning] [omni.isaac.universal_robots] omni.isaac.universal_robots has been deprecated in favor of isaacsim.robot.manipulators.examples.universal_robots. Please update your code accordingly.
2026-04-26T23:30:11Z [15,701ms] [Warning] [omni.isaac.universal_robots.kinematics_solver] omni.isaac.franka has been deprecated in favor of isaacsim.robot.manipulators.examples.universal_robots. Please update your code accordingly.
2026-04-26T23:30:11Z [15,705ms] [Warning] [omni.isaac.universal_robots.ur10] omni.isaac.franka has been deprecated in favor of isaacsim.robot.manipulators.examples.universal_robots. Please update your code accordingly.
[15.971s] [ext: omni.isaac.core_nodes-2.0.6] startup
2026-04-26T23:30:11Z [15,711ms] [Warning] [omni.isaac.core_nodes] omni.isaac.core_nodes has been deprecated in favor of isaacsim.core.nodes. Please update your code accordingly.
[15.977s] [ext: omni.kit.viewport.menubar.camera-107.0.6] startup
[15.995s] [ext: omni.kit.viewport.menubar.lighting-107.3.1] startup
[16.002s] [ext: isaacsim.replicator.writers-1.0.17] startup
[16.048s] [ext: omni.kit.viewport.menubar.render-107.0.10] startup
[16.061s] [ext: omni.kit.viewport.menubar.settings-107.0.3] startup
[16.075s] [ext: omni.kit.window.console-1.1.4] startup
[16.092s] [ext: isaacsim.replicator.domain_randomization-1.0.16] startup
[16.100s] [ext: isaacsim.replicator.examples-1.3.6] startup
[16.104s] [ext: omni.ocio-0.1.1] startup
[16.114s] [ext: omni.rtx.window.settings-0.6.19] startup
[16.130s] [ext: omni.kit.window.status_bar-0.1.9] startup
[16.139s] [ext: omni.kit.window.toolbar-2.0.0] startup
[16.145s] [ext: omni.replicator.isaac-2.0.8] startup
2026-04-26T23:30:11Z [15,882ms] [Warning] [omni.replicator.isaac] omni.replicator.isaac has been deprecated in favor of isaacsim.replicator.domain_randomization, isaacsim.replicator.examples, isaacsim.replicator.writers. Please update your code accordingly.
[16.150s] [ext: omni.replicator.replicator_yaml-2.0.11] startup
[16.193s] [ext: omni.rtx.settings.core-0.6.5] startup
[16.204s] [ext: omni.usd.metrics.assembler.ui-107.3.1] startup
[16.219s] [ext: omni.isaac.utils-2.0.6] startup
[16.223s] [ext: semantics.schema.editor-2.0.2] startup
[16.231s] [ext: omni.kit.ui.actions-1.0.5] startup
[16.235s] [ext: semantics.schema.property-2.0.1] startup
[16.240s] [ext: omni.isaac.version-2.0.7] startup
2026-04-26T23:30:11Z [15,976ms] [Warning] [omni.isaac.version] omni.isaac.version has been deprecated in favor of isaacsim.core.version. Please update your code accordingly.
[16.242s] [ext: omni.isaac.cortex-1.0.5] startup
[16.244s] [ext: omni.anim.curve.core-1.3.1] startup
[16.273s] [ext: isaacsim.core.throttling-2.2.2] startup
[16.281s] [ext: omni.kit.menu.common-2.0.1] startup
[16.286s] [ext: isaacsim.exp.base-5.1.0] startup
[16.287s] [ext: isaacsim.exp.base.python-5.1.0] startup
[16.291s] Simulation App Starting
2026-04-26T23:30:12Z [17,025ms] [Warning] [omni.fabric.plugin] Warning: attribute overrideClipRange not found for bucket id 9

[17.310s] app ready
Starting kit application with the following args:  ['C:\\Transformer-rl-retro-propulsion\\env_isaaclab\\Lib\\site-packages\\isaacsim\\exts\\isaacsim.simulation_app\\isaacsim\\simulation_app\\simulation_app.py', 'C:\\Transformer-rl-retro-propulsion\\env_isaaclab\\Lib\\site-packages\\isaacsim\\apps/isaacsim.exp.base.python.kit', '--/app/tokens/exe-path=C:\\Transformer-rl-retro-propulsion\\env_isaaclab\\Lib\\site-packages\\isaacsim\\kit', '--/persistent/app/viewport/displayOptions=3094', '--/rtx/materialDb/syncLoads=True', '--/rtx/hydra/materialSyncLoads=True', '--/omni.kit.plugin/syncUsdLoads=True', '--/app/renderer/resolution/width=1280', '--/app/renderer/resolution/height=720', '--/app/window/width=1440', '--/app/window/height=900', '--/renderer/multiGpu/enabled=True', '--/app/fastShutdown=True', '--/app/installSignalHandlers=0', '--ext-folder', 'C:\\Transformer-rl-retro-propulsion\\env_isaaclab\\Lib\\site-packages\\isaacsim/exts', '--ext-folder', 'C:\\Transformer-rl-retro-propulsion\\env_isaaclab\\Lib\\site-packages\\isaacsim/apps', '--/physics/cudaDevice=0', '--/plugins/carb.tasking.plugin/threadCount=24', '--/plugins/omni.tbb.globalcontrol/maxThreadCount=24', '--portable', '--no-window', '--/app/window/hideUi=1']
Passing the following args to the base kit application:  ['--task', 'landing', '--total-steps', '5000000', '--eval-interval', '250000', '--save-interval', '250000', '--eval-seconds', '30.0', '--max-wall-time', '7200', '--headless']
Warp 1.8.2 initialized:
   CUDA Toolkit 12.8, Driver 13.0
   Devices:
     "cpu"      : "AMD64 Family 26 Model 68 Stepping 0, AuthenticAMD"
     "cuda:0"   : "NVIDIA GeForce RTX 5070" (12 GiB, sm_120, mempool enabled)
   Kernel cache:
     C:\Users\tngzj\AppData\Local\NVIDIA\warp\Cache\1.8.2
Warp DeprecationWarning: The `warp.sim` module is deprecated and will be removed in v1.10. Please transition to using the forthcoming Newton library instead.

[36m===================================================================================================================[0m
[36m[1m[INFO][IsaacLab]: Logging to file: C:\Users\tngzj\AppData\Local\Temp\isaaclab\logs\isaaclab_2026-04-26_18-30-16.log[0m
[36m===================================================================================================================[0m

{"type":"train_update","update":1,"global_step":16384,"wall_s":9.13,"sps":1794.2,"loss":2080.19173,"loss_ema":2080.19173,"loss_plateau_delta":null,"loss_plateau_count":0,"pg_loss":-0.002673,"v_loss":4160.40976,"entropy":2.098239,"approx_kl":0.003154,"clipfrac":0.031,"reward_mean":-4.9666,"reward_std":25.9234,"reward_min":-206.4088,"reward_max":298.04,"reward_scale":1.0,"throttle_mean":0.7575,"throttle_min":0.1446,"throttle_max":0.9883}
step=16,384 reward_mean=-4.967 kl=0.00315 clipfrac=0.031 eval={'landed_fraction': 1.0, 'crashed_fraction': 1.0, 'mean_touchdown_speed': 0.026303868740797043, 'max_touchdown_speed': 0.47172272205352783, 'mean_pad_distance': 2.0201172828674316, 'max_pad_distance': 4.36656379699707, 'mean_delta_v_proxy': 15.77525520324707, 'mean_eval_throttle': 0.7837406982978184, 'max_eval_throttle': 0.7982797622680664, 'max_upward_speed': 1.4485054016113281, 'max_downward_speed': 9.184039115905762, 'passed': False}
{"type":"train_update","update":2,"global_step":32768,"wall_s":65.82,"sps":497.8,"loss":2131.718662,"loss_ema":2090.497117,"loss_plateau_delta":10.305386,"loss_plateau_count":0,"pg_loss":-0.002096,"v_loss":4263.46254,"entropy":2.105248,"approx_kl":0.003259,"clipfrac":0.0384,"reward_mean":-4.9185,"reward_std":26.4125,"reward_min":-206.3558,"reward_max":282.157,"reward_scale":1.0,"throttle_mean":0.7634,"throttle_min":0.1493,"throttle_max":0.9862}
{"type":"train_update","update":3,"global_step":49152,"wall_s":72.7,"sps":676.1,"loss":2735.597435,"loss_ema":2219.51718,"loss_plateau_delta":129.020064,"loss_plateau_count":0,"pg_loss":-0.001558,"v_loss":5471.21907,"entropy":2.109764,"approx_kl":0.005015,"clipfrac":0.0207,"reward_mean":-6.19,"reward_std":32.1531,"reward_min":-206.7594,"reward_max":318.1349,"reward_scale":1.0,"throttle_mean":0.7625,"throttle_min":0.2019,"throttle_max":0.9897}
{"type":"train_update","update":4,"global_step":65536,"wall_s":80.29,"sps":816.3,"loss":2677.331757,"loss_ema":2311.080096,"loss_plateau_delta":91.562915,"loss_plateau_count":0,"pg_loss":-0.001567,"v_loss":5354.687744,"entropy":2.110384,"approx_kl":0.004185,"clipfrac":0.025,"reward_mean":-6.278,"reward_std":31.5197,"reward_min":-207.1174,"reward_max":316.2537,"reward_scale":1.0,"throttle_mean":0.7637,"throttle_min":0.1929,"throttle_max":0.9887}
{"type":"train_update","update":5,"global_step":81920,"wall_s":86.77,"sps":944.1,"loss":2657.067711,"loss_ema":2380.277619,"loss_plateau_delta":69.197523,"loss_plateau_count":0,"pg_loss":-0.0034,"v_loss":5314.163376,"entropy":2.110497,"approx_kl":0.005901,"clipfrac":0.039,"reward_mean":-6.1173,"reward_std":31.7548,"reward_min":-207.1337,"reward_max":295.4579,"reward_scale":1.0,"throttle_mean":0.7676,"throttle_min":0.1917,"throttle_max":0.9838}
{"type":"train_update","update":6,"global_step":98304,"wall_s":92.9,"sps":1058.2,"loss":2632.540901,"loss_ema":2430.730275,"loss_plateau_delta":50.452656,"loss_plateau_count":0,"pg_loss":-0.001649,"v_loss":5265.106201,"entropy":2.11286,"approx_kl":0.00333,"clipfrac":0.0256,"reward_mean":-5.5273,"reward_std":31.8335,"reward_min":-207.4555,"reward_max":309.0402,"reward_scale":1.0,"throttle_mean":0.7689,"throttle_min":0.1725,"throttle_max":0.9844}
{"type":"train_update","update":7,"global_step":114688,"wall_s":101.15,"sps":1133.9,"loss":2655.135155,"loss_ema":2475.611251,"loss_plateau_delta":44.880976,"loss_plateau_count":0,"pg_loss":-0.001056,"v_loss":5310.293518,"entropy":2.112193,"approx_kl":0.004794,"clipfrac":0.0144,"reward_mean":-5.8093,"reward_std":31.7064,"reward_min":-207.222,"reward_max":295.3221,"reward_scale":1.0,"throttle_mean":0.7659,"throttle_min":0.1973,"throttle_max":0.9785}
{"type":"train_update","update":8,"global_step":131072,"wall_s":107.93,"sps":1214.4,"loss":2612.61306,"loss_ema":2503.011613,"loss_plateau_delta":27.400362,"loss_plateau_count":0,"pg_loss":-0.001672,"v_loss":5225.250595,"entropy":2.109728,"approx_kl":0.003627,"clipfrac":0.0169,"reward_mean":-5.6467,"reward_std":31.8832,"reward_min":-207.3307,"reward_max":313.2916,"reward_scale":1.0,"throttle_mean":0.775,"throttle_min":0.2059,"throttle_max":0.9889}
{"type":"train_update","update":9,"global_step":147456,"wall_s":114.44,"sps":1288.5,"loss":2622.98745,"loss_ema":2527.00678,"loss_plateau_delta":23.995167,"loss_plateau_count":0,"pg_loss":-0.002136,"v_loss":5246.000275,"entropy":2.109868,"approx_kl":0.004357,"clipfrac":0.0207,"reward_mean":-5.5782,"reward_std":31.6895,"reward_min":-206.9743,"reward_max":308.1626,"reward_scale":1.0,"throttle_mean":0.7762,"throttle_min":0.1329,"throttle_max":0.9884}
{"type":"train_update","update":10,"global_step":163840,"wall_s":121.79,"sps":1345.2,"loss":2647.537193,"loss_ema":2551.112863,"loss_plateau_delta":24.106083,"loss_plateau_count":0,"pg_loss":-0.001334,"v_loss":5295.098175,"entropy":2.113352,"approx_kl":0.003931,"clipfrac":0.0124,"reward_mean":-5.1329,"reward_std":32.1581,"reward_min":-206.0373,"reward_max":310.9951,"reward_scale":1.0,"throttle_mean":0.7788,"throttle_min":0.185,"throttle_max":0.9879}
{"type":"train_update","update":11,"global_step":180224,"wall_s":128.92,"sps":1397.9,"loss":2591.859543,"loss_ema":2559.262199,"loss_plateau_delta":8.149336,"loss_plateau_count":0,"pg_loss":-0.00189,"v_loss":5183.744034,"entropy":2.116259,"approx_kl":0.005902,"clipfrac":0.0226,"reward_mean":-4.9387,"reward_std":31.6947,"reward_min":-206.7623,"reward_max":306.2992,"reward_scale":1.0,"throttle_mean":0.7794,"throttle_min":0.1508,"throttle_max":0.9881}
{"type":"train_update","update":12,"global_step":196608,"wall_s":135.55,"sps":1450.5,"loss":2620.581444,"loss_ema":2571.526048,"loss_plateau_delta":12.263849,"loss_plateau_count":0,"pg_loss":-0.002056,"v_loss":5241.188217,"entropy":2.121187,"approx_kl":0.005815,"clipfrac":0.0241,"reward_mean":-4.7118,"reward_std":32.2928,"reward_min":-207.012,"reward_max":323.008,"reward_scale":1.0,"throttle_mean":0.7766,"throttle_min":0.2116,"throttle_max":0.9866}
{"type":"train_update","update":13,"global_step":212992,"wall_s":141.93,"sps":1500.6,"loss":2583.33271,"loss_ema":2573.88738,"loss_plateau_delta":2.361332,"loss_plateau_count":0,"pg_loss":-0.001978,"v_loss":5166.690567,"entropy":2.122816,"approx_kl":0.005802,"clipfrac":0.0285,"reward_mean":-4.8369,"reward_std":32.0283,"reward_min":-205.7939,"reward_max":323.712,"reward_scale":1.0,"throttle_mean":0.7827,"throttle_min":0.1904,"throttle_max":0.9875}
{"type":"train_update","update":14,"global_step":229376,"wall_s":149.99,"sps":1529.3,"loss":2515.2183,"loss_ema":2562.153564,"loss_plateau_delta":11.733816,"loss_plateau_count":0,"pg_loss":-0.001141,"v_loss":5030.46022,"entropy":2.126376,"approx_kl":0.003434,"clipfrac":0.0163,"reward_mean":-4.635,"reward_std":31.8266,"reward_min":-206.3555,"reward_max":299.1335,"reward_scale":1.0,"throttle_mean":0.7826,"throttle_min":0.2226,"throttle_max":0.9891}
{"type":"train_update","update":15,"global_step":245760,"wall_s":156.64,"sps":1569.0,"loss":2667.482986,"loss_ema":2583.219449,"loss_plateau_delta":21.065884,"loss_plateau_count":0,"pg_loss":-0.002806,"v_loss":5334.992859,"entropy":2.127197,"approx_kl":0.005221,"clipfrac":0.021,"reward_mean":-4.4127,"reward_std":32.9066,"reward_min":-204.7905,"reward_max":320.4498,"reward_scale":1.0,"throttle_mean":0.7812,"throttle_min":0.1539,"throttle_max":0.9865}
{"type":"train_update","update":16,"global_step":262144,"wall_s":162.98,"sps":1608.4,"loss":2581.478012,"loss_ema":2582.871161,"loss_plateau_delta":0.348287,"loss_plateau_count":0,"pg_loss":-0.001969,"v_loss":5162.981201,"entropy":2.128316,"approx_kl":0.003272,"clipfrac":0.0181,"reward_mean":-4.6717,"reward_std":31.8227,"reward_min":-205.1064,"reward_max":299.0376,"reward_scale":1.0,"throttle_mean":0.7808,"throttle_min":0.1635,"throttle_max":0.9879}
step=262,144 reward_mean=-4.672 kl=0.00327 clipfrac=0.018 eval={'landed_fraction': 1.0, 'crashed_fraction': 1.0, 'mean_touchdown_speed': 0.019856303930282593, 'max_touchdown_speed': 0.43776434659957886, 'mean_pad_distance': 2.4512393474578857, 'max_pad_distance': 5.544024467468262, 'mean_delta_v_proxy': 16.89485740661621, 'mean_eval_throttle': 0.8084204986360338, 'max_eval_throttle': 0.8459789156913757, 'max_upward_speed': 1.7061402797698975, 'max_downward_speed': 9.034591674804688, 'passed': False}
{"type":"train_update","update":17,"global_step":278528,"wall_s":220.39,"sps":1263.8,"loss":2067.849617,"loss_ema":2479.866852,"loss_plateau_delta":103.004309,"loss_plateau_count":0,"pg_loss":-0.002129,"v_loss":4135.724739,"entropy":2.126558,"approx_kl":0.004327,"clipfrac":0.0289,"reward_mean":-3.7127,"reward_std":27.4736,"reward_min":-204.5118,"reward_max":333.366,"reward_scale":1.0,"throttle_mean":0.7881,"throttle_min":0.2177,"throttle_max":0.9866}
{"type":"train_update","update":18,"global_step":294912,"wall_s":227.02,"sps":1299.1,"loss":2606.914772,"loss_ema":2505.276436,"loss_plateau_delta":25.409584,"loss_plateau_count":0,"pg_loss":-0.001518,"v_loss":5213.853882,"entropy":2.12675,"approx_kl":0.002935,"clipfrac":0.0125,"reward_mean":-4.1662,"reward_std":32.6904,"reward_min":-205.2968,"reward_max":305.252,"reward_scale":1.0,"throttle_mean":0.7859,"throttle_min":0.2068,"throttle_max":0.9854}
{"type":"train_update","update":19,"global_step":311296,"wall_s":233.49,"sps":1333.2,"loss":2599.790588,"loss_ema":2524.179267,"loss_plateau_delta":18.90283,"loss_plateau_count":0,"pg_loss":-0.001449,"v_loss":5199.605362,"entropy":2.127854,"approx_kl":0.003697,"clipfrac":0.017,"reward_mean":-3.3795,"reward_std":33.3642,"reward_min":-205.8341,"reward_max":329.9625,"reward_scale":1.0,"throttle_mean":0.7861,"throttle_min":0.1702,"throttle_max":0.9876}
{"type":"train_update","update":20,"global_step":327680,"wall_s":241.64,"sps":1356.1,"loss":2536.274376,"loss_ema":2526.598289,"loss_plateau_delta":2.419022,"loss_plateau_count":0,"pg_loss":-0.001611,"v_loss":5072.573273,"entropy":2.126579,"approx_kl":0.005818,"clipfrac":0.0152,"reward_mean":-3.5093,"reward_std":32.84,"reward_min":-205.1486,"reward_max":324.2249,"reward_scale":1.0,"throttle_mean":0.7874,"throttle_min":0.1627,"throttle_max":0.9844}
{"type":"train_update","update":21,"global_step":344064,"wall_s":248.31,"sps":1385.6,"loss":2536.035004,"loss_ema":2528.485632,"loss_plateau_delta":1.887343,"loss_plateau_count":0,"pg_loss":-0.001852,"v_loss":5072.094986,"entropy":2.125918,"approx_kl":0.003974,"clipfrac":0.0195,"reward_mean":-4.0907,"reward_std":32.3556,"reward_min":-205.814,"reward_max":298.9788,"reward_scale":1.0,"throttle_mean":0.7883,"throttle_min":0.1807,"throttle_max":0.987}
{"type":"train_update","update":22,"global_step":360448,"wall_s":254.89,"sps":1414.1,"loss":2535.87738,"loss_ema":2529.963981,"loss_plateau_delta":1.47835,"loss_plateau_count":0,"pg_loss":-0.001411,"v_loss":5071.778839,"entropy":2.124449,"approx_kl":0.00389,"clipfrac":0.0168,"reward_mean":-3.9927,"reward_std":32.5187,"reward_min":-205.166,"reward_max":326.9954,"reward_scale":1.0,"throttle_mean":0.7917,"throttle_min":0.1549,"throttle_max":0.988}
{"type":"train_update","update":23,"global_step":376832,"wall_s":262.45,"sps":1435.8,"loss":2525.756279,"loss_ema":2529.122441,"loss_plateau_delta":0.84154,"loss_plateau_count":0,"pg_loss":-0.001845,"v_loss":5051.537476,"entropy":2.12447,"approx_kl":0.003649,"clipfrac":0.0216,"reward_mean":-4.4776,"reward_std":32.0602,"reward_min":-205.4029,"reward_max":291.6957,"reward_scale":1.0,"throttle_mean":0.79,"throttle_min":0.1769,"throttle_max":0.9886}
{"type":"train_update","update":24,"global_step":393216,"wall_s":270.01,"sps":1456.3,"loss":2445.760063,"loss_ema":2512.449965,"loss_plateau_delta":16.672476,"loss_plateau_count":0,"pg_loss":-0.001548,"v_loss":4891.54451,"entropy":2.127022,"approx_kl":0.003344,"clipfrac":0.0184,"reward_mean":-4.3546,"reward_std":31.6909,"reward_min":-205.7877,"reward_max":323.4789,"reward_scale":1.0,"throttle_mean":0.7864,"throttle_min":0.1827,"throttle_max":0.9896}
{"type":"train_update","update":25,"global_step":409600,"wall_s":276.93,"sps":1479.1,"loss":2479.182045,"loss_ema":2505.796381,"loss_plateau_delta":6.653584,"loss_plateau_count":0,"pg_loss":-0.001202,"v_loss":4958.387802,"entropy":2.131042,"approx_kl":0.003595,"clipfrac":0.0111,"reward_mean":-3.5508,"reward_std":32.8718,"reward_min":-205.2073,"reward_max":323.5132,"reward_scale":1.0,"throttle_mean":0.7906,"throttle_min":0.1904,"throttle_max":0.9891}
{"type":"train_update","update":26,"global_step":425984,"wall_s":283.34,"sps":1503.4,"loss":2507.902084,"loss_ema":2506.217522,"loss_plateau_delta":0.421141,"loss_plateau_count":0,"pg_loss":-0.001253,"v_loss":5015.828033,"entropy":2.135586,"approx_kl":0.002657,"clipfrac":0.0141,"reward_mean":-3.8723,"reward_std":32.8207,"reward_min":-205.3479,"reward_max":320.6635,"reward_scale":1.0,"throttle_mean":0.7873,"throttle_min":0.1732,"throttle_max":0.9891}
{"type":"train_update","update":27,"global_step":442368,"wall_s":291.61,"sps":1517.0,"loss":2549.703384,"loss_ema":2514.914694,"loss_plateau_delta":8.697173,"loss_plateau_count":0,"pg_loss":-0.001694,"v_loss":5099.431534,"entropy":2.136695,"approx_kl":0.002985,"clipfrac":0.0055,"reward_mean":-3.2993,"reward_std":33.418,"reward_min":-205.9562,"reward_max":320.6579,"reward_scale":1.0,"throttle_mean":0.7781,"throttle_min":0.1536,"throttle_max":0.9914}
{"type":"train_update","update":28,"global_step":458752,"wall_s":298.23,"sps":1538.2,"loss":2472.775986,"loss_ema":2506.486953,"loss_plateau_delta":8.427742,"loss_plateau_count":0,"pg_loss":-0.001167,"v_loss":4945.575668,"entropy":2.137297,"approx_kl":0.002784,"clipfrac":0.0107,"reward_mean":-3.6282,"reward_std":32.841,"reward_min":-204.989,"reward_max":321.2882,"reward_scale":1.0,"throttle_mean":0.7822,"throttle_min":0.1807,"throttle_max":0.9897}
{"type":"train_update","update":29,"global_step":475136,"wall_s":304.54,"sps":1560.2,"loss":2487.589584,"loss_ema":2502.707479,"loss_plateau_delta":3.779474,"loss_plateau_count":0,"pg_loss":-0.001392,"v_loss":4975.203293,"entropy":2.138213,"approx_kl":0.003282,"clipfrac":0.0044,"reward_mean":-3.4752,"reward_std":33.0496,"reward_min":-204.9922,"reward_max":324.2751,"reward_scale":1.0,"throttle_mean":0.7842,"throttle_min":0.1434,"throttle_max":0.9875}
{"type":"train_update","update":30,"global_step":491520,"wall_s":312.77,"sps":1571.5,"loss":2506.068283,"loss_ema":2503.37964,"loss_plateau_delta":0.672161,"loss_plateau_count":0,"pg_loss":-0.00044,"v_loss":5012.158829,"entropy":2.139147,"approx_kl":0.002942,"clipfrac":0.0056,"reward_mean":-3.5835,"reward_std":32.9987,"reward_min":-204.5473,"reward_max":297.7237,"reward_scale":1.0,"throttle_mean":0.7826,"throttle_min":0.1852,"throttle_max":0.9942}
{"type":"train_update","update":31,"global_step":507904,"wall_s":319.6,"sps":1589.2,"loss":2529.04985,"loss_ema":2508.513682,"loss_plateau_delta":5.134042,"loss_plateau_count":0,"pg_loss":-0.002095,"v_loss":5058.12532,"entropy":2.142599,"approx_kl":0.004194,"clipfrac":0.0142,"reward_mean":-3.4788,"reward_std":33.4074,"reward_min":-205.3449,"reward_max":308.6347,"reward_scale":1.0,"throttle_mean":0.7859,"throttle_min":0.1427,"throttle_max":0.9885}
step=507,904 reward_mean=-3.479 kl=0.00419 clipfrac=0.014 eval={'landed_fraction': 1.0, 'crashed_fraction': 1.0, 'mean_touchdown_speed': 0.031263694167137146, 'max_touchdown_speed': 0.5370416641235352, 'mean_pad_distance': 2.404940605163574, 'max_pad_distance': 7.181507110595703, 'mean_delta_v_proxy': 17.043607711791992, 'mean_eval_throttle': 0.8097695702314377, 'max_eval_throttle': 0.8784326910972595, 'max_upward_speed': 2.4065639972686768, 'max_downward_speed': 9.376103401184082, 'passed': False}
{"type":"train_update","update":32,"global_step":524288,"wall_s":375.43,"sps":1396.5,"loss":2025.660946,"loss_ema":2411.943135,"loss_plateau_delta":96.570547,"loss_plateau_count":0,"pg_loss":-0.001512,"v_loss":4051.346359,"entropy":2.145682,"approx_kl":0.003484,"clipfrac":0.0131,"reward_mean":-3.3212,"reward_std":28.2009,"reward_min":-205.43,"reward_max":318.9567,"reward_scale":1.0,"throttle_mean":0.7882,"throttle_min":0.1758,"throttle_max":0.9889}
{"type":"train_update","update":33,"global_step":540672,"wall_s":383.34,"sps":1410.4,"loss":2454.533951,"loss_ema":2420.461298,"loss_plateau_delta":8.518163,"loss_plateau_count":0,"pg_loss":-0.001327,"v_loss":4909.092072,"entropy":2.146428,"approx_kl":0.004726,"clipfrac":0.0183,"reward_mean":-3.8764,"reward_std":32.2874,"reward_min":-205.0882,"reward_max":305.8692,"reward_scale":1.0,"throttle_mean":0.7849,"throttle_min":0.1458,"throttle_max":0.9855}
{"type":"train_update","update":34,"global_step":557056,"wall_s":390.09,"sps":1428.0,"loss":2523.347137,"loss_ema":2441.038466,"loss_plateau_delta":20.577168,"loss_plateau_count":0,"pg_loss":-0.001599,"v_loss":5046.718918,"entropy":2.146041,"approx_kl":0.003654,"clipfrac":0.0098,"reward_mean":-3.7611,"reward_std":33.0247,"reward_min":-205.3108,"reward_max":296.0755,"reward_scale":1.0,"throttle_mean":0.7844,"throttle_min":0.2248,"throttle_max":0.9882}
{"type":"train_update","update":35,"global_step":573440,"wall_s":396.46,"sps":1446.4,"loss":2475.91082,"loss_ema":2448.012937,"loss_plateau_delta":6.974471,"loss_plateau_count":0,"pg_loss":-0.001018,"v_loss":4951.845154,"entropy":2.147737,"approx_kl":0.004526,"clipfrac":0.0208,"reward_mean":-3.3083,"reward_std":33.2003,"reward_min":-204.8145,"reward_max":321.597,"reward_scale":1.0,"throttle_mean":0.7843,"throttle_min":0.1471,"throttle_max":0.9867}
{"type":"train_update","update":36,"global_step":589824,"wall_s":403.61,"sps":1461.4,"loss":2458.068207,"loss_ema":2450.023991,"loss_plateau_delta":2.011054,"loss_plateau_count":0,"pg_loss":-0.001925,"v_loss":4916.161789,"entropy":2.150402,"approx_kl":0.004113,"clipfrac":0.0114,"reward_mean":-3.5773,"reward_std":32.8692,"reward_min":-205.1522,"reward_max":324.2701,"reward_scale":1.0,"throttle_mean":0.7847,"throttle_min":0.169,"throttle_max":0.9858}
{"type":"train_update","update":37,"global_step":606208,"wall_s":410.97,"sps":1475.1,"loss":2438.412224,"loss_ema":2447.701637,"loss_plateau_delta":2.322353,"loss_plateau_count":0,"pg_loss":-0.000804,"v_loss":4876.84758,"entropy":2.152197,"approx_kl":0.003367,"clipfrac":0.0086,"reward_mean":-3.2618,"reward_std":32.8842,"reward_min":-204.6407,"reward_max":324.7781,"reward_scale":1.0,"throttle_mean":0.7888,"throttle_min":0.1338,"throttle_max":0.9885}
{"type":"train_update","update":38,"global_step":622592,"wall_s":417.85,"sps":1490.0,"loss":2402.859474,"loss_ema":2438.733205,"loss_plateau_delta":8.968433,"loss_plateau_count":0,"pg_loss":-0.001586,"v_loss":4805.743683,"entropy":2.154184,"approx_kl":0.004954,"clipfrac":0.0187,"reward_mean":-3.2433,"reward_std":32.8081,"reward_min":-204.4101,"reward_max":334.1556,"reward_scale":1.0,"throttle_mean":0.7953,"throttle_min":0.1712,"throttle_max":0.9918}
{"type":"train_update","update":39,"global_step":638976,"wall_s":424.19,"sps":1506.3,"loss":2441.080727,"loss_ema":2439.202709,"loss_plateau_delta":0.469504,"loss_plateau_count":0,"pg_loss":-0.001245,"v_loss":4882.185532,"entropy":2.156379,"approx_kl":0.004257,"clipfrac":0.0234,"reward_mean":-3.5417,"reward_std":32.8801,"reward_min":-204.6981,"reward_max":332.9255,"reward_scale":1.0,"throttle_mean":0.7884,"throttle_min":0.1942,"throttle_max":0.99}
{"type":"train_update","update":40,"global_step":655360,"wall_s":432.07,"sps":1516.8,"loss":2453.010643,"loss_ema":2441.964296,"loss_plateau_delta":2.761587,"loss_plateau_count":0,"pg_loss":-0.00172,"v_loss":4906.046295,"entropy":2.158114,"approx_kl":0.003576,"clipfrac":0.0212,"reward_mean":-3.3592,"reward_std":33.0438,"reward_min":-204.9259,"reward_max":327.6994,"reward_scale":1.0,"throttle_mean":0.792,"throttle_min":0.1527,"throttle_max":0.9856}
{"type":"train_update","update":41,"global_step":671744,"wall_s":438.53,"sps":1531.8,"loss":2446.80529,"loss_ema":2442.932495,"loss_plateau_delta":0.968199,"loss_plateau_count":0,"pg_loss":-0.001835,"v_loss":4893.635834,"entropy":2.158619,"approx_kl":0.004687,"clipfrac":0.0153,"reward_mean":-3.0378,"reward_std":33.4134,"reward_min":-204.6223,"reward_max":307.2607,"reward_scale":1.0,"throttle_mean":0.7912,"throttle_min":0.1416,"throttle_max":0.9853}
{"type":"train_update","update":42,"global_step":688128,"wall_s":445.12,"sps":1545.9,"loss":2455.76915,"loss_ema":2445.499826,"loss_plateau_delta":2.567331,"loss_plateau_count":0,"pg_loss":-0.000794,"v_loss":4911.561523,"entropy":2.160308,"approx_kl":0.003961,"clipfrac":0.0131,"reward_mean":-3.9493,"reward_std":32.5866,"reward_min":-204.9117,"reward_max":313.6234,"reward_scale":1.0,"throttle_mean":0.7944,"throttle_min":0.1457,"throttle_max":0.9892}
{"type":"train_update","update":43,"global_step":704512,"wall_s":453.57,"sps":1553.3,"loss":2374.080734,"loss_ema":2431.216007,"loss_plateau_delta":14.283818,"loss_plateau_count":0,"pg_loss":-0.001127,"v_loss":4748.185333,"entropy":2.161626,"approx_kl":0.003073,"clipfrac":0.014,"reward_mean":-3.5255,"reward_std":32.2814,"reward_min":-204.8266,"reward_max":319.9709,"reward_scale":1.0,"throttle_mean":0.8012,"throttle_min":0.1379,"throttle_max":0.9875}
{"type":"train_update","update":44,"global_step":720896,"wall_s":460.24,"sps":1566.3,"loss":2356.268555,"loss_ema":2416.226517,"loss_plateau_delta":14.989491,"loss_plateau_count":0,"pg_loss":-0.001173,"v_loss":4712.561035,"entropy":2.161674,"approx_kl":0.002951,"clipfrac":0.0041,"reward_mean":-3.2871,"reward_std":32.49,"reward_min":-204.4066,"reward_max":319.6785,"reward_scale":1.0,"throttle_mean":0.8054,"throttle_min":0.1323,"throttle_max":0.9921}
{"type":"train_update","update":45,"global_step":737280,"wall_s":466.6,"sps":1580.1,"loss":2350.72506,"loss_ema":2403.126225,"loss_plateau_delta":13.100291,"loss_plateau_count":0,"pg_loss":-0.001451,"v_loss":4701.474655,"entropy":2.162753,"approx_kl":0.003716,"clipfrac":0.0164,"reward_mean":-3.3748,"reward_std":32.523,"reward_min":-204.6316,"reward_max":333.8059,"reward_scale":1.0,"throttle_mean":0.8021,"throttle_min":0.1662,"throttle_max":0.9901}
{"type":"train_update","update":46,"global_step":753664,"wall_s":474.02,"sps":1589.9,"loss":2362.654099,"loss_ema":2395.0318,"loss_plateau_delta":8.094425,"loss_plateau_count":0,"pg_loss":-0.001114,"v_loss":4725.332031,"entropy":2.16549,"approx_kl":0.004658,"clipfrac":0.0162,"reward_mean":-2.8656,"reward_std":33.0945,"reward_min":-205.0371,"reward_max":328.3828,"reward_scale":1.0,"throttle_mean":0.8101,"throttle_min":0.1258,"throttle_max":0.9923}
step=753,664 reward_mean=-2.866 kl=0.00466 clipfrac=0.016 eval={'landed_fraction': 1.0, 'crashed_fraction': 1.0, 'mean_touchdown_speed': 0.057956159114837646, 'max_touchdown_speed': 0.6646854877471924, 'mean_pad_distance': 2.080026626586914, 'max_pad_distance': 5.2121381759643555, 'mean_delta_v_proxy': 18.24555206298828, 'mean_eval_throttle': 0.8344845141967138, 'max_eval_throttle': 0.894124448299408, 'max_upward_speed': 1.4484012126922607, 'max_downward_speed': 8.437050819396973, 'passed': False}
{"type":"train_update","update":47,"global_step":770048,"wall_s":531.54,"sps":1448.7,"loss":1898.180889,"loss_ema":2295.661618,"loss_plateau_delta":99.370182,"loss_plateau_count":0,"pg_loss":-0.001864,"v_loss":3796.387146,"entropy":2.165121,"approx_kl":0.003051,"clipfrac":0.0212,"reward_mean":-3.4077,"reward_std":27.558,"reward_min":-205.3655,"reward_max":301.0243,"reward_scale":1.0,"throttle_mean":0.8129,"throttle_min":0.1335,"throttle_max":0.99}
{"type":"train_update","update":48,"global_step":786432,"wall_s":538.23,"sps":1461.1,"loss":2305.163071,"loss_ema":2297.561908,"loss_plateau_delta":1.900291,"loss_plateau_count":0,"pg_loss":-0.001685,"v_loss":4610.351135,"entropy":2.165163,"approx_kl":0.003506,"clipfrac":0.0142,"reward_mean":-3.9489,"reward_std":31.2911,"reward_min":-204.7602,"reward_max":312.0324,"reward_scale":1.0,"throttle_mean":0.8032,"throttle_min":0.1511,"throttle_max":0.9897}
{"type":"train_update","update":49,"global_step":802816,"wall_s":546.36,"sps":1469.4,"loss":2332.259422,"loss_ema":2304.501411,"loss_plateau_delta":6.939503,"loss_plateau_count":0,"pg_loss":-0.001888,"v_loss":4664.544281,"entropy":2.165757,"approx_kl":0.004263,"clipfrac":0.0207,"reward_mean":-3.2183,"reward_std":32.9996,"reward_min":-204.2631,"reward_max":320.6231,"reward_scale":1.0,"throttle_mean":0.8022,"throttle_min":0.1567,"throttle_max":0.9855}
{"type":"train_update","update":50,"global_step":819200,"wall_s":553.08,"sps":1481.2,"loss":2327.239784,"loss_ema":2309.049086,"loss_plateau_delta":4.547675,"loss_plateau_count":0,"pg_loss":-0.001255,"v_loss":4654.503754,"entropy":2.16695,"approx_kl":0.004385,"clipfrac":0.0195,"reward_mean":-3.7122,"reward_std":32.1558,"reward_min":-204.2188,"reward_max":323.6671,"reward_scale":1.0,"throttle_mean":0.8038,"throttle_min":0.179,"throttle_max":0.99}
{"type":"train_update","update":51,"global_step":835584,"wall_s":559.69,"sps":1492.9,"loss":2310.211906,"loss_ema":2309.28165,"loss_plateau_delta":0.232564,"loss_plateau_count":0,"pg_loss":-0.001858,"v_loss":4620.449219,"entropy":2.167396,"approx_kl":0.003235,"clipfrac":0.0137,"reward_mean":-3.3398,"reward_std":32.4335,"reward_min":-204.8095,"reward_max":315.9339,"reward_scale":1.0,"throttle_mean":0.8023,"throttle_min":0.1756,"throttle_max":0.9909}
{"type":"train_update","update":52,"global_step":851968,"wall_s":567.35,"sps":1501.7,"loss":2328.936981,"loss_ema":2313.212716,"loss_plateau_delta":3.931066,"loss_plateau_count":0,"pg_loss":-0.001933,"v_loss":4657.899521,"entropy":2.16812,"approx_kl":0.003547,"clipfrac":0.0311,"reward_mean":-3.2155,"reward_std":32.7944,"reward_min":-203.9216,"reward_max":323.9282,"reward_scale":1.0,"throttle_mean":0.8053,"throttle_min":0.2241,"throttle_max":0.9925}
{"type":"train_update","update":53,"global_step":868352,"wall_s":574.98,"sps":1510.2,"loss":2286.98822,"loss_ema":2307.967817,"loss_plateau_delta":5.244899,"loss_plateau_count":0,"pg_loss":-0.001919,"v_loss":4574.002014,"entropy":2.169454,"approx_kl":0.003626,"clipfrac":0.019,"reward_mean":-3.2142,"reward_std":32.5588,"reward_min":-204.4572,"reward_max":344.4342,"reward_scale":1.0,"throttle_mean":0.8101,"throttle_min":0.1652,"throttle_max":0.9903}
{"type":"train_update","update":54,"global_step":884736,"wall_s":581.74,"sps":1520.8,"loss":2304.606087,"loss_ema":2307.295471,"loss_plateau_delta":0.672346,"loss_plateau_count":0,"pg_loss":-0.002019,"v_loss":4609.237915,"entropy":2.169617,"approx_kl":0.004373,"clipfrac":0.0283,"reward_mean":-2.9641,"reward_std":32.8944,"reward_min":-204.4842,"reward_max":325.4861,"reward_scale":1.0,"throttle_mean":0.8155,"throttle_min":0.1962,"throttle_max":0.9889}
{"type":"train_update","update":55,"global_step":901120,"wall_s":589.2,"sps":1529.4,"loss":2263.843872,"loss_ema":2298.605151,"loss_plateau_delta":8.69032,"loss_plateau_count":0,"pg_loss":-0.002394,"v_loss":4527.714249,"entropy":2.170756,"approx_kl":0.003966,"clipfrac":0.0287,"reward_mean":-3.6854,"reward_std":31.9307,"reward_min":-205.6732,"reward_max":314.0161,"reward_scale":1.0,"throttle_mean":0.8171,"throttle_min":0.2152,"throttle_max":0.9894}
{"type":"train_update","update":56,"global_step":917504,"wall_s":596.62,"sps":1537.8,"loss":2184.087685,"loss_ema":2275.701658,"loss_plateau_delta":22.903493,"loss_plateau_count":0,"pg_loss":-0.001878,"v_loss":4368.200836,"entropy":2.171166,"approx_kl":0.004086,"clipfrac":0.0202,"reward_mean":-2.7149,"reward_std":32.3759,"reward_min":-204.193,"reward_max":326.4337,"reward_scale":1.0,"throttle_mean":0.8171,"throttle_min":0.1911,"throttle_max":0.9928}
{"type":"train_update","update":57,"global_step":933888,"wall_s":603.72,"sps":1546.9,"loss":2317.244202,"loss_ema":2284.010167,"loss_plateau_delta":8.308509,"loss_plateau_count":0,"pg_loss":-0.00194,"v_loss":4634.514038,"entropy":2.172685,"approx_kl":0.003902,"clipfrac":0.0167,"reward_mean":-3.6624,"reward_std":32.612,"reward_min":-205.4008,"reward_max":345.6099,"reward_scale":1.0,"throttle_mean":0.8158,"throttle_min":0.1496,"throttle_max":0.9901}
{"type":"train_update","update":58,"global_step":950272,"wall_s":610.37,"sps":1556.9,"loss":2215.034607,"loss_ema":2270.215055,"loss_plateau_delta":13.795112,"loss_plateau_count":0,"pg_loss":-0.002046,"v_loss":4430.095047,"entropy":2.17408,"approx_kl":0.003861,"clipfrac":0.0219,"reward_mean":-3.5447,"reward_std":31.7776,"reward_min":-204.4839,"reward_max":313.6468,"reward_scale":1.0,"throttle_mean":0.8137,"throttle_min":0.1577,"throttle_max":0.9954}
{"type":"train_update","update":59,"global_step":966656,"wall_s":618.52,"sps":1562.8,"loss":2273.905991,"loss_ema":2270.953242,"loss_plateau_delta":0.738187,"loss_plateau_count":0,"pg_loss":-0.001662,"v_loss":4547.837021,"entropy":2.172739,"approx_kl":0.003495,"clipfrac":0.0158,"reward_mean":-3.5267,"reward_std":32.1639,"reward_min":-205.3226,"reward_max":325.0668,"reward_scale":1.0,"throttle_mean":0.822,"throttle_min":0.2188,"throttle_max":0.9931}
{"type":"train_update","update":60,"global_step":983040,"wall_s":625.39,"sps":1571.9,"loss":2221.503075,"loss_ema":2261.063208,"loss_plateau_delta":9.890033,"loss_plateau_count":0,"pg_loss":-0.001468,"v_loss":4443.030838,"entropy":2.172319,"approx_kl":0.003915,"clipfrac":0.0178,"reward_mean":-3.0449,"reward_std":32.3328,"reward_min":-204.5886,"reward_max":316.2598,"reward_scale":1.0,"throttle_mean":0.8193,"throttle_min":0.1308,"throttle_max":0.9935}
{"type":"train_update","update":61,"global_step":999424,"wall_s":631.82,"sps":1581.8,"loss":2212.401459,"loss_ema":2251.330858,"loss_plateau_delta":9.73235,"loss_plateau_count":0,"pg_loss":-0.002792,"v_loss":4424.830246,"entropy":2.173206,"approx_kl":0.005378,"clipfrac":0.0349,"reward_mean":-2.9322,"reward_std":32.507,"reward_min":-204.8789,"reward_max":300.1111,"reward_scale":1.0,"throttle_mean":0.8187,"throttle_min":0.2007,"throttle_max":0.9935}
{"type":"train_update","update":62,"global_step":1015808,"wall_s":640.32,"sps":1586.4,"loss":2196.952843,"loss_ema":2240.455255,"loss_plateau_delta":10.875603,"loss_plateau_count":0,"pg_loss":-0.002383,"v_loss":4393.93219,"entropy":2.17319,"approx_kl":0.004944,"clipfrac":0.0281,"reward_mean":-3.5586,"reward_std":32.0605,"reward_min":-205.3928,"reward_max":319.4948,"reward_scale":1.0,"throttle_mean":0.8206,"throttle_min":0.2377,"throttle_max":0.9914}
step=1,015,808 reward_mean=-3.559 kl=0.00494 clipfrac=0.028 eval={'landed_fraction': 1.0, 'crashed_fraction': 1.0, 'mean_touchdown_speed': 0.06289252638816833, 'max_touchdown_speed': 0.6693623661994934, 'mean_pad_distance': 2.4065494537353516, 'max_pad_distance': 5.701488971710205, 'mean_delta_v_proxy': 18.852991104125977, 'mean_eval_throttle': 0.8465999923812019, 'max_eval_throttle': 0.9249022006988525, 'max_upward_speed': 1.4371869564056396, 'max_downward_speed': 8.320294380187988, 'passed': False}
{"type":"train_update","update":63,"global_step":1032192,"wall_s":696.89,"sps":1481.1,"loss":1782.60696,"loss_ema":2148.885596,"loss_plateau_delta":91.569659,"loss_plateau_count":0,"pg_loss":-0.001756,"v_loss":3565.239182,"entropy":2.174661,"approx_kl":0.004288,"clipfrac":0.0279,"reward_mean":-3.6571,"reward_std":26.8935,"reward_min":-204.7516,"reward_max":343.7381,"reward_scale":1.0,"throttle_mean":0.8252,"throttle_min":0.2216,"throttle_max":0.9915}
{"type":"train_update","update":64,"global_step":1048576,"wall_s":703.29,"sps":1491.0,"loss":2106.747028,"loss_ema":2140.457883,"loss_plateau_delta":8.427714,"loss_plateau_count":0,"pg_loss":-0.002008,"v_loss":4213.519852,"entropy":2.17497,"approx_kl":0.004564,"clipfrac":0.033,"reward_mean":-3.1124,"reward_std":31.0972,"reward_min":-205.1349,"reward_max":326.067,"reward_scale":1.0,"throttle_mean":0.8223,"throttle_min":0.1737,"throttle_max":0.9926}
{"type":"train_update","update":65,"global_step":1064960,"wall_s":711.64,"sps":1496.5,"loss":2189.448753,"loss_ema":2150.256057,"loss_plateau_delta":9.798174,"loss_plateau_count":0,"pg_loss":-0.002453,"v_loss":4378.924179,"entropy":2.175904,"approx_kl":0.00445,"clipfrac":0.0343,"reward_mean":-3.0665,"reward_std":32.4545,"reward_min":-204.8124,"reward_max":319.7874,"reward_scale":1.0,"throttle_mean":0.8236,"throttle_min":0.1776,"throttle_max":0.9891}
{"type":"train_update","update":66,"global_step":1081344,"wall_s":718.19,"sps":1505.6,"loss":2213.91761,"loss_ema":2162.988368,"loss_plateau_delta":12.732311,"loss_plateau_count":0,"pg_loss":-0.00233,"v_loss":4427.861664,"entropy":2.178948,"approx_kl":0.004268,"clipfrac":0.026,"reward_mean":-3.3792,"reward_std":32.2888,"reward_min":-204.7127,"reward_max":330.6187,"reward_scale":1.0,"throttle_mean":0.8221,"throttle_min":0.1714,"throttle_max":0.9924}
{"type":"train_update","update":67,"global_step":1097728,"wall_s":724.68,"sps":1514.8,"loss":2208.295021,"loss_ema":2172.049698,"loss_plateau_delta":9.061331,"loss_plateau_count":0,"pg_loss":-0.001653,"v_loss":4416.615143,"entropy":2.18077,"approx_kl":0.004457,"clipfrac":0.0144,"reward_mean":-3.0617,"reward_std":32.1713,"reward_min":-204.4462,"reward_max":305.4388,"reward_scale":1.0,"throttle_mean":0.8252,"throttle_min":0.1693,"throttle_max":0.9918}
{"type":"train_update","update":68,"global_step":1114112,"wall_s":732.6,"sps":1520.8,"loss":2167.479149,"loss_ema":2171.135588,"loss_plateau_delta":0.91411,"loss_plateau_count":0,"pg_loss":-0.001718,"v_loss":4334.983566,"entropy":2.181746,"approx_kl":0.005614,"clipfrac":0.0286,"reward_mean":-3.4255,"reward_std":31.9769,"reward_min":-204.9045,"reward_max":317.8845,"reward_scale":1.0,"throttle_mean":0.8273,"throttle_min":0.2425,"throttle_max":0.9919}
{"type":"train_update","update":69,"global_step":1130496,"wall_s":739.67,"sps":1528.4,"loss":2124.004822,"loss_ema":2161.709435,"loss_plateau_delta":9.426153,"loss_plateau_count":0,"pg_loss":-0.001882,"v_loss":4248.035225,"entropy":2.183024,"approx_kl":0.003173,"clipfrac":0.0306,"reward_mean":-3.254,"reward_std":31.7228,"reward_min":-204.9669,"reward_max":306.4516,"reward_scale":1.0,"throttle_mean":0.8255,"throttle_min":0.1175,"throttle_max":0.9925}
{"type":"train_update","update":70,"global_step":1146880,"wall_s":746.41,"sps":1536.5,"loss":2164.088554,"loss_ema":2162.185259,"loss_plateau_delta":0.475824,"loss_plateau_count":0,"pg_loss":-0.001805,"v_loss":4328.20256,"entropy":2.183436,"approx_kl":0.004494,"clipfrac":0.0183,"reward_mean":-3.1589,"reward_std":32.2445,"reward_min":-205.1885,"reward_max":318.3653,"reward_scale":1.0,"throttle_mean":0.8237,"throttle_min":0.0772,"throttle_max":0.9883}
{"type":"train_update","update":71,"global_step":1163264,"wall_s":753.62,"sps":1543.6,"loss":2181.919586,"loss_ema":2166.132124,"loss_plateau_delta":3.946865,"loss_plateau_count":0,"pg_loss":-0.001709,"v_loss":4363.864487,"entropy":2.185026,"approx_kl":0.003532,"clipfrac":0.0158,"reward_mean":-3.0777,"reward_std":32.4115,"reward_min":-204.6824,"reward_max":320.3217,"reward_scale":1.0,"throttle_mean":0.8276,"throttle_min":0.1784,"throttle_max":0.9919}
{"type":"train_update","update":72,"global_step":1179648,"wall_s":761.41,"sps":1549.3,"loss":2258.314857,"loss_ema":2184.568671,"loss_plateau_delta":18.436547,"loss_plateau_count":0,"pg_loss":-0.001598,"v_loss":4516.654755,"entropy":2.186325,"approx_kl":0.003289,"clipfrac":0.0223,"reward_mean":-2.7336,"reward_std":33.2345,"reward_min":-204.4429,"reward_max":318.5989,"reward_scale":1.0,"throttle_mean":0.8278,"throttle_min":0.2248,"throttle_max":0.9942}
{"type":"train_update","update":73,"global_step":1196032,"wall_s":768.37,"sps":1556.6,"loss":2060.720566,"loss_ema":2159.79905,"loss_plateau_delta":24.769621,"loss_plateau_count":0,"pg_loss":-0.001626,"v_loss":4121.466187,"entropy":2.183633,"approx_kl":0.00436,"clipfrac":0.0242,"reward_mean":-3.3492,"reward_std":31.0714,"reward_min":-204.8126,"reward_max":317.4085,"reward_scale":1.0,"throttle_mean":0.825,"throttle_min":0.1554,"throttle_max":0.9912}
{"type":"train_update","update":74,"global_step":1212416,"wall_s":774.6,"sps":1565.2,"loss":2156.941418,"loss_ema":2159.227523,"loss_plateau_delta":0.571526,"loss_plateau_count":0,"pg_loss":-0.002332,"v_loss":4313.909317,"entropy":2.180714,"approx_kl":0.005052,"clipfrac":0.0344,"reward_mean":-2.3513,"reward_std":32.9576,"reward_min":-205.1808,"reward_max":320.7021,"reward_scale":1.0,"throttle_mean":0.8322,"throttle_min":0.1918,"throttle_max":0.9943}
{"type":"train_update","update":75,"global_step":1228800,"wall_s":783.08,"sps":1569.2,"loss":2089.132317,"loss_ema":2145.208482,"loss_plateau_delta":14.019041,"loss_plateau_count":0,"pg_loss":-0.0022,"v_loss":4178.290825,"entropy":2.178136,"approx_kl":0.004328,"clipfrac":0.0175,"reward_mean":-3.2358,"reward_std":31.8113,"reward_min":-204.8378,"reward_max":322.7748,"reward_scale":1.0,"throttle_mean":0.8224,"throttle_min":0.2177,"throttle_max":0.9934}
{"type":"train_update","update":76,"global_step":1245184,"wall_s":789.43,"sps":1577.3,"loss":2243.011757,"loss_ema":2164.769137,"loss_plateau_delta":19.560655,"loss_plateau_count":0,"pg_loss":-0.001905,"v_loss":4486.049088,"entropy":2.177162,"approx_kl":0.004088,"clipfrac":0.0119,"reward_mean":-2.9358,"reward_std":33.3799,"reward_min":-204.3707,"reward_max":336.0587,"reward_scale":1.0,"throttle_mean":0.8133,"throttle_min":0.1757,"throttle_max":0.9916}
{"type":"train_update","update":77,"global_step":1261568,"wall_s":795.65,"sps":1585.6,"loss":2146.861229,"loss_ema":2161.187555,"loss_plateau_delta":3.581582,"loss_plateau_count":0,"pg_loss":-0.002316,"v_loss":4293.748871,"entropy":2.179388,"approx_kl":0.0064,"clipfrac":0.0294,"reward_mean":-2.977,"reward_std":32.197,"reward_min":-204.1366,"reward_max":299.8257,"reward_scale":1.0,"throttle_mean":0.8145,"throttle_min":0.1396,"throttle_max":0.9919}
step=1,261,568 reward_mean=-2.977 kl=0.00640 clipfrac=0.029 eval={'landed_fraction': 1.0, 'crashed_fraction': 1.0, 'mean_touchdown_speed': 0.07874810695648193, 'max_touchdown_speed': 1.1345285177230835, 'mean_pad_distance': 2.486077070236206, 'max_pad_distance': 7.038654327392578, 'mean_delta_v_proxy': 19.092212677001953, 'mean_eval_throttle': 0.853795753121376, 'max_eval_throttle': 0.9332385659217834, 'max_upward_speed': 1.341385006904602, 'max_downward_speed': 7.9935832023620605, 'passed': False}
{"type":"train_update","update":78,"global_step":1277952,"wall_s":851.52,"sps":1500.8,"loss":1767.520386,"loss_ema":2082.454122,"loss_plateau_delta":78.733434,"loss_plateau_count":0,"pg_loss":-0.00209,"v_loss":3535.066757,"entropy":2.181304,"approx_kl":0.003457,"clipfrac":0.0257,"reward_mean":-2.7037,"reward_std":28.1108,"reward_min":-204.6088,"reward_max":335.8585,"reward_scale":1.0,"throttle_mean":0.8294,"throttle_min":0.226,"throttle_max":0.9929}
{"type":"train_update","update":79,"global_step":1294336,"wall_s":858.23,"sps":1508.1,"loss":2099.0994,"loss_ema":2085.783177,"loss_plateau_delta":3.329056,"loss_plateau_count":0,"pg_loss":-0.001155,"v_loss":4198.222961,"entropy":2.183079,"approx_kl":0.003015,"clipfrac":0.0276,"reward_mean":-3.3591,"reward_std":31.2268,"reward_min":-204.6923,"reward_max":324.1742,"reward_scale":1.0,"throttle_mean":0.8238,"throttle_min":0.1604,"throttle_max":0.9913}
{"type":"train_update","update":80,"global_step":1310720,"wall_s":865.38,"sps":1514.6,"loss":2142.701351,"loss_ema":2097.166812,"loss_plateau_delta":11.383635,"loss_plateau_count":0,"pg_loss":-0.001315,"v_loss":4285.427185,"entropy":2.185042,"approx_kl":0.005127,"clipfrac":0.0322,"reward_mean":-2.5461,"reward_std":32.9012,"reward_min":-204.3979,"reward_max":309.9551,"reward_scale":1.0,"throttle_mean":0.8237,"throttle_min":0.2329,"throttle_max":0.9928}
{"type":"train_update","update":81,"global_step":1327104,"wall_s":872.6,"sps":1520.9,"loss":2134.790695,"loss_ema":2104.691589,"loss_plateau_delta":7.524777,"loss_plateau_count":0,"pg_loss":-0.002024,"v_loss":4269.607315,"entropy":2.187947,"approx_kl":0.005743,"clipfrac":0.0256,"reward_mean":-3.1489,"reward_std":32.255,"reward_min":-205.1275,"reward_max":342.4709,"reward_scale":1.0,"throttle_mean":0.8317,"throttle_min":0.2546,"throttle_max":0.9931}
{"type":"train_update","update":82,"global_step":1343488,"wall_s":880.16,"sps":1526.4,"loss":2096.988907,"loss_ema":2103.151052,"loss_plateau_delta":1.540536,"loss_plateau_count":0,"pg_loss":-0.002514,"v_loss":4194.004738,"entropy":2.189514,"approx_kl":0.003673,"clipfrac":0.0245,"reward_mean":-2.7368,"reward_std":32.2218,"reward_min":-204.6391,"reward_max":334.4629,"reward_scale":1.0,"throttle_mean":0.8312,"throttle_min":0.1416,"throttle_max":0.9943}
{"type":"train_update","update":83,"global_step":1359872,"wall_s":886.88,"sps":1533.3,"loss":2076.75415,"loss_ema":2097.871672,"loss_plateau_delta":5.27938,"loss_plateau_count":0,"pg_loss":-0.001684,"v_loss":4153.533531,"entropy":2.188239,"approx_kl":0.004792,"clipfrac":0.0211,"reward_mean":-2.613,"reward_std":32.5829,"reward_min":-206.4653,"reward_max":317.6325,"reward_scale":1.0,"throttle_mean":0.8364,"throttle_min":0.2056,"throttle_max":0.9943}
{"type":"train_update","update":84,"global_step":1376256,"wall_s":893.57,"sps":1540.2,"loss":2039.314068,"loss_ema":2086.160151,"loss_plateau_delta":11.711521,"loss_plateau_count":0,"pg_loss":-0.001993,"v_loss":4078.654045,"entropy":2.190392,"approx_kl":0.004149,"clipfrac":0.0248,"reward_mean":-2.9908,"reward_std":31.5448,"reward_min":-204.7322,"reward_max":310.0418,"reward_scale":1.0,"throttle_mean":0.8393,"throttle_min":0.2093,"throttle_max":0.9904}
{"type":"train_update","update":85,"global_step":1392640,"wall_s":901.6,"sps":1544.6,"loss":2092.201786,"loss_ema":2087.368478,"loss_plateau_delta":1.208327,"loss_plateau_count":0,"pg_loss":-0.001637,"v_loss":4184.428825,"entropy":2.194292,"approx_kl":0.002512,"clipfrac":0.0134,"reward_mean":-3.0288,"reward_std":32.1871,"reward_min":-205.2125,"reward_max":334.9383,"reward_scale":1.0,"throttle_mean":0.8342,"throttle_min":0.1973,"throttle_max":0.9934}
{"type":"train_update","update":86,"global_step":1409024,"wall_s":908.35,"sps":1551.2,"loss":2060.63763,"loss_ema":2082.022309,"loss_plateau_delta":5.34617,"loss_plateau_count":0,"pg_loss":-0.001283,"v_loss":4121.299805,"entropy":2.196595,"approx_kl":0.002811,"clipfrac":0.0059,"reward_mean":-2.629,"reward_std":31.9965,"reward_min":-205.0096,"reward_max":332.6241,"reward_scale":1.0,"throttle_mean":0.8335,"throttle_min":0.192,"throttle_max":0.9923}
{"type":"train_update","update":87,"global_step":1425408,"wall_s":914.83,"sps":1558.1,"loss":2064.637089,"loss_ema":2078.545265,"loss_plateau_delta":3.477044,"loss_plateau_count":0,"pg_loss":-0.002407,"v_loss":4129.300987,"entropy":2.198073,"approx_kl":0.007663,"clipfrac":0.0409,"reward_mean":-2.3797,"reward_std":32.52,"reward_min":-204.4395,"reward_max":322.0545,"reward_scale":1.0,"throttle_mean":0.8364,"throttle_min":0.1895,"throttle_max":0.9936}
{"type":"train_update","update":88,"global_step":1441792,"wall_s":922.7,"sps":1562.6,"loss":2088.098553,"loss_ema":2080.455922,"loss_plateau_delta":1.910658,"loss_plateau_count":0,"pg_loss":-0.002407,"v_loss":4176.223938,"entropy":2.201039,"approx_kl":0.004107,"clipfrac":0.023,"reward_mean":-2.6683,"reward_std":32.6055,"reward_min":-205.102,"reward_max":330.8021,"reward_scale":1.0,"throttle_mean":0.8315,"throttle_min":0.1811,"throttle_max":0.9928}
{"type":"train_update","update":89,"global_step":1458176,"wall_s":929.39,"sps":1569.0,"loss":2006.547714,"loss_ema":2065.674281,"loss_plateau_delta":14.781642,"loss_plateau_count":0,"pg_loss":-0.001575,"v_loss":4013.12059,"entropy":2.202505,"approx_kl":0.003447,"clipfrac":0.0196,"reward_mean":-2.6284,"reward_std":31.8929,"reward_min":-204.0692,"reward_max":303.5047,"reward_scale":1.0,"throttle_mean":0.8288,"throttle_min":0.1736,"throttle_max":0.991}
{"type":"train_update","update":90,"global_step":1474560,"wall_s":936.12,"sps":1575.2,"loss":2085.523815,"loss_ema":2069.644188,"loss_plateau_delta":3.969907,"loss_plateau_count":0,"pg_loss":-0.002378,"v_loss":4171.074409,"entropy":2.203556,"approx_kl":0.006134,"clipfrac":0.0299,"reward_mean":-2.2057,"reward_std":32.8516,"reward_min":-204.179,"reward_max":334.9968,"reward_scale":1.0,"throttle_mean":0.8246,"throttle_min":0.1364,"throttle_max":0.9912}
{"type":"train_update","update":91,"global_step":1490944,"wall_s":943.03,"sps":1581.0,"loss":2078.229298,"loss_ema":2071.36121,"loss_plateau_delta":1.717022,"loss_plateau_count":0,"pg_loss":-0.001796,"v_loss":4156.484207,"entropy":2.20377,"approx_kl":0.004662,"clipfrac":0.0249,"reward_mean":-2.5582,"reward_std":32.7065,"reward_min":-204.9003,"reward_max":330.7915,"reward_scale":1.0,"throttle_mean":0.8177,"throttle_min":0.1624,"throttle_max":0.9925}
{"type":"train_update","update":92,"global_step":1507328,"wall_s":950.79,"sps":1585.3,"loss":2115.679436,"loss_ema":2080.224855,"loss_plateau_delta":8.863645,"loss_plateau_count":0,"pg_loss":-0.002408,"v_loss":4231.385689,"entropy":2.202366,"approx_kl":0.004789,"clipfrac":0.0232,"reward_mean":-2.6714,"reward_std":33.0087,"reward_min":-204.4376,"reward_max":310.1167,"reward_scale":1.0,"throttle_mean":0.816,"throttle_min":0.1669,"throttle_max":0.9896}
step=1,507,328 reward_mean=-2.671 kl=0.00479 clipfrac=0.023 eval={'landed_fraction': 1.0, 'crashed_fraction': 1.0, 'mean_touchdown_speed': 0.09277835488319397, 'max_touchdown_speed': 0.6301641464233398, 'mean_pad_distance': 2.2621660232543945, 'max_pad_distance': 6.723948001861572, 'mean_delta_v_proxy': 18.59343910217285, 'mean_eval_throttle': 0.8428253509600957, 'max_eval_throttle': 0.9481452703475952, 'max_upward_speed': 1.3344577550888062, 'max_downward_speed': 8.458157539367676, 'passed': False}
{"type":"train_update","update":93,"global_step":1523712,"wall_s":1006.17,"sps":1514.4,"loss":1713.792606,"loss_ema":2006.938405,"loss_plateau_delta":73.28645,"loss_plateau_count":0,"pg_loss":-0.002219,"v_loss":3427.611633,"entropy":2.200988,"approx_kl":0.007003,"clipfrac":0.0403,"reward_mean":-2.1719,"reward_std":28.5416,"reward_min":-204.9617,"reward_max":325.8582,"reward_scale":1.0,"throttle_mean":0.8173,"throttle_min":0.1443,"throttle_max":0.9944}
{"type":"train_update","update":94,"global_step":1540096,"wall_s":1012.79,"sps":1520.6,"loss":2105.895657,"loss_ema":2026.729855,"loss_plateau_delta":19.79145,"loss_plateau_count":0,"pg_loss":-0.001606,"v_loss":4211.816582,"entropy":2.202412,"approx_kl":0.004714,"clipfrac":0.0297,"reward_mean":-2.0182,"reward_std":32.7878,"reward_min":-204.9364,"reward_max":332.0513,"reward_scale":1.0,"throttle_mean":0.8097,"throttle_min":0.195,"throttle_max":0.9961}
{"type":"train_update","update":95,"global_step":1556480,"wall_s":1020.95,"sps":1524.5,"loss":2155.967327,"loss_ema":2052.57735,"loss_plateau_delta":25.847494,"loss_plateau_count":0,"pg_loss":-0.00245,"v_loss":4311.961586,"entropy":2.200692,"approx_kl":0.004054,"clipfrac":0.0266,"reward_mean":-2.1799,"reward_std":33.7834,"reward_min":-204.6186,"reward_max":315.2153,"reward_scale":1.0,"throttle_mean":0.8138,"throttle_min":0.1382,"throttle_max":0.992}
{"type":"train_update","update":96,"global_step":1572864,"wall_s":1027.51,"sps":1530.8,"loss":2080.56218,"loss_ema":2058.174316,"loss_plateau_delta":5.596966,"loss_plateau_count":0,"pg_loss":-0.002588,"v_loss":4161.151505,"entropy":2.197902,"approx_kl":0.005783,"clipfrac":0.0301,"reward_mean":-2.0341,"reward_std":33.1757,"reward_min":-204.7838,"reward_max":327.4116,"reward_scale":1.0,"throttle_mean":0.8174,"throttle_min":0.1181,"throttle_max":0.9921}
{"type":"train_update","update":97,"global_step":1589248,"wall_s":1034.0,"sps":1537.0,"loss":2093.244907,"loss_ema":2065.188434,"loss_plateau_delta":7.014118,"loss_plateau_count":0,"pg_loss":-0.001775,"v_loss":4186.515366,"entropy":2.19826,"approx_kl":0.005049,"clipfrac":0.0246,"reward_mean":-2.3187,"reward_std":33.1725,"reward_min":-204.4292,"reward_max":334.0599,"reward_scale":1.0,"throttle_mean":0.8193,"throttle_min":0.2179,"throttle_max":0.9912}
{"type":"train_update","update":98,"global_step":1605632,"wall_s":1041.6,"sps":1541.5,"loss":2080.238533,"loss_ema":2068.198454,"loss_plateau_delta":3.01002,"loss_plateau_count":0,"pg_loss":-0.00196,"v_loss":4160.503014,"entropy":2.1993,"approx_kl":0.003908,"clipfrac":0.0219,"reward_mean":-2.1702,"reward_std":33.0674,"reward_min":-204.5325,"reward_max":321.2805,"reward_scale":1.0,"throttle_mean":0.8214,"throttle_min":0.1443,"throttle_max":0.9933}
{"type":"train_update","update":99,"global_step":1622016,"wall_s":1048.5,"sps":1547.0,"loss":2097.836117,"loss_ema":2074.125986,"loss_plateau_delta":5.927533,"loss_plateau_count":0,"pg_loss":-0.001952,"v_loss":4195.698166,"entropy":2.198268,"approx_kl":0.005001,"clipfrac":0.0255,"reward_mean":-2.3447,"reward_std":33.0942,"reward_min":-204.438,"reward_max":336.6351,"reward_scale":1.0,"throttle_mean":0.8211,"throttle_min":0.1599,"throttle_max":0.9925}
{"type":"train_update","update":100,"global_step":1638400,"wall_s":1055.33,"sps":1552.5,"loss":2179.568092,"loss_ema":2095.214408,"loss_plateau_delta":21.088421,"loss_plateau_count":0,"pg_loss":-0.001816,"v_loss":4359.161781,"entropy":2.194746,"approx_kl":0.005346,"clipfrac":0.0185,"reward_mean":-2.06,"reward_std":33.6859,"reward_min":-204.4736,"reward_max":326.4089,"reward_scale":1.0,"throttle_mean":0.8172,"throttle_min":0.2216,"throttle_max":0.9925}
{"type":"train_update","update":101,"global_step":1654784,"wall_s":1062.17,"sps":1557.9,"loss":2047.268673,"loss_ema":2085.625261,"loss_plateau_delta":9.589147,"loss_plateau_count":0,"pg_loss":-0.00205,"v_loss":4094.563423,"entropy":2.19598,"approx_kl":0.003846,"clipfrac":0.0247,"reward_mean":-2.4425,"reward_std":32.4035,"reward_min":-204.7765,"reward_max":320.4017,"reward_scale":1.0,"throttle_mean":0.82,"throttle_min":0.1771,"throttle_max":0.991}
{"type":"train_update","update":102,"global_step":1671168,"wall_s":1069.83,"sps":1562.1,"loss":2139.982639,"loss_ema":2096.496736,"loss_plateau_delta":10.871476,"loss_plateau_count":0,"pg_loss":-0.002917,"v_loss":4279.993042,"entropy":2.192833,"approx_kl":0.005534,"clipfrac":0.0522,"reward_mean":-1.7783,"reward_std":33.7037,"reward_min":-203.9936,"reward_max":345.6566,"reward_scale":1.0,"throttle_mean":0.8232,"throttle_min":0.2156,"throttle_max":0.9957}
{"type":"train_update","update":103,"global_step":1687552,"wall_s":1076.83,"sps":1567.1,"loss":2066.318729,"loss_ema":2090.461135,"loss_plateau_delta":6.035601,"loss_plateau_count":0,"pg_loss":-0.002206,"v_loss":4132.66378,"entropy":2.192159,"approx_kl":0.005487,"clipfrac":0.0484,"reward_mean":-1.774,"reward_std":33.0739,"reward_min":-203.9815,"reward_max":330.1804,"reward_scale":1.0,"throttle_mean":0.8244,"throttle_min":0.177,"throttle_max":0.994}
{"type":"train_update","update":104,"global_step":1703936,"wall_s":1083.09,"sps":1573.2,"loss":2079.718468,"loss_ema":2088.312602,"loss_plateau_delta":2.148533,"loss_plateau_count":0,"pg_loss":-0.00141,"v_loss":4159.4617,"entropy":2.194508,"approx_kl":0.008545,"clipfrac":0.046,"reward_mean":-1.8159,"reward_std":33.3313,"reward_min":-204.5614,"reward_max":339.2848,"reward_scale":1.0,"throttle_mean":0.8203,"throttle_min":0.1719,"throttle_max":0.9922}
{"type":"train_update","update":105,"global_step":1720320,"wall_s":1091.42,"sps":1576.2,"loss":2036.280636,"loss_ema":2077.906208,"loss_plateau_delta":10.406393,"loss_plateau_count":0,"pg_loss":-0.001745,"v_loss":4072.586723,"entropy":2.196826,"approx_kl":0.003458,"clipfrac":0.0278,"reward_mean":-1.9409,"reward_std":33.1306,"reward_min":-204.875,"reward_max":311.9847,"reward_scale":1.0,"throttle_mean":0.8221,"throttle_min":0.1913,"throttle_max":0.9915}
{"type":"train_update","update":106,"global_step":1736704,"wall_s":1098.06,"sps":1581.6,"loss":2042.368244,"loss_ema":2070.798616,"loss_plateau_delta":7.107593,"loss_plateau_count":0,"pg_loss":-0.002026,"v_loss":4084.762589,"entropy":2.203729,"approx_kl":0.00676,"clipfrac":0.0371,"reward_mean":-1.9845,"reward_std":33.0226,"reward_min":-204.8815,"reward_max":315.4477,"reward_scale":1.0,"throttle_mean":0.827,"throttle_min":0.1806,"throttle_max":0.9923}
{"type":"train_update","update":107,"global_step":1753088,"wall_s":1104.69,"sps":1587.0,"loss":2060.981163,"loss_ema":2068.835125,"loss_plateau_delta":1.963491,"loss_plateau_count":0,"pg_loss":-0.002317,"v_loss":4121.989037,"entropy":2.209198,"approx_kl":0.008084,"clipfrac":0.0408,"reward_mean":-1.687,"reward_std":33.6737,"reward_min":-204.588,"reward_max":316.7455,"reward_scale":1.0,"throttle_mean":0.8207,"throttle_min":0.2009,"throttle_max":0.9956}
step=1,753,088 reward_mean=-1.687 kl=0.00808 clipfrac=0.041 eval={'landed_fraction': 1.0, 'crashed_fraction': 1.0, 'mean_touchdown_speed': 0.13169366121292114, 'max_touchdown_speed': 0.6754836440086365, 'mean_pad_distance': 2.782803535461426, 'max_pad_distance': 7.71467399597168, 'mean_delta_v_proxy': 19.184268951416016, 'mean_eval_throttle': 0.8533735895819134, 'max_eval_throttle': 0.9423558712005615, 'max_upward_speed': 1.7006341218948364, 'max_downward_speed': 8.548064231872559, 'passed': False}
{"type":"train_update","update":108,"global_step":1769472,"wall_s":1160.53,"sps":1524.7,"loss":1640.822521,"loss_ema":1983.232604,"loss_plateau_delta":85.602521,"loss_plateau_count":0,"pg_loss":-0.001929,"v_loss":3281.671021,"entropy":2.211287,"approx_kl":0.006264,"clipfrac":0.0503,"reward_mean":-1.7688,"reward_std":28.5589,"reward_min":-204.5098,"reward_max":339.7158,"reward_scale":1.0,"throttle_mean":0.8307,"throttle_min":0.2477,"throttle_max":0.9936}
{"type":"train_update","update":109,"global_step":1785856,"wall_s":1167.09,"sps":1530.2,"loss":1983.500458,"loss_ema":1983.286175,"loss_plateau_delta":0.053571,"loss_plateau_count":0,"pg_loss":-0.00165,"v_loss":3967.026337,"entropy":2.212333,"approx_kl":0.004392,"clipfrac":0.0288,"reward_mean":-1.7662,"reward_std":32.3366,"reward_min":-204.3227,"reward_max":331.6943,"reward_scale":1.0,"throttle_mean":0.8265,"throttle_min":0.1272,"throttle_max":0.9911}
{"type":"train_update","update":110,"global_step":1802240,"wall_s":1174.03,"sps":1535.1,"loss":2084.535103,"loss_ema":2003.535961,"loss_plateau_delta":20.249786,"loss_plateau_count":0,"pg_loss":-0.002373,"v_loss":4169.097069,"entropy":2.212383,"approx_kl":0.006394,"clipfrac":0.0392,"reward_mean":-1.4782,"reward_std":33.5505,"reward_min":-205.2794,"reward_max":314.3891,"reward_scale":1.0,"throttle_mean":0.8246,"throttle_min":0.1625,"throttle_max":0.9913}
{"type":"train_update","update":111,"global_step":1818624,"wall_s":1181.17,"sps":1539.7,"loss":2008.76355,"loss_ema":2004.581478,"loss_plateau_delta":1.045518,"loss_plateau_count":0,"pg_loss":-0.002211,"v_loss":4017.553642,"entropy":2.212374,"approx_kl":0.005403,"clipfrac":0.0318,"reward_mean":-1.1872,"reward_std":33.3097,"reward_min":-204.2353,"reward_max":326.3744,"reward_scale":1.0,"throttle_mean":0.8259,"throttle_min":0.2018,"throttle_max":0.9944}
{"type":"train_update","update":112,"global_step":1835008,"wall_s":1188.35,"sps":1544.2,"loss":2012.975784,"loss_ema":2006.26034,"loss_plateau_delta":1.678861,"loss_plateau_count":0,"pg_loss":-0.00143,"v_loss":4025.97654,"entropy":2.210698,"approx_kl":0.002833,"clipfrac":0.055,"reward_mean":-1.8794,"reward_std":33.0274,"reward_min":-204.3912,"reward_max":324.1414,"reward_scale":1.0,"throttle_mean":0.8301,"throttle_min":0.1138,"throttle_max":0.9951}
{"type":"train_update","update":113,"global_step":1851392,"wall_s":1195.18,"sps":1549.1,"loss":1996.867558,"loss_ema":2004.381783,"loss_plateau_delta":1.878556,"loss_plateau_count":0,"pg_loss":-0.001491,"v_loss":3993.760147,"entropy":2.208177,"approx_kl":0.005317,"clipfrac":0.0579,"reward_mean":-1.2783,"reward_std":33.1509,"reward_min":-204.7529,"reward_max":331.9631,"reward_scale":1.0,"throttle_mean":0.8351,"throttle_min":0.2048,"throttle_max":0.9962}
{"type":"train_update","update":114,"global_step":1867776,"wall_s":1201.48,"sps":1554.6,"loss":2048.694801,"loss_ema":2013.244387,"loss_plateau_delta":8.862604,"loss_plateau_count":0,"pg_loss":-0.002344,"v_loss":4097.416374,"entropy":2.207611,"approx_kl":0.004627,"clipfrac":0.0522,"reward_mean":-1.0107,"reward_std":33.6519,"reward_min":-204.3244,"reward_max":315.2455,"reward_scale":1.0,"throttle_mean":0.8354,"throttle_min":0.199,"throttle_max":0.994}
{"type":"train_update","update":115,"global_step":1884160,"wall_s":1209.75,"sps":1557.5,"loss":2027.694252,"loss_ema":2016.13436,"loss_plateau_delta":2.889973,"loss_plateau_count":0,"pg_loss":-0.000833,"v_loss":4055.412247,"entropy":2.206021,"approx_kl":0.003084,"clipfrac":0.0676,"reward_mean":-1.1447,"reward_std":33.3823,"reward_min":-204.4158,"reward_max":316.5325,"reward_scale":1.0,"throttle_mean":0.8366,"throttle_min":0.2188,"throttle_max":0.9939}
{"type":"train_update","update":116,"global_step":1900544,"wall_s":1216.31,"sps":1562.5,"loss":2009.687687,"loss_ema":2014.845025,"loss_plateau_delta":1.289335,"loss_plateau_count":0,"pg_loss":-0.00132,"v_loss":4019.400024,"entropy":2.201468,"approx_kl":0.003743,"clipfrac":0.0403,"reward_mean":-1.1493,"reward_std":33.2359,"reward_min":-204.2428,"reward_max":320.3332,"reward_scale":1.0,"throttle_mean":0.8376,"throttle_min":0.1612,"throttle_max":0.9929}
{"type":"train_update","update":117,"global_step":1916928,"wall_s":1222.91,"sps":1567.5,"loss":1969.591473,"loss_ema":2005.794315,"loss_plateau_delta":9.050711,"loss_plateau_count":0,"pg_loss":-0.002027,"v_loss":3939.20903,"entropy":2.203543,"approx_kl":0.006998,"clipfrac":0.0593,"reward_mean":-1.0389,"reward_std":33.0951,"reward_min":-204.6511,"reward_max":330.8742,"reward_scale":1.0,"throttle_mean":0.8398,"throttle_min":0.2521,"throttle_max":0.9954}
{"type":"train_update","update":118,"global_step":1933312,"wall_s":1230.67,"sps":1570.9,"loss":1940.924213,"loss_ema":1992.820294,"loss_plateau_delta":12.97402,"loss_plateau_count":0,"pg_loss":-0.001456,"v_loss":3881.87336,"entropy":2.204782,"approx_kl":0.005176,"clipfrac":0.0613,"reward_mean":-1.3396,"reward_std":33.0125,"reward_min":-204.3945,"reward_max":325.3269,"reward_scale":1.0,"throttle_mean":0.8472,"throttle_min":0.1735,"throttle_max":0.9937}
{"type":"train_update","update":119,"global_step":1949696,"wall_s":1237.55,"sps":1575.5,"loss":1990.890953,"loss_ema":1992.434426,"loss_plateau_delta":0.385868,"loss_plateau_count":0,"pg_loss":-0.002011,"v_loss":3981.807991,"entropy":2.206264,"approx_kl":0.004844,"clipfrac":0.0467,"reward_mean":-1.1849,"reward_std":33.3333,"reward_min":-203.8982,"reward_max":320.6145,"reward_scale":1.0,"throttle_mean":0.8474,"throttle_min":0.1739,"throttle_max":0.9947}
{"type":"train_update","update":120,"global_step":1966080,"wall_s":1244.25,"sps":1580.1,"loss":1995.812878,"loss_ema":1993.110116,"loss_plateau_delta":0.67569,"loss_plateau_count":0,"pg_loss":-0.00156,"v_loss":3991.651009,"entropy":2.213691,"approx_kl":0.004611,"clipfrac":0.0534,"reward_mean":-1.5115,"reward_std":33.0629,"reward_min":-204.1806,"reward_max":334.5142,"reward_scale":1.0,"throttle_mean":0.847,"throttle_min":0.2283,"throttle_max":0.9933}
{"type":"train_update","update":121,"global_step":1982464,"wall_s":1251.01,"sps":1584.7,"loss":1971.879311,"loss_ema":1988.863955,"loss_plateau_delta":4.246161,"loss_plateau_count":0,"pg_loss":-0.001735,"v_loss":3943.784233,"entropy":2.215169,"approx_kl":0.004577,"clipfrac":0.0237,"reward_mean":-1.0395,"reward_std":33.0281,"reward_min":-204.0289,"reward_max":325.4919,"reward_scale":1.0,"throttle_mean":0.8466,"throttle_min":0.1581,"throttle_max":0.9929}
{"type":"train_update","update":122,"global_step":1998848,"wall_s":1258.56,"sps":1588.2,"loss":2003.412521,"loss_ema":1991.773669,"loss_plateau_delta":2.909713,"loss_plateau_count":0,"pg_loss":-0.001491,"v_loss":4006.850166,"entropy":2.214957,"approx_kl":0.003019,"clipfrac":0.0642,"reward_mean":-0.9931,"reward_std":33.3534,"reward_min":-204.1116,"reward_max":347.8947,"reward_scale":1.0,"throttle_mean":0.8417,"throttle_min":0.2054,"throttle_max":0.9952}
{"type":"train_update","update":123,"global_step":2015232,"wall_s":1265.23,"sps":1592.8,"loss":1949.687527,"loss_ema":1983.35644,"loss_plateau_delta":8.417228,"loss_plateau_count":0,"pg_loss":-0.002582,"v_loss":3899.40239,"entropy":2.216946,"approx_kl":0.004742,"clipfrac":0.052,"reward_mean":-0.727,"reward_std":33.3092,"reward_min":-203.8568,"reward_max":336.7419,"reward_scale":1.0,"throttle_mean":0.845,"throttle_min":0.21,"throttle_max":0.9945}
step=2,015,232 reward_mean=-0.727 kl=0.00474 clipfrac=0.052 eval={'landed_fraction': 1.0, 'crashed_fraction': 1.0, 'mean_touchdown_speed': 0.12360857427120209, 'max_touchdown_speed': 0.4922964572906494, 'mean_pad_distance': 2.156869649887085, 'max_pad_distance': 5.496717929840088, 'mean_delta_v_proxy': 20.19485855102539, 'mean_eval_throttle': 0.8718145410882102, 'max_eval_throttle': 0.9542061686515808, 'max_upward_speed': 1.2341961860656738, 'max_downward_speed': 7.421184062957764, 'passed': False}
{"type":"train_update","update":124,"global_step":2031616,"wall_s":1320.03,"sps":1539.1,"loss":1546.406536,"loss_ema":1895.966459,"loss_plateau_delta":87.389981,"loss_plateau_count":0,"pg_loss":-0.002282,"v_loss":3092.839859,"entropy":2.222173,"approx_kl":0.004971,"clipfrac":0.0437,"reward_mean":-1.3412,"reward_std":28.3066,"reward_min":-203.5812,"reward_max":317.5624,"reward_scale":1.0,"throttle_mean":0.8477,"throttle_min":0.2147,"throttle_max":0.9967}
{"type":"train_update","update":125,"global_step":2048000,"wall_s":1328.01,"sps":1542.2,"loss":1866.991005,"loss_ema":1890.171368,"loss_plateau_delta":5.795091,"loss_plateau_count":0,"pg_loss":-0.001051,"v_loss":3734.006378,"entropy":2.226951,"approx_kl":0.003303,"clipfrac":0.0236,"reward_mean":-0.943,"reward_std":32.2727,"reward_min":-203.6047,"reward_max":344.8035,"reward_scale":1.0,"throttle_mean":0.8461,"throttle_min":0.2302,"throttle_max":0.994}
{"type":"train_update","update":126,"global_step":2064384,"wall_s":1334.54,"sps":1546.9,"loss":1982.713039,"loss_ema":1908.679703,"loss_plateau_delta":18.508334,"loss_plateau_count":0,"pg_loss":-0.001584,"v_loss":3965.451576,"entropy":2.232396,"approx_kl":0.006349,"clipfrac":0.0443,"reward_mean":-1.0,"reward_std":33.5643,"reward_min":-204.3684,"reward_max":312.8882,"reward_scale":1.0,"throttle_mean":0.8456,"throttle_min":0.1942,"throttle_max":0.995}
{"type":"train_update","update":127,"global_step":2080768,"wall_s":1341.05,"sps":1551.6,"loss":1971.873764,"loss_ema":1921.318515,"loss_plateau_delta":12.638812,"loss_plateau_count":0,"pg_loss":-0.001223,"v_loss":3943.772301,"entropy":2.233865,"approx_kl":0.008532,"clipfrac":0.0903,"reward_mean":-0.9083,"reward_std":33.1152,"reward_min":-204.5776,"reward_max":344.7846,"reward_scale":1.0,"throttle_mean":0.8368,"throttle_min":0.1731,"throttle_max":0.9948}
{"type":"train_update","update":128,"global_step":2097152,"wall_s":1348.9,"sps":1554.7,"loss":2020.372913,"loss_ema":1941.129395,"loss_plateau_delta":19.81088,"loss_plateau_count":0,"pg_loss":-9.6e-05,"v_loss":4040.768387,"entropy":2.235817,"approx_kl":0.007634,"clipfrac":0.0885,"reward_mean":-1.0467,"reward_std":33.5906,"reward_min":-204.0021,"reward_max":311.0872,"reward_scale":1.0,"throttle_mean":0.8354,"throttle_min":0.1411,"throttle_max":0.9911}
{"type":"train_update","update":129,"global_step":2113536,"wall_s":1355.67,"sps":1559.0,"loss":1977.705372,"loss_ema":1948.44459,"loss_plateau_delta":7.315195,"loss_plateau_count":0,"pg_loss":-0.001737,"v_loss":3955.436592,"entropy":2.236905,"approx_kl":0.007629,"clipfrac":0.0781,"reward_mean":-0.7713,"reward_std":33.3644,"reward_min":-203.8752,"reward_max":342.4699,"reward_scale":1.0,"throttle_mean":0.837,"throttle_min":0.1235,"throttle_max":0.9948}
{"type":"train_update","update":130,"global_step":2129920,"wall_s":1362.52,"sps":1563.2,"loss":2002.685951,"loss_ema":1959.292862,"loss_plateau_delta":10.848272,"loss_plateau_count":0,"pg_loss":-0.00195,"v_loss":4005.398186,"entropy":2.236639,"approx_kl":0.003627,"clipfrac":0.0448,"reward_mean":-0.6077,"reward_std":33.8024,"reward_min":-204.1493,"reward_max":343.8824,"reward_scale":1.0,"throttle_mean":0.8365,"throttle_min":0.1345,"throttle_max":0.9928}
{"type":"train_update","update":131,"global_step":2146304,"wall_s":1369.36,"sps":1567.4,"loss":2017.745491,"loss_ema":1970.983388,"loss_plateau_delta":11.690526,"loss_plateau_count":0,"pg_loss":-0.001951,"v_loss":4035.517273,"entropy":2.237623,"approx_kl":0.003677,"clipfrac":0.0434,"reward_mean":-0.6849,"reward_std":34.1089,"reward_min":-203.6837,"reward_max":328.9813,"reward_scale":1.0,"throttle_mean":0.8389,"throttle_min":0.22,"throttle_max":0.9942}
{"type":"train_update","update":132,"global_step":2162688,"wall_s":1376.93,"sps":1570.7,"loss":1988.792801,"loss_ema":1974.545271,"loss_plateau_delta":3.561883,"loss_plateau_count":0,"pg_loss":-0.002247,"v_loss":3977.61248,"entropy":2.237698,"approx_kl":0.006087,"clipfrac":0.0442,"reward_mean":-0.6718,"reward_std":33.7,"reward_min":-203.7478,"reward_max":334.0834,"reward_scale":1.0,"throttle_mean":0.8372,"throttle_min":0.2059,"throttle_max":0.9932}
{"type":"train_update","update":133,"global_step":2179072,"wall_s":1383.48,"sps":1575.1,"loss":2054.449993,"loss_ema":1990.526215,"loss_plateau_delta":15.980945,"loss_plateau_count":0,"pg_loss":-0.002424,"v_loss":4108.927208,"entropy":2.237473,"approx_kl":0.005822,"clipfrac":0.0515,"reward_mean":-0.7289,"reward_std":34.3652,"reward_min":-203.9068,"reward_max":320.6511,"reward_scale":1.0,"throttle_mean":0.8327,"throttle_min":0.1691,"throttle_max":0.9952}
{"type":"train_update","update":134,"global_step":2195456,"wall_s":1389.63,"sps":1579.9,"loss":2075.764137,"loss_ema":2007.5738,"loss_plateau_delta":17.047584,"loss_plateau_count":0,"pg_loss":-0.001506,"v_loss":4151.553612,"entropy":2.232367,"approx_kl":0.01202,"clipfrac":0.0606,"reward_mean":-0.5599,"reward_std":34.6592,"reward_min":-203.7572,"reward_max":315.0455,"reward_scale":1.0,"throttle_mean":0.8308,"throttle_min":0.15,"throttle_max":0.9935}
{"type":"train_update","update":135,"global_step":2211840,"wall_s":1397.81,"sps":1582.4,"loss":1988.904194,"loss_ema":2003.839878,"loss_plateau_delta":3.733921,"loss_plateau_count":0,"pg_loss":-0.001054,"v_loss":3977.832802,"entropy":2.229768,"approx_kl":0.003962,"clipfrac":0.0408,"reward_mean":-1.4371,"reward_std":33.0681,"reward_min":-204.2656,"reward_max":318.1345,"reward_scale":1.0,"throttle_mean":0.8252,"throttle_min":0.1784,"throttle_max":0.9941}
{"type":"train_update","update":136,"global_step":2228224,"wall_s":1404.23,"sps":1586.8,"loss":2083.521111,"loss_ema":2019.776125,"loss_plateau_delta":15.936246,"loss_plateau_count":0,"pg_loss":-0.002035,"v_loss":4167.068596,"entropy":2.231001,"approx_kl":0.005485,"clipfrac":0.0457,"reward_mean":-0.5932,"reward_std":34.6267,"reward_min":-203.9393,"reward_max":334.4151,"reward_scale":1.0,"throttle_mean":0.8273,"throttle_min":0.2235,"throttle_max":0.9929}
{"type":"train_update","update":137,"global_step":2244608,"wall_s":1410.84,"sps":1591.0,"loss":2074.463997,"loss_ema":2030.713699,"loss_plateau_delta":10.937574,"loss_plateau_count":0,"pg_loss":-0.00222,"v_loss":4148.95475,"entropy":2.233704,"approx_kl":0.005326,"clipfrac":0.0473,"reward_mean":0.1199,"reward_std":34.8669,"reward_min":-203.5653,"reward_max":337.8528,"reward_scale":1.0,"throttle_mean":0.8266,"throttle_min":0.23,"throttle_max":0.992}
{"type":"train_update","update":138,"global_step":2260992,"wall_s":1418.11,"sps":1594.4,"loss":2012.368481,"loss_ema":2027.044656,"loss_plateau_delta":3.669044,"loss_plateau_count":0,"pg_loss":-0.00228,"v_loss":4024.763847,"entropy":2.231982,"approx_kl":0.00368,"clipfrac":0.0421,"reward_mean":-0.2197,"reward_std":34.5621,"reward_min":-203.6887,"reward_max":336.6953,"reward_scale":1.0,"throttle_mean":0.8247,"throttle_min":0.1494,"throttle_max":0.9918}
step=2,260,992 reward_mean=-0.220 kl=0.00368 clipfrac=0.042 eval={'landed_fraction': 1.0, 'crashed_fraction': 0.9921875, 'mean_touchdown_speed': 0.12988196313381195, 'max_touchdown_speed': 0.4553375840187073, 'mean_pad_distance': 1.940239667892456, 'max_pad_distance': 4.841675281524658, 'mean_delta_v_proxy': 18.80341339111328, 'mean_eval_throttle': 0.8479057517316606, 'max_eval_throttle': 0.9538500308990479, 'max_upward_speed': 0.8347975611686707, 'max_downward_speed': 8.404695510864258, 'passed': False}
{"type":"train_update","update":139,"global_step":2277376,"wall_s":1473.37,"sps":1545.7,"loss":1660.014736,"loss_ema":1953.638672,"loss_plateau_delta":73.405984,"loss_plateau_count":0,"pg_loss":-0.001831,"v_loss":3320.055481,"entropy":2.233405,"approx_kl":0.006065,"clipfrac":0.0422,"reward_mean":-1.1708,"reward_std":29.6794,"reward_min":-203.7891,"reward_max":320.7061,"reward_scale":1.0,"throttle_mean":0.8193,"throttle_min":0.1313,"throttle_max":0.9937}
{"type":"train_update","update":140,"global_step":2293760,"wall_s":1480.15,"sps":1549.7,"loss":1997.338612,"loss_ema":1962.37866,"loss_plateau_delta":8.739988,"loss_plateau_count":0,"pg_loss":-0.002126,"v_loss":3994.703827,"entropy":2.235493,"approx_kl":0.007386,"clipfrac":0.0327,"reward_mean":-0.259,"reward_std":33.9371,"reward_min":-204.021,"reward_max":332.2144,"reward_scale":1.0,"throttle_mean":0.8148,"throttle_min":0.18,"throttle_max":0.9932}
{"type":"train_update","update":141,"global_step":2310144,"wall_s":1487.16,"sps":1553.4,"loss":2066.365265,"loss_ema":1983.175981,"loss_plateau_delta":20.797321,"loss_plateau_count":0,"pg_loss":-0.001666,"v_loss":4132.75621,"entropy":2.232885,"approx_kl":0.005581,"clipfrac":0.0241,"reward_mean":-0.1591,"reward_std":34.8238,"reward_min":-204.0413,"reward_max":319.8813,"reward_scale":1.0,"throttle_mean":0.815,"throttle_min":0.1879,"throttle_max":0.9937}
{"type":"train_update","update":142,"global_step":2326528,"wall_s":1494.73,"sps":1556.5,"loss":2119.586304,"loss_ema":2010.458045,"loss_plateau_delta":27.282065,"loss_plateau_count":0,"pg_loss":-0.002671,"v_loss":4239.200287,"entropy":2.233638,"approx_kl":0.005466,"clipfrac":0.0337,"reward_mean":-0.0205,"reward_std":35.68,"reward_min":-204.1686,"reward_max":326.5974,"reward_scale":1.0,"throttle_mean":0.8091,"throttle_min":0.166,"throttle_max":0.9928}
{"type":"train_update","update":143,"global_step":2342912,"wall_s":1501.66,"sps":1560.2,"loss":2180.391586,"loss_ema":2044.444754,"loss_plateau_delta":33.986708,"loss_plateau_count":0,"pg_loss":-0.00213,"v_loss":4360.809723,"entropy":2.232895,"approx_kl":0.004025,"clipfrac":0.0195,"reward_mean":-0.485,"reward_std":35.3635,"reward_min":-203.9727,"reward_max":340.3802,"reward_scale":1.0,"throttle_mean":0.8032,"throttle_min":0.164,"throttle_max":0.9925}
{"type":"train_update","update":144,"global_step":2359296,"wall_s":1507.87,"sps":1564.7,"loss":2112.712738,"loss_ema":2058.09835,"loss_plateau_delta":13.653597,"loss_plateau_count":0,"pg_loss":-0.001839,"v_loss":4225.451462,"entropy":2.231062,"approx_kl":0.003195,"clipfrac":0.0233,"reward_mean":-0.1499,"reward_std":35.2182,"reward_min":-204.2306,"reward_max":328.3424,"reward_scale":1.0,"throttle_mean":0.804,"throttle_min":0.1916,"throttle_max":0.9937}
{"type":"train_update","update":145,"global_step":2375680,"wall_s":1516.5,"sps":1566.6,"loss":2198.494232,"loss_ema":2086.177527,"loss_plateau_delta":28.079176,"loss_plateau_count":0,"pg_loss":-0.001323,"v_loss":4397.013428,"entropy":2.232098,"approx_kl":0.005957,"clipfrac":0.0265,"reward_mean":-0.0665,"reward_std":35.8841,"reward_min":-204.1707,"reward_max":327.1705,"reward_scale":1.0,"throttle_mean":0.8033,"throttle_min":0.1844,"throttle_max":0.9937}
{"type":"train_update","update":146,"global_step":2392064,"wall_s":1522.92,"sps":1570.7,"loss":2050.934387,"loss_ema":2079.128899,"loss_plateau_delta":7.048628,"loss_plateau_count":0,"pg_loss":-0.001284,"v_loss":4101.893661,"entropy":2.233211,"approx_kl":0.0044,"clipfrac":0.0157,"reward_mean":-0.2133,"reward_std":34.6289,"reward_min":-203.9063,"reward_max":311.2687,"reward_scale":1.0,"throttle_mean":0.8056,"throttle_min":0.1519,"throttle_max":0.9936}
{"type":"train_update","update":147,"global_step":2408448,"wall_s":1529.68,"sps":1574.5,"loss":2186.983246,"loss_ema":2100.699768,"loss_plateau_delta":21.570869,"loss_plateau_count":0,"pg_loss":-0.002133,"v_loss":4373.993134,"entropy":2.232255,"approx_kl":0.004558,"clipfrac":0.0525,"reward_mean":-0.4391,"reward_std":35.8261,"reward_min":-204.163,"reward_max":320.2979,"reward_scale":1.0,"throttle_mean":0.8007,"throttle_min":0.1276,"throttle_max":0.9933}
{"type":"train_update","update":148,"global_step":2424832,"wall_s":1537.33,"sps":1577.3,"loss":2153.326588,"loss_ema":2111.225132,"loss_plateau_delta":10.525364,"loss_plateau_count":0,"pg_loss":0.000607,"v_loss":4306.674255,"entropy":2.232338,"approx_kl":0.01339,"clipfrac":0.0801,"reward_mean":0.1217,"reward_std":35.7775,"reward_min":-203.6998,"reward_max":318.5854,"reward_scale":1.0,"throttle_mean":0.8059,"throttle_min":0.1863,"throttle_max":0.9911}
{"type":"train_update","update":149,"global_step":2441216,"wall_s":1544.46,"sps":1580.6,"loss":2176.505531,"loss_ema":2124.281212,"loss_plateau_delta":13.05608,"loss_plateau_count":0,"pg_loss":-0.001397,"v_loss":4353.036209,"entropy":2.234147,"approx_kl":0.004525,"clipfrac":0.067,"reward_mean":-0.0638,"reward_std":35.5732,"reward_min":-204.0493,"reward_max":336.4943,"reward_scale":1.0,"throttle_mean":0.8045,"throttle_min":0.1346,"throttle_max":0.9923}
{"type":"train_update","update":150,"global_step":2457600,"wall_s":1551.26,"sps":1584.3,"loss":2201.803642,"loss_ema":2139.785698,"loss_plateau_delta":15.504486,"loss_plateau_count":0,"pg_loss":-0.001625,"v_loss":4403.632874,"entropy":2.231769,"approx_kl":0.002827,"clipfrac":0.0315,"reward_mean":0.0271,"reward_std":36.3033,"reward_min":-204.0615,"reward_max":336.4322,"reward_scale":1.0,"throttle_mean":0.7993,"throttle_min":0.1252,"throttle_max":0.9946}
{"type":"train_update","update":151,"global_step":2473984,"wall_s":1557.82,"sps":1588.1,"loss":2140.092628,"loss_ema":2139.847084,"loss_plateau_delta":0.061386,"loss_plateau_count":0,"pg_loss":-0.002048,"v_loss":4280.211655,"entropy":2.231203,"approx_kl":0.00546,"clipfrac":0.0761,"reward_mean":-0.0256,"reward_std":35.4863,"reward_min":-204.065,"reward_max":322.3343,"reward_scale":1.0,"throttle_mean":0.7966,"throttle_min":0.1314,"throttle_max":0.997}
{"type":"train_update","update":152,"global_step":2490368,"wall_s":1565.87,"sps":1590.4,"loss":2170.410362,"loss_ema":2145.95974,"loss_plateau_delta":6.112656,"loss_plateau_count":0,"pg_loss":-0.001396,"v_loss":4340.845856,"entropy":2.232451,"approx_kl":0.005407,"clipfrac":0.0376,"reward_mean":0.2399,"reward_std":35.8364,"reward_min":-203.8537,"reward_max":316.7324,"reward_scale":1.0,"throttle_mean":0.8011,"throttle_min":0.219,"throttle_max":0.9929}
{"type":"train_update","update":153,"global_step":2506752,"wall_s":1572.35,"sps":1594.3,"loss":2173.035164,"loss_ema":2151.374825,"loss_plateau_delta":5.415085,"loss_plateau_count":0,"pg_loss":-0.001472,"v_loss":4346.095596,"entropy":2.23222,"approx_kl":0.004159,"clipfrac":0.0277,"reward_mean":0.3149,"reward_std":36.1145,"reward_min":-204.2325,"reward_max":326.1339,"reward_scale":1.0,"throttle_mean":0.7967,"throttle_min":0.1377,"throttle_max":0.9926}
step=2,506,752 reward_mean=0.315 kl=0.00416 clipfrac=0.028 eval={'landed_fraction': 1.0, 'crashed_fraction': 1.0, 'mean_touchdown_speed': 0.18416087329387665, 'max_touchdown_speed': 0.5564185976982117, 'mean_pad_distance': 2.6287662982940674, 'max_pad_distance': 5.743954181671143, 'mean_delta_v_proxy': 17.46422576904297, 'mean_eval_throttle': 0.8233990615606308, 'max_eval_throttle': 0.9427353143692017, 'max_upward_speed': 1.5976146459579468, 'max_downward_speed': 8.783880233764648, 'passed': False}
{"type":"train_update","update":154,"global_step":2523136,"wall_s":1627.85,"sps":1550.0,"loss":1749.603119,"loss_ema":2071.020483,"loss_plateau_delta":80.354341,"loss_plateau_count":0,"pg_loss":-0.001462,"v_loss":3499.231483,"entropy":2.231333,"approx_kl":0.005026,"clipfrac":0.0297,"reward_mean":-0.6443,"reward_std":31.0677,"reward_min":-204.2337,"reward_max":336.0563,"reward_scale":1.0,"throttle_mean":0.7962,"throttle_min":0.1232,"throttle_max":0.9932}
{"type":"train_update","update":155,"global_step":2539520,"wall_s":1635.93,"sps":1552.3,"loss":2138.225555,"loss_ema":2084.461498,"loss_plateau_delta":13.441014,"loss_plateau_count":0,"pg_loss":-0.001236,"v_loss":4276.475891,"entropy":2.22984,"approx_kl":0.003646,"clipfrac":0.0289,"reward_mean":0.1674,"reward_std":35.4274,"reward_min":-204.1307,"reward_max":329.9487,"reward_scale":1.0,"throttle_mean":0.7932,"throttle_min":0.154,"throttle_max":0.9907}
{"type":"train_update","update":156,"global_step":2555904,"wall_s":1642.79,"sps":1555.8,"loss":2185.734215,"loss_ema":2104.716041,"loss_plateau_delta":20.254543,"loss_plateau_count":0,"pg_loss":-0.001576,"v_loss":4371.493912,"entropy":2.231068,"approx_kl":0.003394,"clipfrac":0.0237,"reward_mean":0.1007,"reward_std":36.3378,"reward_min":-204.1319,"reward_max":325.6552,"reward_scale":1.0,"throttle_mean":0.7915,"throttle_min":0.1093,"throttle_max":0.9924}
{"type":"train_update","update":157,"global_step":2572288,"wall_s":1649.34,"sps":1559.6,"loss":2167.444931,"loss_ema":2117.261819,"loss_plateau_delta":12.545778,"loss_plateau_count":0,"pg_loss":-0.001841,"v_loss":4334.915848,"entropy":2.232738,"approx_kl":0.007553,"clipfrac":0.0317,"reward_mean":-0.3035,"reward_std":35.8641,"reward_min":-204.0999,"reward_max":340.9843,"reward_scale":1.0,"throttle_mean":0.7885,"throttle_min":0.1312,"throttle_max":0.99}
{"type":"train_update","update":158,"global_step":2588672,"wall_s":1657.16,"sps":1562.1,"loss":2160.772499,"loss_ema":2125.963955,"loss_plateau_delta":8.702136,"loss_plateau_count":0,"pg_loss":-0.00166,"v_loss":4321.570633,"entropy":2.231767,"approx_kl":0.008078,"clipfrac":0.0506,"reward_mean":-0.5083,"reward_std":35.4865,"reward_min":-204.2273,"reward_max":316.9365,"reward_scale":1.0,"throttle_mean":0.7842,"throttle_min":0.146,"throttle_max":0.9931}
{"type":"train_update","update":159,"global_step":2605056,"wall_s":1664.08,"sps":1565.5,"loss":2201.027336,"loss_ema":2140.976631,"loss_plateau_delta":15.012676,"loss_plateau_count":0,"pg_loss":-0.001011,"v_loss":4402.078964,"entropy":2.229379,"approx_kl":0.003364,"clipfrac":0.0165,"reward_mean":-0.1317,"reward_std":36.1695,"reward_min":-204.1606,"reward_max":331.9671,"reward_scale":1.0,"throttle_mean":0.7852,"throttle_min":0.1996,"throttle_max":0.992}
{"type":"train_update","update":160,"global_step":2621440,"wall_s":1670.87,"sps":1568.9,"loss":2181.686325,"loss_ema":2149.11857,"loss_plateau_delta":8.141939,"loss_plateau_count":0,"pg_loss":-0.002265,"v_loss":4363.399414,"entropy":2.227696,"approx_kl":0.004146,"clipfrac":0.0312,"reward_mean":0.085,"reward_std":36.3179,"reward_min":-203.9922,"reward_max":344.6296,"reward_scale":1.0,"throttle_mean":0.7867,"throttle_min":0.177,"throttle_max":0.9912}
{"type":"train_update","update":161,"global_step":2637824,"wall_s":1677.79,"sps":1572.2,"loss":2222.515907,"loss_ema":2163.798038,"loss_plateau_delta":14.679467,"loss_plateau_count":0,"pg_loss":-0.002022,"v_loss":4445.058105,"entropy":2.226296,"approx_kl":0.005165,"clipfrac":0.0352,"reward_mean":0.428,"reward_std":36.7416,"reward_min":-204.0439,"reward_max":337.6241,"reward_scale":1.0,"throttle_mean":0.7882,"throttle_min":0.1509,"throttle_max":0.9919}
{"type":"train_update","update":162,"global_step":2654208,"wall_s":1685.36,"sps":1574.9,"loss":2236.491241,"loss_ema":2178.336678,"loss_plateau_delta":14.538641,"loss_plateau_count":0,"pg_loss":-0.001761,"v_loss":4473.00827,"entropy":2.227528,"approx_kl":0.006836,"clipfrac":0.0534,"reward_mean":-0.2966,"reward_std":36.4191,"reward_min":-204.1145,"reward_max":331.8933,"reward_scale":1.0,"throttle_mean":0.7804,"throttle_min":0.1449,"throttle_max":0.9894}
{"type":"train_update","update":163,"global_step":2670592,"wall_s":1692.02,"sps":1578.3,"loss":2231.456116,"loss_ema":2188.960566,"loss_plateau_delta":10.623887,"loss_plateau_count":0,"pg_loss":-0.001606,"v_loss":4462.937714,"entropy":2.227026,"approx_kl":0.004055,"clipfrac":0.0089,"reward_mean":0.1442,"reward_std":36.3489,"reward_min":-204.1934,"reward_max":327.3072,"reward_scale":1.0,"throttle_mean":0.7746,"throttle_min":0.1626,"throttle_max":0.9903}
{"type":"train_update","update":164,"global_step":2686976,"wall_s":1698.25,"sps":1582.2,"loss":2202.395386,"loss_ema":2191.64753,"loss_plateau_delta":2.686964,"loss_plateau_count":0,"pg_loss":-0.002125,"v_loss":4404.817276,"entropy":2.228164,"approx_kl":0.006096,"clipfrac":0.0369,"reward_mean":0.2931,"reward_std":36.8037,"reward_min":-204.0051,"reward_max":335.7624,"reward_scale":1.0,"throttle_mean":0.7837,"throttle_min":0.1668,"throttle_max":0.9906}
{"type":"train_update","update":165,"global_step":2703360,"wall_s":1706.11,"sps":1584.5,"loss":2310.355774,"loss_ema":2215.389179,"loss_plateau_delta":23.741649,"loss_plateau_count":0,"pg_loss":-0.001267,"v_loss":4620.736343,"entropy":2.230598,"approx_kl":0.004249,"clipfrac":0.028,"reward_mean":0.0345,"reward_std":37.0782,"reward_min":-204.1315,"reward_max":325.1524,"reward_scale":1.0,"throttle_mean":0.7734,"throttle_min":0.1038,"throttle_max":0.9931}
{"type":"train_update","update":166,"global_step":2719744,"wall_s":1712.61,"sps":1588.1,"loss":2189.746452,"loss_ema":2210.260633,"loss_plateau_delta":5.128545,"loss_plateau_count":0,"pg_loss":-0.001984,"v_loss":4379.51918,"entropy":2.233472,"approx_kl":0.004257,"clipfrac":0.038,"reward_mean":-0.0272,"reward_std":36.1055,"reward_min":-204.1704,"reward_max":326.3702,"reward_scale":1.0,"throttle_mean":0.772,"throttle_min":0.0883,"throttle_max":0.9929}
{"type":"train_update","update":167,"global_step":2736128,"wall_s":1719.22,"sps":1591.5,"loss":2195.694275,"loss_ema":2207.347362,"loss_plateau_delta":2.913272,"loss_plateau_count":0,"pg_loss":-0.001703,"v_loss":4391.414276,"entropy":2.232498,"approx_kl":0.005683,"clipfrac":0.0262,"reward_mean":0.0188,"reward_std":36.6102,"reward_min":-204.0226,"reward_max":331.5166,"reward_scale":1.0,"throttle_mean":0.7773,"throttle_min":0.0995,"throttle_max":0.995}
{"type":"train_update","update":168,"global_step":2752512,"wall_s":1726.68,"sps":1594.1,"loss":2164.656509,"loss_ema":2198.809191,"loss_plateau_delta":8.53817,"loss_plateau_count":0,"pg_loss":-0.000838,"v_loss":4329.337036,"entropy":2.235405,"approx_kl":0.011404,"clipfrac":0.0745,"reward_mean":0.2289,"reward_std":36.5601,"reward_min":-204.0861,"reward_max":328.9374,"reward_scale":1.0,"throttle_mean":0.7768,"throttle_min":0.0682,"throttle_max":0.9951}
step=2,752,512 reward_mean=0.229 kl=0.01140 clipfrac=0.074 eval={'landed_fraction': 1.0, 'crashed_fraction': 0.9765625, 'mean_touchdown_speed': 0.1118101105093956, 'max_touchdown_speed': 0.47077062726020813, 'mean_pad_distance': 1.8832776546478271, 'max_pad_distance': 5.4055986404418945, 'mean_delta_v_proxy': 16.54105567932129, 'mean_eval_throttle': 0.8049829643964768, 'max_eval_throttle': 0.9561769962310791, 'max_upward_speed': 0.6417866349220276, 'max_downward_speed': 8.938753128051758, 'passed': False}
{"type":"train_update","update":169,"global_step":2768896,"wall_s":1781.57,"sps":1554.2,"loss":1804.966122,"loss_ema":2120.040577,"loss_plateau_delta":78.768614,"loss_plateau_count":0,"pg_loss":-0.001811,"v_loss":3609.958229,"entropy":2.237453,"approx_kl":0.003448,"clipfrac":0.0468,"reward_mean":-0.4044,"reward_std":31.8656,"reward_min":-203.9046,"reward_max":322.6917,"reward_scale":1.0,"throttle_mean":0.7795,"throttle_min":0.1565,"throttle_max":0.9935}
{"type":"train_update","update":170,"global_step":2785280,"wall_s":1788.61,"sps":1557.2,"loss":2179.246262,"loss_ema":2131.881714,"loss_plateau_delta":11.841137,"loss_plateau_count":0,"pg_loss":-0.000828,"v_loss":4358.516602,"entropy":2.238881,"approx_kl":0.004394,"clipfrac":0.0265,"reward_mean":0.0664,"reward_std":35.6985,"reward_min":-203.9765,"reward_max":329.1595,"reward_scale":1.0,"throttle_mean":0.777,"throttle_min":0.1262,"throttle_max":0.9941}
{"type":"train_update","update":171,"global_step":2801664,"wall_s":1795.62,"sps":1560.3,"loss":2208.384689,"loss_ema":2147.182309,"loss_plateau_delta":15.300595,"loss_plateau_count":0,"pg_loss":-0.001239,"v_loss":4416.794205,"entropy":2.238812,"approx_kl":0.004254,"clipfrac":0.0663,"reward_mean":0.644,"reward_std":37.1458,"reward_min":-203.7875,"reward_max":333.2325,"reward_scale":1.0,"throttle_mean":0.788,"throttle_min":0.1667,"throttle_max":0.9929}
{"type":"train_update","update":172,"global_step":2818048,"wall_s":1803.31,"sps":1562.7,"loss":2142.708443,"loss_ema":2146.287536,"loss_plateau_delta":0.894773,"loss_plateau_count":0,"pg_loss":-0.001301,"v_loss":4285.441895,"entropy":2.239037,"approx_kl":0.006088,"clipfrac":0.0546,"reward_mean":0.0762,"reward_std":36.2378,"reward_min":-203.982,"reward_max":337.4863,"reward_scale":1.0,"throttle_mean":0.788,"throttle_min":0.1494,"throttle_max":0.9953}
{"type":"train_update","update":173,"global_step":2834432,"wall_s":1810.49,"sps":1565.6,"loss":2150.404648,"loss_ema":2147.110958,"loss_plateau_delta":0.823422,"loss_plateau_count":0,"pg_loss":-0.002154,"v_loss":4300.836014,"entropy":2.240471,"approx_kl":0.006392,"clipfrac":0.0354,"reward_mean":0.0107,"reward_std":36.4835,"reward_min":-204.1037,"reward_max":344.3865,"reward_scale":1.0,"throttle_mean":0.787,"throttle_min":0.1927,"throttle_max":0.9936}
{"type":"train_update","update":174,"global_step":2850816,"wall_s":1816.69,"sps":1569.2,"loss":2067.173725,"loss_ema":2131.123512,"loss_plateau_delta":15.987447,"loss_plateau_count":0,"pg_loss":-0.001723,"v_loss":4134.373306,"entropy":2.24035,"approx_kl":0.005914,"clipfrac":0.0437,"reward_mean":0.1849,"reward_std":35.8024,"reward_min":-203.8232,"reward_max":332.6118,"reward_scale":1.0,"throttle_mean":0.7926,"throttle_min":0.1306,"throttle_max":0.9952}
{"type":"train_update","update":175,"global_step":2867200,"wall_s":1825.18,"sps":1570.9,"loss":2170.536926,"loss_ema":2139.006195,"loss_plateau_delta":7.882683,"loss_plateau_count":0,"pg_loss":-0.002028,"v_loss":4341.100311,"entropy":2.239137,"approx_kl":0.004323,"clipfrac":0.03,"reward_mean":0.2082,"reward_std":36.9781,"reward_min":-204.0147,"reward_max":336.2328,"reward_scale":1.0,"throttle_mean":0.7854,"throttle_min":0.1839,"throttle_max":0.9929}
{"type":"train_update","update":176,"global_step":2883584,"wall_s":1831.69,"sps":1574.3,"loss":2217.975288,"loss_ema":2154.800013,"loss_plateau_delta":15.793819,"loss_plateau_count":0,"pg_loss":-0.001704,"v_loss":4435.976364,"entropy":2.239603,"approx_kl":0.005518,"clipfrac":0.0299,"reward_mean":0.0185,"reward_std":36.727,"reward_min":-203.6907,"reward_max":334.7417,"reward_scale":1.0,"throttle_mean":0.7861,"throttle_min":0.1437,"throttle_max":0.9925}
{"type":"train_update","update":177,"global_step":2899968,"wall_s":1838.22,"sps":1577.6,"loss":2119.890785,"loss_ema":2147.818168,"loss_plateau_delta":6.981846,"loss_plateau_count":0,"pg_loss":-0.00211,"v_loss":4239.808167,"entropy":2.239045,"approx_kl":0.005586,"clipfrac":0.0522,"reward_mean":0.2195,"reward_std":36.3037,"reward_min":-203.7326,"reward_max":338.2592,"reward_scale":1.0,"throttle_mean":0.7874,"throttle_min":0.149,"throttle_max":0.9915}
{"type":"train_update","update":178,"global_step":2916352,"wall_s":1845.87,"sps":1579.9,"loss":2169.872627,"loss_ema":2152.22906,"loss_plateau_delta":4.410892,"loss_plateau_count":0,"pg_loss":-0.001774,"v_loss":4339.77121,"entropy":2.238314,"approx_kl":0.004003,"clipfrac":0.0165,"reward_mean":0.3354,"reward_std":36.7352,"reward_min":-203.7139,"reward_max":329.7802,"reward_scale":1.0,"throttle_mean":0.7911,"throttle_min":0.1831,"throttle_max":0.9937}
{"type":"train_update","update":179,"global_step":2932736,"wall_s":1852.71,"sps":1582.9,"loss":2155.500961,"loss_ema":2152.88344,"loss_plateau_delta":0.65438,"loss_plateau_count":0,"pg_loss":-0.001283,"v_loss":4311.026855,"entropy":2.238138,"approx_kl":0.002904,"clipfrac":0.016,"reward_mean":0.4076,"reward_std":36.4324,"reward_min":-203.9533,"reward_max":327.3759,"reward_scale":1.0,"throttle_mean":0.7954,"throttle_min":0.1926,"throttle_max":0.9914}
{"type":"train_update","update":180,"global_step":2949120,"wall_s":1859.74,"sps":1585.8,"loss":2146.288994,"loss_ema":2151.564551,"loss_plateau_delta":1.318889,"loss_plateau_count":0,"pg_loss":-0.001984,"v_loss":4292.604324,"entropy":2.238143,"approx_kl":0.004402,"clipfrac":0.0197,"reward_mean":0.2205,"reward_std":36.4313,"reward_min":-203.9679,"reward_max":320.5624,"reward_scale":1.0,"throttle_mean":0.7954,"throttle_min":0.1743,"throttle_max":0.9944}
{"type":"train_update","update":181,"global_step":2965504,"wall_s":1866.56,"sps":1588.8,"loss":2123.858158,"loss_ema":2146.023272,"loss_plateau_delta":5.541279,"loss_plateau_count":0,"pg_loss":-0.002152,"v_loss":4247.743027,"entropy":2.238144,"approx_kl":0.004151,"clipfrac":0.0296,"reward_mean":-0.1545,"reward_std":36.0642,"reward_min":-203.8915,"reward_max":322.818,"reward_scale":1.0,"throttle_mean":0.8004,"throttle_min":0.1199,"throttle_max":0.9951}
{"type":"train_update","update":182,"global_step":2981888,"wall_s":1874.41,"sps":1590.8,"loss":2109.924938,"loss_ema":2138.803605,"loss_plateau_delta":7.219667,"loss_plateau_count":0,"pg_loss":-0.001548,"v_loss":4219.87532,"entropy":2.237829,"approx_kl":0.007511,"clipfrac":0.0258,"reward_mean":0.1813,"reward_std":36.1894,"reward_min":-203.9926,"reward_max":340.9218,"reward_scale":1.0,"throttle_mean":0.8034,"throttle_min":0.1778,"throttle_max":0.9929}
{"type":"train_update","update":183,"global_step":2998272,"wall_s":1880.95,"sps":1594.0,"loss":2035.52528,"loss_ema":2118.14794,"loss_plateau_delta":20.655665,"loss_plateau_count":0,"pg_loss":-0.00145,"v_loss":4071.075844,"entropy":2.237484,"approx_kl":0.004434,"clipfrac":0.0164,"reward_mean":0.7201,"reward_std":36.1699,"reward_min":-204.1316,"reward_max":326.6062,"reward_scale":1.0,"throttle_mean":0.8023,"throttle_min":0.1782,"throttle_max":0.996}
{"type":"train_update","update":184,"global_step":3014656,"wall_s":1887.25,"sps":1597.4,"loss":2068.351189,"loss_ema":2108.18859,"loss_plateau_delta":9.95935,"loss_plateau_count":0,"pg_loss":-0.00172,"v_loss":4136.728142,"entropy":2.237992,"approx_kl":0.003001,"clipfrac":0.017,"reward_mean":1.0729,"reward_std":37.1716,"reward_min":-203.9745,"reward_max":330.8985,"reward_scale":1.0,"throttle_mean":0.8084,"throttle_min":0.158,"throttle_max":0.9945}
step=3,014,656 reward_mean=1.073 kl=0.00300 clipfrac=0.017 eval={'landed_fraction': 1.0, 'crashed_fraction': 0.9921875, 'mean_touchdown_speed': 0.13512472808361053, 'max_touchdown_speed': 0.42066851258277893, 'mean_pad_distance': 2.0024383068084717, 'max_pad_distance': 5.002864360809326, 'mean_delta_v_proxy': 17.913532257080078, 'mean_eval_throttle': 0.83447571794192, 'max_eval_throttle': 0.9532933235168457, 'max_upward_speed': 0.8696612119674683, 'max_downward_speed': 8.427438735961914, 'passed': False}
{"type":"train_update","update":185,"global_step":3031040,"wall_s":1943.37,"sps":1559.7,"loss":1671.425411,"loss_ema":2020.835954,"loss_plateau_delta":87.352636,"loss_plateau_count":0,"pg_loss":-0.001402,"v_loss":3342.876015,"entropy":2.238488,"approx_kl":0.005545,"clipfrac":0.0401,"reward_mean":-0.2991,"reward_std":31.2565,"reward_min":-204.0917,"reward_max":340.03,"reward_scale":1.0,"throttle_mean":0.806,"throttle_min":0.2083,"throttle_max":0.9935}
{"type":"train_update","update":186,"global_step":3047424,"wall_s":1949.96,"sps":1562.8,"loss":1959.538643,"loss_ema":2008.576492,"loss_plateau_delta":12.259462,"loss_plateau_count":0,"pg_loss":-0.002293,"v_loss":3919.104286,"entropy":2.240686,"approx_kl":0.005295,"clipfrac":0.0242,"reward_mean":-0.1564,"reward_std":34.639,"reward_min":-203.8954,"reward_max":325.4332,"reward_scale":1.0,"throttle_mean":0.7974,"throttle_min":0.1602,"throttle_max":0.9917}
{"type":"train_update","update":187,"global_step":3063808,"wall_s":1956.59,"sps":1565.9,"loss":2098.300819,"loss_ema":2026.521357,"loss_plateau_delta":17.944865,"loss_plateau_count":0,"pg_loss":-0.001862,"v_loss":4196.627777,"entropy":2.241662,"approx_kl":0.005412,"clipfrac":0.0202,"reward_mean":0.5528,"reward_std":37.0373,"reward_min":-203.7684,"reward_max":334.9576,"reward_scale":1.0,"throttle_mean":0.7992,"throttle_min":0.1928,"throttle_max":0.9935}
{"type":"train_update","update":188,"global_step":3080192,"wall_s":1964.39,"sps":1568.0,"loss":2081.903133,"loss_ema":2037.597713,"loss_plateau_delta":11.076355,"loss_plateau_count":0,"pg_loss":-0.001582,"v_loss":4163.831848,"entropy":2.242037,"approx_kl":0.004843,"clipfrac":0.0208,"reward_mean":-0.1645,"reward_std":36.1569,"reward_min":-203.8799,"reward_max":313.4677,"reward_scale":1.0,"throttle_mean":0.798,"throttle_min":0.1606,"throttle_max":0.994}
{"type":"train_update","update":189,"global_step":3096576,"wall_s":1971.33,"sps":1570.8,"loss":2058.896996,"loss_ema":2041.857569,"loss_plateau_delta":4.259857,"loss_plateau_count":0,"pg_loss":-0.001628,"v_loss":4117.819626,"entropy":2.238872,"approx_kl":0.004334,"clipfrac":0.0281,"reward_mean":0.5866,"reward_std":36.467,"reward_min":-203.8909,"reward_max":325.0245,"reward_scale":1.0,"throttle_mean":0.802,"throttle_min":0.144,"throttle_max":0.9945}
{"type":"train_update","update":190,"global_step":3112960,"wall_s":1978.23,"sps":1573.6,"loss":2091.171799,"loss_ema":2051.720415,"loss_plateau_delta":9.862846,"loss_plateau_count":0,"pg_loss":-0.000689,"v_loss":4182.367348,"entropy":2.238144,"approx_kl":0.004235,"clipfrac":0.0391,"reward_mean":0.5628,"reward_std":36.8249,"reward_min":-204.5273,"reward_max":331.0453,"reward_scale":1.0,"throttle_mean":0.7963,"throttle_min":0.1642,"throttle_max":0.9925}
{"type":"train_update","update":191,"global_step":3129344,"wall_s":1984.79,"sps":1576.7,"loss":2084.787155,"loss_ema":2058.333763,"loss_plateau_delta":6.613348,"loss_plateau_count":0,"pg_loss":-0.001292,"v_loss":4169.599281,"entropy":2.24075,"approx_kl":0.003449,"clipfrac":0.0233,"reward_mean":0.7108,"reward_std":37.101,"reward_min":-203.6977,"reward_max":326.775,"reward_scale":1.0,"throttle_mean":0.796,"throttle_min":0.1396,"throttle_max":0.9927}
{"type":"train_update","update":192,"global_step":3145728,"wall_s":1992.34,"sps":1578.9,"loss":2152.466545,"loss_ema":2077.16032,"loss_plateau_delta":18.826556,"loss_plateau_count":0,"pg_loss":-0.002509,"v_loss":4304.960564,"entropy":2.241237,"approx_kl":0.006011,"clipfrac":0.0243,"reward_mean":0.5081,"reward_std":37.0172,"reward_min":-203.9927,"reward_max":334.0679,"reward_scale":1.0,"throttle_mean":0.7961,"throttle_min":0.1533,"throttle_max":0.9911}
{"type":"train_update","update":193,"global_step":3162112,"wall_s":1999.13,"sps":1581.7,"loss":2093.9454,"loss_ema":2080.517336,"loss_plateau_delta":3.357016,"loss_plateau_count":0,"pg_loss":-0.001348,"v_loss":4187.915886,"entropy":2.241362,"approx_kl":0.003267,"clipfrac":0.0129,"reward_mean":0.6242,"reward_std":36.7687,"reward_min":-204.2677,"reward_max":343.5597,"reward_scale":1.0,"throttle_mean":0.7897,"throttle_min":0.1599,"throttle_max":0.9941}
{"type":"train_update","update":194,"global_step":3178496,"wall_s":2005.55,"sps":1584.8,"loss":2160.291321,"loss_ema":2096.472133,"loss_plateau_delta":15.954797,"loss_plateau_count":0,"pg_loss":-0.001475,"v_loss":4320.608032,"entropy":2.241173,"approx_kl":0.003364,"clipfrac":0.0212,"reward_mean":0.4049,"reward_std":37.1823,"reward_min":-203.8741,"reward_max":342.1858,"reward_scale":1.0,"throttle_mean":0.7897,"throttle_min":0.2129,"throttle_max":0.9953}
{"type":"train_update","update":195,"global_step":3194880,"wall_s":2014.0,"sps":1586.3,"loss":2063.149055,"loss_ema":2089.807517,"loss_plateau_delta":6.664615,"loss_plateau_count":0,"pg_loss":-0.0015,"v_loss":4126.323509,"entropy":2.241137,"approx_kl":0.002821,"clipfrac":0.0095,"reward_mean":0.1696,"reward_std":36.1007,"reward_min":-204.2325,"reward_max":331.8862,"reward_scale":1.0,"throttle_mean":0.7956,"throttle_min":0.1469,"throttle_max":0.9908}
{"type":"train_update","update":196,"global_step":3211264,"wall_s":2020.33,"sps":1589.5,"loss":2036.523411,"loss_ema":2079.150696,"loss_plateau_delta":10.656821,"loss_plateau_count":0,"pg_loss":-0.001817,"v_loss":4073.072884,"entropy":2.241316,"approx_kl":0.004632,"clipfrac":0.0243,"reward_mean":0.3553,"reward_std":36.3417,"reward_min":-203.9429,"reward_max":345.5941,"reward_scale":1.0,"throttle_mean":0.7978,"throttle_min":0.1177,"throttle_max":0.9965}
{"type":"train_update","update":197,"global_step":3227648,"wall_s":2027.04,"sps":1592.3,"loss":2155.68174,"loss_ema":2094.456905,"loss_plateau_delta":15.306209,"loss_plateau_count":0,"pg_loss":-0.000881,"v_loss":4311.387634,"entropy":2.241415,"approx_kl":0.003739,"clipfrac":0.0172,"reward_mean":0.6694,"reward_std":37.6753,"reward_min":-204.3148,"reward_max":332.7763,"reward_scale":1.0,"throttle_mean":0.7896,"throttle_min":0.1828,"throttle_max":0.9952}
{"type":"train_update","update":198,"global_step":3244032,"wall_s":2034.53,"sps":1594.5,"loss":2075.781544,"loss_ema":2090.721833,"loss_plateau_delta":3.735072,"loss_plateau_count":0,"pg_loss":-0.001667,"v_loss":4151.588837,"entropy":2.243385,"approx_kl":0.00262,"clipfrac":0.0151,"reward_mean":0.1728,"reward_std":36.4958,"reward_min":-204.5566,"reward_max":341.1124,"reward_scale":1.0,"throttle_mean":0.7975,"throttle_min":0.149,"throttle_max":0.9914}
{"type":"train_update","update":199,"global_step":3260416,"wall_s":2041.79,"sps":1596.8,"loss":2113.263515,"loss_ema":2095.230169,"loss_plateau_delta":4.508337,"loss_plateau_count":0,"pg_loss":-0.002137,"v_loss":4226.553795,"entropy":2.244266,"approx_kl":0.003798,"clipfrac":0.017,"reward_mean":0.5201,"reward_std":37.1143,"reward_min":-203.9169,"reward_max":334.7922,"reward_scale":1.0,"throttle_mean":0.7991,"throttle_min":0.1763,"throttle_max":0.9924}
step=3,260,416 reward_mean=0.520 kl=0.00380 clipfrac=0.017 eval={'landed_fraction': 1.0, 'crashed_fraction': 1.0, 'mean_touchdown_speed': 0.08785399794578552, 'max_touchdown_speed': 0.3482276201248169, 'mean_pad_distance': 1.9620780944824219, 'max_pad_distance': 4.811142921447754, 'mean_delta_v_proxy': 17.853668212890625, 'mean_eval_throttle': 0.8328717739714516, 'max_eval_throttle': 0.9474639296531677, 'max_upward_speed': 0.8093885183334351, 'max_downward_speed': 8.403324127197266, 'passed': False}
{"type":"train_update","update":200,"global_step":3276800,"wall_s":2097.36,"sps":1562.3,"loss":1666.863693,"loss_ema":2009.556874,"loss_plateau_delta":85.673295,"loss_plateau_count":0,"pg_loss":-0.002735,"v_loss":3333.755302,"entropy":2.243863,"approx_kl":0.006376,"clipfrac":0.0465,"reward_mean":0.0845,"reward_std":32.0697,"reward_min":-203.9949,"reward_max":330.4168,"reward_scale":1.0,"throttle_mean":0.8003,"throttle_min":0.1658,"throttle_max":0.9926}
{"type":"train_update","update":201,"global_step":3293184,"wall_s":2104.06,"sps":1565.2,"loss":1994.431976,"loss_ema":2006.531894,"loss_plateau_delta":3.02498,"loss_plateau_count":0,"pg_loss":-0.001375,"v_loss":3988.88913,"entropy":2.243804,"approx_kl":0.002916,"clipfrac":0.0094,"reward_mean":0.2617,"reward_std":35.3224,"reward_min":-204.3409,"reward_max":321.1747,"reward_scale":1.0,"throttle_mean":0.801,"throttle_min":0.1636,"throttle_max":0.9906}
{"type":"train_update","update":202,"global_step":3309568,"wall_s":2111.78,"sps":1567.2,"loss":2074.12101,"loss_ema":2020.049717,"loss_plateau_delta":13.517823,"loss_plateau_count":0,"pg_loss":-0.001395,"v_loss":4148.267242,"entropy":2.243241,"approx_kl":0.005462,"clipfrac":0.0249,"reward_mean":0.5073,"reward_std":37.1867,"reward_min":-204.575,"reward_max":324.7902,"reward_scale":1.0,"throttle_mean":0.7974,"throttle_min":0.1512,"throttle_max":0.9939}
{"type":"train_update","update":203,"global_step":3325952,"wall_s":2118.43,"sps":1570.0,"loss":2082.76791,"loss_ema":2032.593356,"loss_plateau_delta":12.543639,"loss_plateau_count":0,"pg_loss":-0.001444,"v_loss":4165.561096,"entropy":2.244244,"approx_kl":0.00717,"clipfrac":0.0439,"reward_mean":0.1178,"reward_std":36.507,"reward_min":-204.3356,"reward_max":328.7971,"reward_scale":1.0,"throttle_mean":0.7978,"throttle_min":0.1334,"throttle_max":0.9907}
{"type":"train_update","update":204,"global_step":3342336,"wall_s":2124.8,"sps":1573.0,"loss":2056.506859,"loss_ema":2037.376057,"loss_plateau_delta":4.782701,"loss_plateau_count":0,"pg_loss":-0.001785,"v_loss":4113.039742,"entropy":2.245172,"approx_kl":0.003967,"clipfrac":0.0247,"reward_mean":0.3142,"reward_std":36.3761,"reward_min":-204.0727,"reward_max":332.2249,"reward_scale":1.0,"throttle_mean":0.7952,"throttle_min":0.1643,"throttle_max":0.9917}
{"type":"train_update","update":205,"global_step":3358720,"wall_s":2132.93,"sps":1574.7,"loss":2109.002556,"loss_ema":2051.701356,"loss_plateau_delta":14.3253,"loss_plateau_count":0,"pg_loss":-0.002062,"v_loss":4218.031677,"entropy":2.244551,"approx_kl":0.004749,"clipfrac":0.0398,"reward_mean":0.0638,"reward_std":36.7752,"reward_min":-204.366,"reward_max":341.006,"reward_scale":1.0,"throttle_mean":0.799,"throttle_min":0.174,"throttle_max":0.994}
{"type":"train_update","update":206,"global_step":3375104,"wall_s":2139.43,"sps":1577.6,"loss":2069.888569,"loss_ema":2055.338799,"loss_plateau_delta":3.637442,"loss_plateau_count":0,"pg_loss":-0.001444,"v_loss":4139.802513,"entropy":2.246142,"approx_kl":0.004307,"clipfrac":0.0297,"reward_mean":0.5495,"reward_std":36.8937,"reward_min":-204.157,"reward_max":318.6855,"reward_scale":1.0,"throttle_mean":0.7975,"throttle_min":0.1013,"throttle_max":0.9904}
{"type":"train_update","update":207,"global_step":3391488,"wall_s":2146.0,"sps":1580.4,"loss":2044.361534,"loss_ema":2053.143346,"loss_plateau_delta":2.195453,"loss_plateau_count":0,"pg_loss":-0.002437,"v_loss":4088.75042,"entropy":2.247433,"approx_kl":0.004493,"clipfrac":0.033,"reward_mean":0.5723,"reward_std":36.7402,"reward_min":-204.2148,"reward_max":331.8477,"reward_scale":1.0,"throttle_mean":0.7961,"throttle_min":0.1778,"throttle_max":0.9928}
{"type":"train_update","update":208,"global_step":3407872,"wall_s":2153.16,"sps":1582.7,"loss":2038.258949,"loss_ema":2050.166467,"loss_plateau_delta":2.976879,"loss_plateau_count":0,"pg_loss":-0.001604,"v_loss":4076.543602,"entropy":2.24922,"approx_kl":0.00516,"clipfrac":0.0256,"reward_mean":0.6868,"reward_std":36.9433,"reward_min":-204.1555,"reward_max":320.8632,"reward_scale":1.0,"throttle_mean":0.7947,"throttle_min":0.1366,"throttle_max":0.9914}
{"type":"train_update","update":209,"global_step":3424256,"wall_s":2160.58,"sps":1584.9,"loss":2033.016327,"loss_ema":2046.736439,"loss_plateau_delta":3.430028,"loss_plateau_count":0,"pg_loss":-0.002328,"v_loss":4066.059845,"entropy":2.251046,"approx_kl":0.004248,"clipfrac":0.0361,"reward_mean":0.2371,"reward_std":36.2216,"reward_min":-204.2545,"reward_max":310.8431,"reward_scale":1.0,"throttle_mean":0.7934,"throttle_min":0.1109,"throttle_max":0.9915}
{"type":"train_update","update":210,"global_step":3440640,"wall_s":2167.83,"sps":1587.1,"loss":2030.645916,"loss_ema":2043.518334,"loss_plateau_delta":3.218105,"loss_plateau_count":0,"pg_loss":-0.002319,"v_loss":4061.318993,"entropy":2.252499,"approx_kl":0.008162,"clipfrac":0.0526,"reward_mean":1.2421,"reward_std":37.313,"reward_min":-203.9406,"reward_max":313.8127,"reward_scale":1.0,"throttle_mean":0.7906,"throttle_min":0.2083,"throttle_max":0.9931}
{"type":"train_update","update":211,"global_step":3457024,"wall_s":2174.61,"sps":1589.7,"loss":2068.182327,"loss_ema":2048.451133,"loss_plateau_delta":4.932799,"loss_plateau_count":0,"pg_loss":-0.000926,"v_loss":4136.38903,"entropy":2.253807,"approx_kl":0.003042,"clipfrac":0.0064,"reward_mean":0.4635,"reward_std":37.143,"reward_min":-204.0638,"reward_max":327.937,"reward_scale":1.0,"throttle_mean":0.7924,"throttle_min":0.1734,"throttle_max":0.991}
{"type":"train_update","update":212,"global_step":3473408,"wall_s":2182.73,"sps":1591.3,"loss":2020.728432,"loss_ema":2042.906593,"loss_plateau_delta":5.54454,"loss_plateau_count":0,"pg_loss":-0.000939,"v_loss":4041.481331,"entropy":2.257035,"approx_kl":0.003215,"clipfrac":0.0118,"reward_mean":0.4003,"reward_std":36.4612,"reward_min":-203.998,"reward_max":320.0287,"reward_scale":1.0,"throttle_mean":0.7915,"throttle_min":0.1471,"throttle_max":0.9946}
{"type":"train_update","update":213,"global_step":3489792,"wall_s":2189.36,"sps":1594.0,"loss":2032.869129,"loss_ema":2040.8991,"loss_plateau_delta":2.007493,"loss_plateau_count":0,"pg_loss":-0.002625,"v_loss":4065.76606,"entropy":2.260915,"approx_kl":0.005562,"clipfrac":0.058,"reward_mean":0.0543,"reward_std":36.4479,"reward_min":-204.0354,"reward_max":339.8932,"reward_scale":1.0,"throttle_mean":0.7906,"throttle_min":0.1984,"throttle_max":0.9891}
{"type":"train_update","update":214,"global_step":3506176,"wall_s":2195.91,"sps":1596.7,"loss":2126.659771,"loss_ema":2058.051234,"loss_plateau_delta":17.152134,"loss_plateau_count":0,"pg_loss":-0.001418,"v_loss":4253.345016,"entropy":2.261134,"approx_kl":0.004222,"clipfrac":0.0151,"reward_mean":0.5546,"reward_std":37.8413,"reward_min":-204.2754,"reward_max":336.5739,"reward_scale":1.0,"throttle_mean":0.7844,"throttle_min":0.1496,"throttle_max":0.9942}
step=3,506,176 reward_mean=0.555 kl=0.00422 clipfrac=0.015 eval={'landed_fraction': 1.0, 'crashed_fraction': 0.9921875, 'mean_touchdown_speed': 0.11880959570407867, 'max_touchdown_speed': 0.4097145199775696, 'mean_pad_distance': 2.217280387878418, 'max_pad_distance': 5.417219161987305, 'mean_delta_v_proxy': 16.492876052856445, 'mean_eval_throttle': 0.805809247692426, 'max_eval_throttle': 0.9485626220703125, 'max_upward_speed': 0.9116430878639221, 'max_downward_speed': 9.045660972595215, 'passed': False}
{"type":"train_update","update":215,"global_step":3522560,"wall_s":2252.13,"sps":1564.1,"loss":1637.864769,"loss_ema":1974.013941,"loss_plateau_delta":84.037293,"loss_plateau_count":0,"pg_loss":-0.002808,"v_loss":3275.757736,"entropy":2.259122,"approx_kl":0.00535,"clipfrac":0.0396,"reward_mean":-0.0705,"reward_std":32.084,"reward_min":-203.8937,"reward_max":322.7337,"reward_scale":1.0,"throttle_mean":0.771,"throttle_min":0.1591,"throttle_max":0.9936}
{"type":"train_update","update":216,"global_step":3538944,"wall_s":2258.81,"sps":1566.7,"loss":2193.052475,"loss_ema":2017.821648,"loss_plateau_delta":43.807707,"loss_plateau_count":0,"pg_loss":-0.001366,"v_loss":4386.130249,"entropy":2.258518,"approx_kl":0.006346,"clipfrac":0.0378,"reward_mean":0.6949,"reward_std":37.5132,"reward_min":-204.3548,"reward_max":333.876,"reward_scale":1.0,"throttle_mean":0.7768,"throttle_min":0.1725,"throttle_max":0.9939}
{"type":"train_update","update":217,"global_step":3555328,"wall_s":2265.54,"sps":1569.3,"loss":2063.033569,"loss_ema":2026.864032,"loss_plateau_delta":9.042384,"loss_plateau_count":0,"pg_loss":-0.001313,"v_loss":4126.092361,"entropy":2.259267,"approx_kl":0.003871,"clipfrac":0.0181,"reward_mean":0.7341,"reward_std":37.3824,"reward_min":-204.2154,"reward_max":340.0592,"reward_scale":1.0,"throttle_mean":0.7757,"throttle_min":0.1284,"throttle_max":0.9968}
{"type":"train_update","update":218,"global_step":3571712,"wall_s":2272.95,"sps":1571.4,"loss":2073.154633,"loss_ema":2036.122152,"loss_plateau_delta":9.25812,"loss_plateau_count":0,"pg_loss":-0.000905,"v_loss":4146.333656,"entropy":2.259664,"approx_kl":0.003348,"clipfrac":0.0075,"reward_mean":0.6322,"reward_std":37.4481,"reward_min":-204.1756,"reward_max":327.5616,"reward_scale":1.0,"throttle_mean":0.7749,"throttle_min":0.15,"throttle_max":0.9927}
{"type":"train_update","update":219,"global_step":3588096,"wall_s":2280.13,"sps":1573.6,"loss":2091.722569,"loss_ema":2047.242235,"loss_plateau_delta":11.120083,"loss_plateau_count":0,"pg_loss":-0.000997,"v_loss":4183.469704,"entropy":2.258936,"approx_kl":0.005022,"clipfrac":0.0371,"reward_mean":0.7929,"reward_std":37.8249,"reward_min":-204.5237,"reward_max":344.8539,"reward_scale":1.0,"throttle_mean":0.7822,"throttle_min":0.1125,"throttle_max":0.9947}
{"type":"train_update","update":220,"global_step":3604480,"wall_s":2287.08,"sps":1576.0,"loss":2087.512825,"loss_ema":2055.296353,"loss_plateau_delta":8.054118,"loss_plateau_count":0,"pg_loss":-0.001606,"v_loss":4175.051445,"entropy":2.258024,"approx_kl":0.003411,"clipfrac":0.0161,"reward_mean":0.8514,"reward_std":37.5734,"reward_min":-203.9201,"reward_max":319.6126,"reward_scale":1.0,"throttle_mean":0.7762,"throttle_min":0.1304,"throttle_max":0.9948}
{"type":"train_update","update":221,"global_step":3620864,"wall_s":2293.49,"sps":1578.8,"loss":2039.221348,"loss_ema":2052.081352,"loss_plateau_delta":3.215001,"loss_plateau_count":0,"pg_loss":-0.001734,"v_loss":4078.468704,"entropy":2.255584,"approx_kl":0.005014,"clipfrac":0.0191,"reward_mean":0.7979,"reward_std":37.4403,"reward_min":-204.1083,"reward_max":332.5651,"reward_scale":1.0,"throttle_mean":0.7771,"throttle_min":0.139,"throttle_max":0.995}
{"type":"train_update","update":222,"global_step":3637248,"wall_s":2301.57,"sps":1580.3,"loss":2089.560989,"loss_ema":2059.57728,"loss_plateau_delta":7.495927,"loss_plateau_count":0,"pg_loss":-0.001958,"v_loss":4179.148399,"entropy":2.254611,"approx_kl":0.003848,"clipfrac":0.0211,"reward_mean":0.5634,"reward_std":37.6645,"reward_min":-204.1738,"reward_max":332.1309,"reward_scale":1.0,"throttle_mean":0.7806,"throttle_min":0.1281,"throttle_max":0.9935}
{"type":"train_update","update":223,"global_step":3653632,"wall_s":2308.11,"sps":1583.0,"loss":2076.997746,"loss_ema":2063.061373,"loss_plateau_delta":3.484093,"loss_plateau_count":0,"pg_loss":-0.001129,"v_loss":4154.020287,"entropy":2.251946,"approx_kl":0.003633,"clipfrac":0.0083,"reward_mean":0.948,"reward_std":37.8115,"reward_min":-204.0479,"reward_max":335.2947,"reward_scale":1.0,"throttle_mean":0.7821,"throttle_min":0.1507,"throttle_max":0.9956}
{"type":"train_update","update":224,"global_step":3670016,"wall_s":2314.69,"sps":1585.5,"loss":2070.873032,"loss_ema":2064.623705,"loss_plateau_delta":1.562332,"loss_plateau_count":0,"pg_loss":-0.001266,"v_loss":4141.771088,"entropy":2.251174,"approx_kl":0.002827,"clipfrac":0.0119,"reward_mean":0.3952,"reward_std":37.1817,"reward_min":-204.3683,"reward_max":324.3865,"reward_scale":1.0,"throttle_mean":0.7829,"throttle_min":0.1117,"throttle_max":0.9941}
{"type":"train_update","update":225,"global_step":3686400,"wall_s":2322.55,"sps":1587.2,"loss":2018.703934,"loss_ema":2055.43975,"loss_plateau_delta":9.183954,"loss_plateau_count":0,"pg_loss":-0.001706,"v_loss":4037.433777,"entropy":2.251223,"approx_kl":0.005883,"clipfrac":0.0258,"reward_mean":0.8283,"reward_std":37.2776,"reward_min":-204.3637,"reward_max":338.154,"reward_scale":1.0,"throttle_mean":0.7834,"throttle_min":0.1486,"throttle_max":0.9942}
{"type":"train_update","update":226,"global_step":3702784,"wall_s":2329.41,"sps":1589.6,"loss":2004.671963,"loss_ema":2045.286193,"loss_plateau_delta":10.153558,"loss_plateau_count":0,"pg_loss":-0.002354,"v_loss":4009.371155,"entropy":2.25214,"approx_kl":0.004426,"clipfrac":0.0503,"reward_mean":0.8943,"reward_std":37.5273,"reward_min":-204.633,"reward_max":319.0634,"reward_scale":1.0,"throttle_mean":0.7887,"throttle_min":0.145,"throttle_max":0.9949}
{"type":"train_update","update":227,"global_step":3719168,"wall_s":2336.09,"sps":1592.0,"loss":1978.210442,"loss_ema":2031.871043,"loss_plateau_delta":13.41515,"loss_plateau_count":0,"pg_loss":-0.002147,"v_loss":3956.447739,"entropy":2.254304,"approx_kl":0.006705,"clipfrac":0.0422,"reward_mean":0.3492,"reward_std":36.5994,"reward_min":-204.0988,"reward_max":336.3086,"reward_scale":1.0,"throttle_mean":0.7858,"throttle_min":0.1505,"throttle_max":0.9947}
{"type":"train_update","update":228,"global_step":3735552,"wall_s":2342.88,"sps":1594.4,"loss":2080.719738,"loss_ema":2041.640782,"loss_plateau_delta":9.769739,"loss_plateau_count":0,"pg_loss":-0.001639,"v_loss":4161.465294,"entropy":2.25819,"approx_kl":0.003839,"clipfrac":0.0191,"reward_mean":0.6403,"reward_std":37.7847,"reward_min":-204.2831,"reward_max":325.9284,"reward_scale":1.0,"throttle_mean":0.7781,"throttle_min":0.1209,"throttle_max":0.9929}
{"type":"train_update","update":229,"global_step":3751936,"wall_s":2350.41,"sps":1596.3,"loss":2053.995255,"loss_ema":2044.111676,"loss_plateau_delta":2.470895,"loss_plateau_count":0,"pg_loss":-0.00112,"v_loss":4108.015305,"entropy":2.25893,"approx_kl":0.00561,"clipfrac":0.023,"reward_mean":0.6447,"reward_std":37.3206,"reward_min":-204.5212,"reward_max":315.0453,"reward_scale":1.0,"throttle_mean":0.7748,"throttle_min":0.1194,"throttle_max":0.9951}
step=3,751,936 reward_mean=0.645 kl=0.00561 clipfrac=0.023 eval={'landed_fraction': 1.0, 'crashed_fraction': 1.0, 'mean_touchdown_speed': 0.10338293015956879, 'max_touchdown_speed': 0.4754379093647003, 'mean_pad_distance': 2.4210333824157715, 'max_pad_distance': 4.885538101196289, 'mean_delta_v_proxy': 16.444562911987305, 'mean_eval_throttle': 0.8030444657140308, 'max_eval_throttle': 0.950387716293335, 'max_upward_speed': 0.9578379988670349, 'max_downward_speed': 9.354891777038574, 'passed': False}
{"type":"train_update","update":230,"global_step":3768320,"wall_s":2406.35,"sps":1566.0,"loss":1634.082306,"loss_ema":1962.105802,"loss_plateau_delta":82.005874,"loss_plateau_count":0,"pg_loss":-0.000846,"v_loss":3268.188881,"entropy":2.257779,"approx_kl":0.002098,"clipfrac":0.0216,"reward_mean":-0.2767,"reward_std":32.0489,"reward_min":-204.429,"reward_max":323.9914,"reward_scale":1.0,"throttle_mean":0.7648,"throttle_min":0.1103,"throttle_max":0.9937}
{"type":"train_update","update":231,"global_step":3784704,"wall_s":2412.92,"sps":1568.5,"loss":2155.359123,"loss_ema":2000.756466,"loss_plateau_delta":38.650664,"loss_plateau_count":0,"pg_loss":-0.001987,"v_loss":4310.744827,"entropy":2.258201,"approx_kl":0.004718,"clipfrac":0.0262,"reward_mean":0.6583,"reward_std":37.671,"reward_min":-204.2036,"reward_max":336.4319,"reward_scale":1.0,"throttle_mean":0.777,"throttle_min":0.1997,"throttle_max":0.9936}
{"type":"train_update","update":232,"global_step":3801088,"wall_s":2421.03,"sps":1570.0,"loss":2187.600266,"loss_ema":2038.125226,"loss_plateau_delta":37.36876,"loss_plateau_count":0,"pg_loss":-0.00221,"v_loss":4375.22757,"entropy":2.259405,"approx_kl":0.004487,"clipfrac":0.0462,"reward_mean":-0.0111,"reward_std":37.5745,"reward_min":-204.1604,"reward_max":331.9971,"reward_scale":1.0,"throttle_mean":0.7694,"throttle_min":0.1447,"throttle_max":0.993}
{"type":"train_update","update":233,"global_step":3817472,"wall_s":2427.53,"sps":1572.6,"loss":2059.834301,"loss_ema":2042.467041,"loss_plateau_delta":4.341815,"loss_plateau_count":0,"pg_loss":-0.001444,"v_loss":4119.694122,"entropy":2.262186,"approx_kl":0.004267,"clipfrac":0.0161,"reward_mean":0.6549,"reward_std":37.4571,"reward_min":-204.159,"reward_max":312.0599,"reward_scale":1.0,"throttle_mean":0.7624,"throttle_min":0.1258,"throttle_max":0.9932}
{"type":"train_update","update":234,"global_step":3833856,"wall_s":2434.08,"sps":1575.1,"loss":2132.149826,"loss_ema":2060.403598,"loss_plateau_delta":17.936557,"loss_plateau_count":0,"pg_loss":-0.001704,"v_loss":4264.325653,"entropy":2.26108,"approx_kl":0.00532,"clipfrac":0.0327,"reward_mean":0.4345,"reward_std":37.7996,"reward_min":-204.3141,"reward_max":337.5668,"reward_scale":1.0,"throttle_mean":0.7599,"throttle_min":0.1397,"throttle_max":0.9917}
{"type":"train_update","update":235,"global_step":3850240,"wall_s":2442.03,"sps":1576.7,"loss":2109.005604,"loss_ema":2070.123999,"loss_plateau_delta":9.720401,"loss_plateau_count":0,"pg_loss":-0.002597,"v_loss":4218.039017,"entropy":2.260128,"approx_kl":0.00395,"clipfrac":0.0412,"reward_mean":0.5479,"reward_std":38.0799,"reward_min":-204.3423,"reward_max":329.9184,"reward_scale":1.0,"throttle_mean":0.7598,"throttle_min":0.1507,"throttle_max":0.9964}
{"type":"train_update","update":236,"global_step":3866624,"wall_s":2448.88,"sps":1578.9,"loss":2081.913151,"loss_ema":2072.48183,"loss_plateau_delta":2.35783,"loss_plateau_count":0,"pg_loss":-0.002044,"v_loss":4163.853004,"entropy":2.260836,"approx_kl":0.005369,"clipfrac":0.0413,"reward_mean":0.2952,"reward_std":37.443,"reward_min":-204.193,"reward_max":329.3875,"reward_scale":1.0,"throttle_mean":0.772,"throttle_min":0.1683,"throttle_max":0.995}
{"type":"train_update","update":237,"global_step":3883008,"wall_s":2455.57,"sps":1581.3,"loss":2101.209019,"loss_ema":2078.227267,"loss_plateau_delta":5.745438,"loss_plateau_count":0,"pg_loss":-0.000685,"v_loss":4202.442017,"entropy":2.262499,"approx_kl":0.003083,"clipfrac":0.0191,"reward_mean":0.711,"reward_std":37.8561,"reward_min":-204.3286,"reward_max":326.516,"reward_scale":1.0,"throttle_mean":0.7674,"throttle_min":0.1328,"throttle_max":0.9936}
{"type":"train_update","update":238,"global_step":3899392,"wall_s":2462.29,"sps":1583.6,"loss":2180.224144,"loss_ema":2098.626643,"loss_plateau_delta":20.399375,"loss_plateau_count":0,"pg_loss":-0.000849,"v_loss":4360.47258,"entropy":2.264279,"approx_kl":0.006016,"clipfrac":0.0406,"reward_mean":-0.0511,"reward_std":37.6679,"reward_min":-204.2305,"reward_max":325.8927,"reward_scale":1.0,"throttle_mean":0.7614,"throttle_min":0.1103,"throttle_max":0.9973}
{"type":"train_update","update":239,"global_step":3915776,"wall_s":2469.62,"sps":1585.6,"loss":2102.000576,"loss_ema":2099.301429,"loss_plateau_delta":0.674787,"loss_plateau_count":0,"pg_loss":-0.000822,"v_loss":4204.025452,"entropy":2.263903,"approx_kl":0.00402,"clipfrac":0.0312,"reward_mean":0.3829,"reward_std":37.3991,"reward_min":-204.4458,"reward_max":326.304,"reward_scale":1.0,"throttle_mean":0.7695,"throttle_min":0.1307,"throttle_max":0.9924}
{"type":"train_update","update":240,"global_step":3932160,"wall_s":2476.57,"sps":1587.7,"loss":2086.20377,"loss_ema":2096.681897,"loss_plateau_delta":2.619532,"loss_plateau_count":0,"pg_loss":-0.001842,"v_loss":4172.433815,"entropy":2.262478,"approx_kl":0.004293,"clipfrac":0.0445,"reward_mean":0.5663,"reward_std":37.7536,"reward_min":-204.4278,"reward_max":338.5097,"reward_scale":1.0,"throttle_mean":0.7742,"throttle_min":0.1008,"throttle_max":0.9928}
{"type":"train_update","update":241,"global_step":3948544,"wall_s":2482.84,"sps":1590.3,"loss":2058.08773,"loss_ema":2088.963064,"loss_plateau_delta":7.718833,"loss_plateau_count":0,"pg_loss":-0.001307,"v_loss":4116.200714,"entropy":2.260382,"approx_kl":0.003134,"clipfrac":0.0107,"reward_mean":0.4686,"reward_std":37.4983,"reward_min":-204.1829,"reward_max":327.8419,"reward_scale":1.0,"throttle_mean":0.7729,"throttle_min":0.1696,"throttle_max":0.9945}
{"type":"train_update","update":242,"global_step":3964928,"wall_s":2491.19,"sps":1591.6,"loss":2053.234039,"loss_ema":2081.817259,"loss_plateau_delta":7.145805,"loss_plateau_count":0,"pg_loss":-0.00102,"v_loss":4106.492767,"entropy":2.261015,"approx_kl":0.003991,"clipfrac":0.0185,"reward_mean":0.3134,"reward_std":37.3843,"reward_min":-204.4357,"reward_max":335.9915,"reward_scale":1.0,"throttle_mean":0.7651,"throttle_min":0.1447,"throttle_max":0.9927}
{"type":"train_update","update":243,"global_step":3981312,"wall_s":2497.71,"sps":1594.0,"loss":2089.757584,"loss_ema":2083.405324,"loss_plateau_delta":1.588065,"loss_plateau_count":0,"pg_loss":-0.001997,"v_loss":4179.541748,"entropy":2.263113,"approx_kl":0.003708,"clipfrac":0.034,"reward_mean":0.9316,"reward_std":38.178,"reward_min":-204.3602,"reward_max":334.7996,"reward_scale":1.0,"throttle_mean":0.777,"throttle_min":0.1307,"throttle_max":0.9952}
{"type":"train_update","update":244,"global_step":3997696,"wall_s":2504.32,"sps":1596.3,"loss":2082.656273,"loss_ema":2083.255514,"loss_plateau_delta":0.14981,"loss_plateau_count":0,"pg_loss":0.002765,"v_loss":4165.329628,"entropy":2.264226,"approx_kl":0.00447,"clipfrac":0.1247,"reward_mean":0.3225,"reward_std":37.3536,"reward_min":-204.5706,"reward_max":340.0948,"reward_scale":1.0,"throttle_mean":0.7685,"throttle_min":0.0993,"throttle_max":0.993}
{"type":"train_update","update":245,"global_step":4014080,"wall_s":2511.9,"sps":1598.0,"loss":2043.841358,"loss_ema":2075.372683,"loss_plateau_delta":7.882831,"loss_plateau_count":0,"pg_loss":-0.001597,"v_loss":4087.708534,"entropy":2.264351,"approx_kl":0.004271,"clipfrac":0.0326,"reward_mean":0.6332,"reward_std":37.7734,"reward_min":-204.2911,"reward_max":338.7437,"reward_scale":1.0,"throttle_mean":0.7695,"throttle_min":0.1562,"throttle_max":0.9953}
step=4,014,080 reward_mean=0.633 kl=0.00427 clipfrac=0.033 eval={'landed_fraction': 1.0, 'crashed_fraction': 0.9921875, 'mean_touchdown_speed': 0.0996590405702591, 'max_touchdown_speed': 0.5862645506858826, 'mean_pad_distance': 1.9644973278045654, 'max_pad_distance': 4.269283294677734, 'mean_delta_v_proxy': 15.819746017456055, 'mean_eval_throttle': 0.791164371503724, 'max_eval_throttle': 0.9701712727546692, 'max_upward_speed': 0.7559801936149597, 'max_downward_speed': 9.38365650177002, 'passed': False}
{"type":"train_update","update":246,"global_step":4030464,"wall_s":2566.55,"sps":1570.4,"loss":1608.81321,"loss_ema":1982.060788,"loss_plateau_delta":93.311895,"loss_plateau_count":0,"pg_loss":-0.00233,"v_loss":3217.653709,"entropy":2.2637,"approx_kl":0.005432,"clipfrac":0.0328,"reward_mean":0.1748,"reward_std":32.4985,"reward_min":-204.0381,"reward_max":326.3804,"reward_scale":1.0,"throttle_mean":0.7559,"throttle_min":0.1014,"throttle_max":0.9947}
{"type":"train_update","update":247,"global_step":4046848,"wall_s":2573.31,"sps":1572.6,"loss":2148.665413,"loss_ema":2015.381713,"loss_plateau_delta":33.320925,"loss_plateau_count":0,"pg_loss":-0.001958,"v_loss":4297.357407,"entropy":2.265625,"approx_kl":0.003775,"clipfrac":0.0296,"reward_mean":0.4167,"reward_std":37.9505,"reward_min":-204.2183,"reward_max":329.0791,"reward_scale":1.0,"throttle_mean":0.7627,"throttle_min":0.1378,"throttle_max":0.9946}
{"type":"train_update","update":248,"global_step":4063232,"wall_s":2580.73,"sps":1574.5,"loss":2136.710396,"loss_ema":2039.64745,"loss_plateau_delta":24.265737,"loss_plateau_count":0,"pg_loss":-0.001505,"v_loss":4273.446442,"entropy":2.265592,"approx_kl":0.003865,"clipfrac":0.0188,"reward_mean":0.7935,"reward_std":38.3531,"reward_min":-204.0869,"reward_max":338.2062,"reward_scale":1.0,"throttle_mean":0.7611,"throttle_min":0.1421,"throttle_max":0.9952}
{"type":"train_update","update":249,"global_step":4079616,"wall_s":2587.99,"sps":1576.4,"loss":2021.393536,"loss_ema":2035.996667,"loss_plateau_delta":3.650783,"loss_plateau_count":0,"pg_loss":-0.002108,"v_loss":4042.813972,"entropy":2.266809,"approx_kl":0.00334,"clipfrac":0.0289,"reward_mean":0.8539,"reward_std":37.8459,"reward_min":-204.2374,"reward_max":330.2606,"reward_scale":1.0,"throttle_mean":0.7685,"throttle_min":0.0719,"throttle_max":0.9976}
{"type":"train_update","update":250,"global_step":4096000,"wall_s":2594.68,"sps":1578.6,"loss":2098.714336,"loss_ema":2048.540201,"loss_plateau_delta":12.543534,"loss_plateau_count":0,"pg_loss":-0.001742,"v_loss":4197.454857,"entropy":2.268712,"approx_kl":0.00336,"clipfrac":0.0128,"reward_mean":0.2922,"reward_std":37.9694,"reward_min":-204.2897,"reward_max":321.9949,"reward_scale":1.0,"throttle_mean":0.7632,"throttle_min":0.0653,"throttle_max":0.9956}
{"type":"train_update","update":251,"global_step":4112384,"wall_s":2601.05,"sps":1581.0,"loss":2022.767628,"loss_ema":2043.385686,"loss_plateau_delta":5.154515,"loss_plateau_count":0,"pg_loss":-0.001458,"v_loss":4045.560867,"entropy":2.267076,"approx_kl":0.004969,"clipfrac":0.0205,"reward_mean":0.6539,"reward_std":37.4178,"reward_min":-204.1322,"reward_max":343.9551,"reward_scale":1.0,"throttle_mean":0.7702,"throttle_min":0.1557,"throttle_max":0.994}
{"type":"train_update","update":252,"global_step":4128768,"wall_s":2609.13,"sps":1582.4,"loss":2078.714722,"loss_ema":2050.451493,"loss_plateau_delta":7.065807,"loss_plateau_count":0,"pg_loss":-0.000963,"v_loss":4157.454086,"entropy":2.265728,"approx_kl":0.006376,"clipfrac":0.0188,"reward_mean":0.9899,"reward_std":38.5201,"reward_min":-204.1625,"reward_max":333.0372,"reward_scale":1.0,"throttle_mean":0.7658,"throttle_min":0.114,"throttle_max":0.9941}
{"type":"train_update","update":253,"global_step":4145152,"wall_s":2615.63,"sps":1584.8,"loss":2054.39407,"loss_ema":2051.240009,"loss_plateau_delta":0.788515,"loss_plateau_count":0,"pg_loss":-0.001047,"v_loss":4108.812897,"entropy":2.266983,"approx_kl":0.004216,"clipfrac":0.0392,"reward_mean":0.9146,"reward_std":37.9939,"reward_min":-204.4508,"reward_max":323.7123,"reward_scale":1.0,"throttle_mean":0.7696,"throttle_min":0.064,"throttle_max":0.9948}
{"type":"train_update","update":254,"global_step":4161536,"wall_s":2622.2,"sps":1587.0,"loss":2011.351154,"loss_ema":2043.262238,"loss_plateau_delta":7.977771,"loss_plateau_count":0,"pg_loss":-0.001829,"v_loss":4022.728668,"entropy":2.268179,"approx_kl":0.004062,"clipfrac":0.0389,"reward_mean":0.713,"reward_std":37.4655,"reward_min":-204.2516,"reward_max":339.3862,"reward_scale":1.0,"throttle_mean":0.7749,"throttle_min":0.1554,"throttle_max":0.997}
{"type":"train_update","update":255,"global_step":4177920,"wall_s":2629.9,"sps":1588.6,"loss":1937.950336,"loss_ema":2022.199857,"loss_plateau_delta":21.06238,"loss_plateau_count":0,"pg_loss":-0.002181,"v_loss":3875.927727,"entropy":2.267697,"approx_kl":0.004995,"clipfrac":0.0462,"reward_mean":0.6452,"reward_std":37.1351,"reward_min":-204.1563,"reward_max":338.2083,"reward_scale":1.0,"throttle_mean":0.7696,"throttle_min":0.1086,"throttle_max":0.9961}
{"type":"train_update","update":256,"global_step":4194304,"wall_s":2636.8,"sps":1590.7,"loss":2019.352795,"loss_ema":2021.630445,"loss_plateau_delta":0.569413,"loss_plateau_count":0,"pg_loss":-0.001173,"v_loss":4038.730591,"entropy":2.26685,"approx_kl":0.003825,"clipfrac":0.0128,"reward_mean":1.4558,"reward_std":38.7543,"reward_min":-204.1562,"reward_max":325.21,"reward_scale":1.0,"throttle_mean":0.7755,"throttle_min":0.1208,"throttle_max":0.9956}
{"type":"train_update","update":257,"global_step":4210688,"wall_s":2643.71,"sps":1592.7,"loss":1944.953545,"loss_ema":2006.295065,"loss_plateau_delta":15.33538,"loss_plateau_count":0,"pg_loss":-0.001346,"v_loss":3889.932465,"entropy":2.268165,"approx_kl":0.003676,"clipfrac":0.0172,"reward_mean":0.5557,"reward_std":36.8021,"reward_min":-204.2905,"reward_max":341.4323,"reward_scale":1.0,"throttle_mean":0.7771,"throttle_min":0.1294,"throttle_max":0.9937}
{"type":"train_update","update":258,"global_step":4227072,"wall_s":2650.42,"sps":1594.9,"loss":2053.463428,"loss_ema":2015.728738,"loss_plateau_delta":9.433673,"loss_plateau_count":0,"pg_loss":-0.001355,"v_loss":4106.952293,"entropy":2.272214,"approx_kl":0.004343,"clipfrac":0.022,"reward_mean":0.8509,"reward_std":38.2014,"reward_min":-204.0651,"reward_max":331.7881,"reward_scale":1.0,"throttle_mean":0.7722,"throttle_min":0.1194,"throttle_max":0.9963}
{"type":"train_update","update":259,"global_step":4243456,"wall_s":2658.27,"sps":1596.3,"loss":2006.084198,"loss_ema":2013.79983,"loss_plateau_delta":1.928908,"loss_plateau_count":0,"pg_loss":-0.001667,"v_loss":4012.194466,"entropy":2.275283,"approx_kl":0.004988,"clipfrac":0.0289,"reward_mean":1.1736,"reward_std":37.9889,"reward_min":-204.1207,"reward_max":336.5384,"reward_scale":1.0,"throttle_mean":0.7751,"throttle_min":0.1788,"throttle_max":0.9947}
{"type":"train_update","update":260,"global_step":4259840,"wall_s":2664.83,"sps":1598.5,"loss":1999.113842,"loss_ema":2010.862632,"loss_plateau_delta":2.937198,"loss_plateau_count":0,"pg_loss":-0.001765,"v_loss":3998.253998,"entropy":2.277335,"approx_kl":0.003845,"clipfrac":0.0306,"reward_mean":0.7899,"reward_std":37.8035,"reward_min":-204.3271,"reward_max":330.2834,"reward_scale":1.0,"throttle_mean":0.7712,"throttle_min":0.147,"throttle_max":0.9949}
step=4,259,840 reward_mean=0.790 kl=0.00384 clipfrac=0.031 eval={'landed_fraction': 1.0, 'crashed_fraction': 0.9921875, 'mean_touchdown_speed': 0.044893451035022736, 'max_touchdown_speed': 0.4273982048034668, 'mean_pad_distance': 2.067673444747925, 'max_pad_distance': 4.5107526779174805, 'mean_delta_v_proxy': 16.908023834228516, 'mean_eval_throttle': 0.8112647167841593, 'max_eval_throttle': 0.9718607068061829, 'max_upward_speed': 1.1494336128234863, 'max_downward_speed': 9.184232711791992, 'passed': False}
{"type":"train_update","update":261,"global_step":4276224,"wall_s":2720.24,"sps":1572.0,"loss":1568.42585,"loss_ema":1922.375276,"loss_plateau_delta":88.487356,"loss_plateau_count":0,"pg_loss":-0.002059,"v_loss":3136.878586,"entropy":2.278422,"approx_kl":0.006009,"clipfrac":0.0222,"reward_mean":-0.0992,"reward_std":32.1606,"reward_min":-204.2031,"reward_max":338.2433,"reward_scale":1.0,"throttle_mean":0.7688,"throttle_min":0.145,"throttle_max":0.9953}
{"type":"train_update","update":262,"global_step":4292608,"wall_s":2728.15,"sps":1573.4,"loss":2061.574265,"loss_ema":1950.215073,"loss_plateau_delta":27.839798,"loss_plateau_count":0,"pg_loss":-0.001884,"v_loss":4123.175079,"entropy":2.278666,"approx_kl":0.004072,"clipfrac":0.0253,"reward_mean":0.7912,"reward_std":37.7485,"reward_min":-204.1755,"reward_max":325.6251,"reward_scale":1.0,"throttle_mean":0.7753,"throttle_min":0.1262,"throttle_max":0.9977}
{"type":"train_update","update":263,"global_step":4308992,"wall_s":2734.67,"sps":1575.7,"loss":1971.147076,"loss_ema":1954.401474,"loss_plateau_delta":4.1864,"loss_plateau_count":0,"pg_loss":-0.001773,"v_loss":3942.320503,"entropy":2.279557,"approx_kl":0.0051,"clipfrac":0.0303,"reward_mean":0.9274,"reward_std":37.6534,"reward_min":-204.143,"reward_max":337.5528,"reward_scale":1.0,"throttle_mean":0.7786,"throttle_min":0.1347,"throttle_max":0.997}
{"type":"train_update","update":264,"global_step":4325376,"wall_s":2741.3,"sps":1577.9,"loss":2008.600952,"loss_ema":1965.24137,"loss_plateau_delta":10.839896,"loss_plateau_count":0,"pg_loss":-0.001745,"v_loss":4017.228218,"entropy":2.283848,"approx_kl":0.003088,"clipfrac":0.0265,"reward_mean":0.6215,"reward_std":37.6906,"reward_min":-204.3629,"reward_max":323.9157,"reward_scale":1.0,"throttle_mean":0.7683,"throttle_min":0.1621,"throttle_max":0.9956}
{"type":"train_update","update":265,"global_step":4341760,"wall_s":2749.47,"sps":1579.1,"loss":2002.754799,"loss_ema":1972.744055,"loss_plateau_delta":7.502686,"loss_plateau_count":0,"pg_loss":-0.001429,"v_loss":4005.535278,"entropy":2.282601,"approx_kl":0.003012,"clipfrac":0.0197,"reward_mean":0.9295,"reward_std":38.0014,"reward_min":-204.0821,"reward_max":335.8066,"reward_scale":1.0,"throttle_mean":0.7758,"throttle_min":0.1709,"throttle_max":0.9983}
{"type":"train_update","update":266,"global_step":4358144,"wall_s":2756.09,"sps":1581.3,"loss":1937.88092,"loss_ema":1965.771428,"loss_plateau_delta":6.972627,"loss_plateau_count":0,"pg_loss":-0.000945,"v_loss":3875.786552,"entropy":2.283773,"approx_kl":0.004078,"clipfrac":0.0174,"reward_mean":1.0214,"reward_std":37.6621,"reward_min":-204.4873,"reward_max":320.462,"reward_scale":1.0,"throttle_mean":0.7793,"throttle_min":0.1461,"throttle_max":0.9973}
{"type":"train_update","update":267,"global_step":4374528,"wall_s":2762.91,"sps":1583.3,"loss":1999.369629,"loss_ema":1972.491069,"loss_plateau_delta":6.71964,"loss_plateau_count":0,"pg_loss":-0.001421,"v_loss":3998.764969,"entropy":2.285751,"approx_kl":0.004847,"clipfrac":0.0293,"reward_mean":1.0298,"reward_std":37.9296,"reward_min":-204.2364,"reward_max":327.0909,"reward_scale":1.0,"throttle_mean":0.7752,"throttle_min":0.1569,"throttle_max":0.9964}
{"type":"train_update","update":268,"global_step":4390912,"wall_s":2769.8,"sps":1585.3,"loss":1982.770065,"loss_ema":1974.546868,"loss_plateau_delta":2.055799,"loss_plateau_count":0,"pg_loss":-0.001415,"v_loss":3965.565826,"entropy":2.286953,"approx_kl":0.003251,"clipfrac":0.0321,"reward_mean":0.5568,"reward_std":37.3466,"reward_min":-204.0453,"reward_max":338.4725,"reward_scale":1.0,"throttle_mean":0.775,"throttle_min":0.1511,"throttle_max":0.9971}
{"type":"train_update","update":269,"global_step":4407296,"wall_s":2777.31,"sps":1586.9,"loss":1965.118484,"loss_ema":1972.661191,"loss_plateau_delta":1.885677,"loss_plateau_count":0,"pg_loss":-0.001574,"v_loss":3930.262993,"entropy":2.28645,"approx_kl":0.003312,"clipfrac":0.0105,"reward_mean":0.9243,"reward_std":37.6219,"reward_min":-204.0833,"reward_max":322.6558,"reward_scale":1.0,"throttle_mean":0.7799,"throttle_min":0.0919,"throttle_max":0.9962}
{"type":"train_update","update":270,"global_step":4423680,"wall_s":2784.12,"sps":1588.9,"loss":1990.553051,"loss_ema":1976.239563,"loss_plateau_delta":3.578372,"loss_plateau_count":0,"pg_loss":-0.001228,"v_loss":3981.131409,"entropy":2.285996,"approx_kl":0.005207,"clipfrac":0.0249,"reward_mean":0.6944,"reward_std":37.5279,"reward_min":-204.3828,"reward_max":326.7761,"reward_scale":1.0,"throttle_mean":0.7779,"throttle_min":0.1269,"throttle_max":0.997}
{"type":"train_update","update":271,"global_step":4440064,"wall_s":2790.27,"sps":1591.3,"loss":2021.422005,"loss_ema":1985.276051,"loss_plateau_delta":9.036488,"loss_plateau_count":0,"pg_loss":-0.001285,"v_loss":4042.869408,"entropy":2.283642,"approx_kl":0.00277,"clipfrac":0.017,"reward_mean":0.8611,"reward_std":38.0074,"reward_min":-204.2658,"reward_max":336.3789,"reward_scale":1.0,"throttle_mean":0.7852,"throttle_min":0.1248,"throttle_max":0.9953}
{"type":"train_update","update":272,"global_step":4456448,"wall_s":2798.53,"sps":1592.4,"loss":1985.014004,"loss_ema":1985.223642,"loss_plateau_delta":0.05241,"loss_plateau_count":0,"pg_loss":-0.00133,"v_loss":3970.053505,"entropy":2.282931,"approx_kl":0.004608,"clipfrac":0.0249,"reward_mean":0.8207,"reward_std":37.745,"reward_min":-204.4364,"reward_max":344.148,"reward_scale":1.0,"throttle_mean":0.7832,"throttle_min":0.0895,"throttle_max":0.9969}
{"type":"train_update","update":273,"global_step":4472832,"wall_s":2804.99,"sps":1594.6,"loss":1919.458977,"loss_ema":1972.070709,"loss_plateau_delta":13.152933,"loss_plateau_count":0,"pg_loss":-0.001883,"v_loss":3838.944588,"entropy":2.284561,"approx_kl":0.00264,"clipfrac":0.0255,"reward_mean":1.183,"reward_std":37.8298,"reward_min":-204.2533,"reward_max":325.2655,"reward_scale":1.0,"throttle_mean":0.7818,"throttle_min":0.0972,"throttle_max":0.9962}
{"type":"train_update","update":274,"global_step":4489216,"wall_s":2811.78,"sps":1596.6,"loss":1985.403698,"loss_ema":1974.737307,"loss_plateau_delta":2.666598,"loss_plateau_count":0,"pg_loss":-0.000999,"v_loss":3970.832237,"entropy":2.285053,"approx_kl":0.002226,"clipfrac":0.0049,"reward_mean":0.9185,"reward_std":38.0929,"reward_min":-204.0116,"reward_max":334.353,"reward_scale":1.0,"throttle_mean":0.7731,"throttle_min":0.0928,"throttle_max":0.9961}
{"type":"train_update","update":275,"global_step":4505600,"wall_s":2819.41,"sps":1598.1,"loss":1930.61573,"loss_ema":1965.912991,"loss_plateau_delta":8.824315,"loss_plateau_count":0,"pg_loss":-0.001714,"v_loss":3861.257736,"entropy":2.285481,"approx_kl":0.004078,"clipfrac":0.0215,"reward_mean":1.4544,"reward_std":38.2655,"reward_min":-204.1342,"reward_max":341.4752,"reward_scale":1.0,"throttle_mean":0.7805,"throttle_min":0.1373,"throttle_max":0.994}
step=4,505,600 reward_mean=1.454 kl=0.00408 clipfrac=0.022 eval={'landed_fraction': 1.0, 'crashed_fraction': 0.984375, 'mean_touchdown_speed': 0.06553423404693604, 'max_touchdown_speed': 0.2549167573451996, 'mean_pad_distance': 1.8940505981445312, 'max_pad_distance': 4.141529083251953, 'mean_delta_v_proxy': 16.0030574798584, 'mean_eval_throttle': 0.7963540836175282, 'max_eval_throttle': 0.9735977053642273, 'max_upward_speed': 0.6543424129486084, 'max_downward_speed': 9.447122573852539, 'passed': False}
{"type":"train_update","update":276,"global_step":4521984,"wall_s":2874.64,"sps":1573.1,"loss":1522.648537,"loss_ema":1877.2601,"loss_plateau_delta":88.652891,"loss_plateau_count":0,"pg_loss":-0.000143,"v_loss":3045.320251,"entropy":2.289645,"approx_kl":0.011486,"clipfrac":0.0329,"reward_mean":0.0947,"reward_std":32.2853,"reward_min":-204.319,"reward_max":331.2332,"reward_scale":1.0,"throttle_mean":0.7602,"throttle_min":0.1123,"throttle_max":0.9957}
{"type":"train_update","update":277,"global_step":4538368,"wall_s":2881.49,"sps":1575.0,"loss":2102.571095,"loss_ema":1922.322299,"loss_plateau_delta":45.062199,"loss_plateau_count":0,"pg_loss":-0.000524,"v_loss":4205.166138,"entropy":2.289785,"approx_kl":0.003715,"clipfrac":0.0674,"reward_mean":0.7363,"reward_std":38.2737,"reward_min":-204.1075,"reward_max":327.1692,"reward_scale":1.0,"throttle_mean":0.7615,"throttle_min":0.0842,"throttle_max":0.9954}
{"type":"train_update","update":278,"global_step":4554752,"wall_s":2888.35,"sps":1576.9,"loss":1991.931786,"loss_ema":1936.244197,"loss_plateau_delta":13.921897,"loss_plateau_count":0,"pg_loss":-0.001676,"v_loss":3983.889862,"entropy":2.292693,"approx_kl":0.003874,"clipfrac":0.0231,"reward_mean":1.2436,"reward_std":38.2669,"reward_min":-204.0891,"reward_max":337.8364,"reward_scale":1.0,"throttle_mean":0.7584,"throttle_min":0.1302,"throttle_max":0.9949}
{"type":"train_update","update":279,"global_step":4571136,"wall_s":2896.04,"sps":1578.4,"loss":1996.552437,"loss_ema":1948.305845,"loss_plateau_delta":12.061648,"loss_plateau_count":0,"pg_loss":-0.000746,"v_loss":3993.129295,"entropy":2.294327,"approx_kl":0.004592,"clipfrac":0.0233,"reward_mean":0.6674,"reward_std":37.8824,"reward_min":-204.1389,"reward_max":336.259,"reward_scale":1.0,"throttle_mean":0.7614,"throttle_min":0.1524,"throttle_max":0.996}
{"type":"train_update","update":280,"global_step":4587520,"wall_s":2903.35,"sps":1580.1,"loss":2026.888382,"loss_ema":1964.022352,"loss_plateau_delta":15.716507,"loss_plateau_count":0,"pg_loss":-0.002289,"v_loss":4053.804283,"entropy":2.29291,"approx_kl":0.0043,"clipfrac":0.0276,"reward_mean":1.1104,"reward_std":38.8315,"reward_min":-204.0799,"reward_max":338.1463,"reward_scale":1.0,"throttle_mean":0.7685,"throttle_min":0.1081,"throttle_max":0.9958}
{"type":"train_update","update":281,"global_step":4603904,"wall_s":2909.8,"sps":1582.2,"loss":1912.009094,"loss_ema":1953.619701,"loss_plateau_delta":10.402652,"loss_plateau_count":0,"pg_loss":0.001793,"v_loss":3824.037476,"entropy":2.289433,"approx_kl":0.030338,"clipfrac":0.0666,"reward_mean":0.7717,"reward_std":37.2178,"reward_min":-204.163,"reward_max":337.6058,"reward_scale":1.0,"throttle_mean":0.771,"throttle_min":0.174,"throttle_max":0.9963}
{"type":"train_update","update":282,"global_step":4620288,"wall_s":2918.19,"sps":1583.3,"loss":2019.157326,"loss_ema":1966.727226,"loss_plateau_delta":13.107525,"loss_plateau_count":0,"pg_loss":-0.001649,"v_loss":4038.340813,"entropy":2.289167,"approx_kl":0.005266,"clipfrac":0.0273,"reward_mean":0.9603,"reward_std":38.6467,"reward_min":-204.1457,"reward_max":319.7088,"reward_scale":1.0,"throttle_mean":0.7695,"throttle_min":0.1309,"throttle_max":0.9944}
{"type":"train_update","update":283,"global_step":4636672,"wall_s":2924.72,"sps":1585.3,"loss":1962.393383,"loss_ema":1965.860457,"loss_plateau_delta":0.866769,"loss_plateau_count":0,"pg_loss":-0.002016,"v_loss":3924.813713,"entropy":2.289169,"approx_kl":0.004577,"clipfrac":0.0226,"reward_mean":0.5253,"reward_std":37.4672,"reward_min":-204.3072,"reward_max":336.1396,"reward_scale":1.0,"throttle_mean":0.7753,"throttle_min":0.1097,"throttle_max":0.9968}
{"type":"train_update","update":284,"global_step":4653056,"wall_s":2931.23,"sps":1587.4,"loss":1945.353325,"loss_ema":1961.759031,"loss_plateau_delta":4.101426,"loss_plateau_count":0,"pg_loss":-0.001432,"v_loss":3890.732422,"entropy":2.29003,"approx_kl":0.00383,"clipfrac":0.0195,"reward_mean":1.1833,"reward_std":38.4018,"reward_min":-204.1418,"reward_max":337.3529,"reward_scale":1.0,"throttle_mean":0.7778,"throttle_min":0.1377,"throttle_max":0.9966}
{"type":"train_update","update":285,"global_step":4669440,"wall_s":2939.17,"sps":1588.7,"loss":1938.205143,"loss_ema":1957.048253,"loss_plateau_delta":4.710778,"loss_plateau_count":0,"pg_loss":-0.00215,"v_loss":3876.437508,"entropy":2.292875,"approx_kl":0.004132,"clipfrac":0.0287,"reward_mean":1.4473,"reward_std":38.6794,"reward_min":-204.2186,"reward_max":337.0397,"reward_scale":1.0,"throttle_mean":0.7818,"throttle_min":0.1219,"throttle_max":0.9949}
{"type":"train_update","update":286,"global_step":4685824,"wall_s":2946.04,"sps":1590.5,"loss":1926.234978,"loss_ema":1950.885598,"loss_plateau_delta":6.162655,"loss_plateau_count":0,"pg_loss":-0.001075,"v_loss":3852.495071,"entropy":2.296761,"approx_kl":0.003128,"clipfrac":0.0171,"reward_mean":0.7799,"reward_std":37.3774,"reward_min":-204.1696,"reward_max":331.6583,"reward_scale":1.0,"throttle_mean":0.7722,"throttle_min":0.1325,"throttle_max":0.9958}
{"type":"train_update","update":287,"global_step":4702208,"wall_s":2952.89,"sps":1592.4,"loss":1910.379532,"loss_ema":1942.784385,"loss_plateau_delta":8.101213,"loss_plateau_count":0,"pg_loss":-0.002305,"v_loss":3820.786652,"entropy":2.2997,"approx_kl":0.005709,"clipfrac":0.0314,"reward_mean":1.4305,"reward_std":38.2335,"reward_min":-203.8722,"reward_max":325.9483,"reward_scale":1.0,"throttle_mean":0.7818,"throttle_min":0.1544,"throttle_max":0.9975}
{"type":"train_update","update":288,"global_step":4718592,"wall_s":2959.77,"sps":1594.2,"loss":1865.281387,"loss_ema":1927.283785,"loss_plateau_delta":15.500599,"loss_plateau_count":0,"pg_loss":-0.001303,"v_loss":3730.588425,"entropy":2.303447,"approx_kl":0.004012,"clipfrac":0.0273,"reward_mean":1.1944,"reward_std":37.822,"reward_min":-204.2096,"reward_max":345.9097,"reward_scale":1.0,"throttle_mean":0.7772,"throttle_min":0.0739,"throttle_max":0.9971}
{"type":"train_update","update":289,"global_step":4734976,"wall_s":2967.6,"sps":1595.6,"loss":1916.222427,"loss_ema":1925.071514,"loss_plateau_delta":2.212272,"loss_plateau_count":0,"pg_loss":-0.001245,"v_loss":3832.470375,"entropy":2.304896,"approx_kl":0.003723,"clipfrac":0.0221,"reward_mean":0.6437,"reward_std":37.5313,"reward_min":-204.0485,"reward_max":329.9944,"reward_scale":1.0,"throttle_mean":0.7766,"throttle_min":0.1517,"throttle_max":0.9958}
{"type":"train_update","update":290,"global_step":4751360,"wall_s":2974.23,"sps":1597.5,"loss":1915.21452,"loss_ema":1923.100115,"loss_plateau_delta":1.971399,"loss_plateau_count":0,"pg_loss":-0.002013,"v_loss":3830.456078,"entropy":2.304079,"approx_kl":0.004241,"clipfrac":0.0307,"reward_mean":1.259,"reward_std":38.4275,"reward_min":-203.8843,"reward_max":340.5298,"reward_scale":1.0,"throttle_mean":0.7762,"throttle_min":0.1205,"throttle_max":0.9944}
step=4,751,360 reward_mean=1.259 kl=0.00424 clipfrac=0.031 eval={'landed_fraction': 1.0, 'crashed_fraction': 1.0, 'mean_touchdown_speed': 0.02170182764530182, 'max_touchdown_speed': 0.2610629200935364, 'mean_pad_distance': 1.8750360012054443, 'max_pad_distance': 4.394082546234131, 'mean_delta_v_proxy': 16.987606048583984, 'mean_eval_throttle': 0.8100731397337384, 'max_eval_throttle': 0.9657411575317383, 'max_upward_speed': 1.2304062843322754, 'max_downward_speed': 9.151869773864746, 'passed': False}
{"type":"train_update","update":291,"global_step":4767744,"wall_s":3028.64,"sps":1574.2,"loss":1522.131618,"loss_ema":1842.906416,"loss_plateau_delta":80.193699,"loss_plateau_count":0,"pg_loss":-0.000918,"v_loss":3044.288124,"entropy":2.304881,"approx_kl":0.006831,"clipfrac":0.0339,"reward_mean":-0.022,"reward_std":32.4539,"reward_min":-204.6427,"reward_max":322.8331,"reward_scale":1.0,"throttle_mean":0.7613,"throttle_min":0.1456,"throttle_max":0.995}
{"type":"train_update","update":292,"global_step":4784128,"wall_s":3036.88,"sps":1575.3,"loss":1967.153339,"loss_ema":1867.7558,"loss_plateau_delta":24.849385,"loss_plateau_count":0,"pg_loss":-0.001479,"v_loss":3934.33268,"entropy":2.305444,"approx_kl":0.003172,"clipfrac":0.0376,"reward_mean":0.5963,"reward_std":37.6023,"reward_min":-204.1037,"reward_max":327.1287,"reward_scale":1.0,"throttle_mean":0.7759,"throttle_min":0.1027,"throttle_max":0.996}
{"type":"train_update","update":293,"global_step":4800512,"wall_s":3043.34,"sps":1577.4,"loss":1923.109177,"loss_ema":1878.826476,"loss_plateau_delta":11.070675,"loss_plateau_count":0,"pg_loss":-0.001581,"v_loss":3846.244576,"entropy":2.305865,"approx_kl":0.003663,"clipfrac":0.0157,"reward_mean":0.7773,"reward_std":37.8682,"reward_min":-204.1772,"reward_max":339.322,"reward_scale":1.0,"throttle_mean":0.7763,"throttle_min":0.095,"throttle_max":0.9955}
{"type":"train_update","update":294,"global_step":4816896,"wall_s":3049.9,"sps":1579.4,"loss":1892.391834,"loss_ema":1881.539547,"loss_plateau_delta":2.713072,"loss_plateau_count":0,"pg_loss":-0.001786,"v_loss":3784.810287,"entropy":2.305933,"approx_kl":0.006346,"clipfrac":0.0283,"reward_mean":0.8494,"reward_std":37.6133,"reward_min":-204.0034,"reward_max":336.2864,"reward_scale":1.0,"throttle_mean":0.7742,"throttle_min":0.111,"throttle_max":0.9949}
{"type":"train_update","update":295,"global_step":4833280,"wall_s":3057.6,"sps":1580.7,"loss":1992.851128,"loss_ema":1903.801863,"loss_plateau_delta":22.262316,"loss_plateau_count":0,"pg_loss":-0.002089,"v_loss":3985.729485,"entropy":2.307249,"approx_kl":0.00489,"clipfrac":0.025,"reward_mean":0.7343,"reward_std":38.4268,"reward_min":-204.3296,"reward_max":330.6563,"reward_scale":1.0,"throttle_mean":0.7675,"throttle_min":0.0817,"throttle_max":0.9966}
{"type":"train_update","update":296,"global_step":4849664,"wall_s":3064.57,"sps":1582.5,"loss":1941.596714,"loss_ema":1911.360834,"loss_plateau_delta":7.55897,"loss_plateau_count":0,"pg_loss":-0.001976,"v_loss":3883.220436,"entropy":2.306436,"approx_kl":0.004619,"clipfrac":0.0235,"reward_mean":0.9856,"reward_std":38.1937,"reward_min":-204.2289,"reward_max":327.1138,"reward_scale":1.0,"throttle_mean":0.7711,"throttle_min":0.0636,"throttle_max":0.9941}
{"type":"train_update","update":297,"global_step":4866048,"wall_s":3071.27,"sps":1584.4,"loss":1996.613773,"loss_ema":1928.411421,"loss_plateau_delta":17.050588,"loss_plateau_count":0,"pg_loss":-0.001233,"v_loss":3993.253052,"entropy":2.30374,"approx_kl":0.00479,"clipfrac":0.0172,"reward_mean":0.629,"reward_std":38.098,"reward_min":-204.1031,"reward_max":337.523,"reward_scale":1.0,"throttle_mean":0.7594,"throttle_min":0.1086,"throttle_max":0.9963}
{"type":"train_update","update":298,"global_step":4882432,"wall_s":3077.87,"sps":1586.3,"loss":2073.120594,"loss_ema":1957.353256,"loss_plateau_delta":28.941835,"loss_plateau_count":0,"pg_loss":-0.001509,"v_loss":4146.267242,"entropy":2.305806,"approx_kl":0.004495,"clipfrac":0.0366,"reward_mean":0.7753,"reward_std":38.8656,"reward_min":-204.1665,"reward_max":335.1051,"reward_scale":1.0,"throttle_mean":0.7564,"throttle_min":0.0804,"throttle_max":0.9956}
{"type":"train_update","update":299,"global_step":4898816,"wall_s":3085.5,"sps":1587.7,"loss":1964.727371,"loss_ema":1958.828079,"loss_plateau_delta":1.474823,"loss_plateau_count":0,"pg_loss":-0.001326,"v_loss":3929.480453,"entropy":2.306855,"approx_kl":0.004379,"clipfrac":0.0203,"reward_mean":0.8576,"reward_std":38.0305,"reward_min":-203.9759,"reward_max":345.5031,"reward_scale":1.0,"throttle_mean":0.7544,"throttle_min":0.1403,"throttle_max":0.9969}
{"type":"train_update","update":300,"global_step":4915200,"wall_s":3092.19,"sps":1589.6,"loss":1977.162022,"loss_ema":1962.494868,"loss_plateau_delta":3.666789,"loss_plateau_count":0,"pg_loss":-0.002577,"v_loss":3954.35228,"entropy":2.307264,"approx_kl":0.004985,"clipfrac":0.0358,"reward_mean":0.9622,"reward_std":38.6874,"reward_min":-204.3438,"reward_max":343.8984,"reward_scale":1.0,"throttle_mean":0.7567,"throttle_min":0.1043,"throttle_max":0.9955}
{"type":"train_update","update":301,"global_step":4931584,"wall_s":3098.43,"sps":1591.6,"loss":1927.284977,"loss_ema":1955.452889,"loss_plateau_delta":7.041978,"loss_plateau_count":0,"pg_loss":-0.001408,"v_loss":3854.595863,"entropy":2.307453,"approx_kl":0.005171,"clipfrac":0.0317,"reward_mean":0.9024,"reward_std":38.1895,"reward_min":-204.3199,"reward_max":330.4535,"reward_scale":1.0,"throttle_mean":0.7632,"throttle_min":0.1024,"throttle_max":0.9949}
{"type":"train_update","update":302,"global_step":4947968,"wall_s":3106.78,"sps":1592.6,"loss":1857.394436,"loss_ema":1935.841199,"loss_plateau_delta":19.611691,"loss_plateau_count":0,"pg_loss":-0.001347,"v_loss":3714.814644,"entropy":2.308416,"approx_kl":0.003518,"clipfrac":0.0105,"reward_mean":0.5807,"reward_std":37.3806,"reward_min":-204.1032,"reward_max":319.595,"reward_scale":1.0,"throttle_mean":0.7744,"throttle_min":0.0837,"throttle_max":0.9945}
{"type":"train_update","update":303,"global_step":4964352,"wall_s":3113.35,"sps":1594.5,"loss":1893.711021,"loss_ema":1927.415163,"loss_plateau_delta":8.426035,"loss_plateau_count":0,"pg_loss":-0.001513,"v_loss":3787.448174,"entropy":2.3104,"approx_kl":0.004276,"clipfrac":0.0198,"reward_mean":0.9581,"reward_std":38.2033,"reward_min":-203.9606,"reward_max":334.5832,"reward_scale":1.0,"throttle_mean":0.7727,"throttle_min":0.0692,"throttle_max":0.9956}
{"type":"train_update","update":304,"global_step":4980736,"wall_s":3119.9,"sps":1596.4,"loss":1947.607788,"loss_ema":1931.453688,"loss_plateau_delta":4.038525,"loss_plateau_count":0,"pg_loss":-0.001968,"v_loss":3895.242592,"entropy":2.308233,"approx_kl":0.004036,"clipfrac":0.0175,"reward_mean":1.0549,"reward_std":38.4836,"reward_min":-204.1791,"reward_max":338.7062,"reward_scale":1.0,"throttle_mean":0.7637,"throttle_min":0.0887,"throttle_max":0.9957}
{"type":"train_update","update":305,"global_step":4997120,"wall_s":3127.34,"sps":1597.9,"loss":1927.129379,"loss_ema":1930.588826,"loss_plateau_delta":0.864862,"loss_plateau_count":0,"pg_loss":-0.001621,"v_loss":3854.285072,"entropy":2.307825,"approx_kl":0.004655,"clipfrac":0.0256,"reward_mean":0.753,"reward_std":38.0308,"reward_min":-204.2915,"reward_max":331.4775,"reward_scale":1.0,"throttle_mean":0.7658,"throttle_min":0.1247,"throttle_max":0.9947}
{"type":"train_update","update":306,"global_step":5013504,"wall_s":3134.46,"sps":1599.5,"loss":1900.177055,"loss_ema":1924.506472,"loss_plateau_delta":6.082354,"loss_plateau_count":0,"pg_loss":-0.00125,"v_loss":3800.3797,"entropy":2.308274,"approx_kl":0.003368,"clipfrac":0.0144,"reward_mean":1.1187,"reward_std":38.3947,"reward_min":-204.4005,"reward_max":335.6793,"reward_scale":1.0,"throttle_mean":0.7585,"throttle_min":0.1007,"throttle_max":0.9939}
step=5,013,504 reward_mean=1.119 kl=0.00337 clipfrac=0.014 eval={'landed_fraction': 1.0, 'crashed_fraction': 0.984375, 'mean_touchdown_speed': 0.05077510327100754, 'max_touchdown_speed': 0.3220193684101105, 'mean_pad_distance': 1.8407765626907349, 'max_pad_distance': 4.316916465759277, 'mean_delta_v_proxy': 15.12622356414795, 'mean_eval_throttle': 0.7760434148708979, 'max_eval_throttle': 0.9742635488510132, 'max_upward_speed': 0.9706165194511414, 'max_downward_speed': 9.557879447937012, 'passed': False}
Training complete in 3183.3s, steps=5,013,504
Final eval: {'landed_fraction': 1.0, 'crashed_fraction': 1.0, 'mean_touchdown_speed': 0.038812004029750824, 'max_touchdown_speed': 0.2975322902202606, 'mean_pad_distance': 1.88862943649292, 'max_pad_distance': 4.079843997955322, 'mean_delta_v_proxy': 15.198722839355469, 'mean_eval_throttle': 0.7773540773656633, 'max_eval_throttle': 0.9636530876159668, 'max_upward_speed': 0.8191062808036804, 'max_downward_speed': 9.573261260986328, 'passed': False}
Run directory: C:\Transformer-rl-retro-propulsion\simulation\isaac\runs\ppo_landing_seed0_20260426_182954
Closing TVC environment...
Closing Isaac Sim...
[19.296s] Simulation App Startup Complete
[21.128s] [ext: omni.physx.fabric-107.3.26] startup
2026-04-26T23:30:38Z [43,226ms] [Warning] [carb] Client gpu.foundation.plugin has acquired [gpu::unstable::IMemoryBudgetManagerFactory v0.1] 100 times. Consider accessing this interface with carb::getCachedInterface() (Performance warning)
[3271.604s] Simulation App Shutting Down
