PPO training starting: task=landing, total_steps=8000000, bc_steps=0, headless=True
[Info] [carb] Logging to file: c:/transformer-rl-retro-propulsion/env_isaaclab/lib/site-packages/isaacsim/kit/logs/Kit/Isaac-Sim Python/5.1/kit_20260428_172432.log
[0.363s] [ext: omni.kit.async_engine-0.0.3] startup
[0.568s] [ext: omni.metrics.core-0.0.3] startup
[0.570s] [ext: omni.client.lib-1.1.0] startup
[0.700s] [ext: omni.blobkey-1.1.2] startup
[0.704s] [ext: omni.stats-1.0.1] startup
[0.716s] [ext: omni.datastore-0.0.0] startup
[0.724s] [ext: omni.client-1.3.0] startup
[1.147s] [ext: omni.ujitso.default-1.0.0] startup
[1.157s] [ext: omni.hsscclient-1.1.2] startup
[1.186s] [ext: omni.gpu_foundation.shadercache.vulkan-1.0.0] startup
[1.196s] [ext: omni.assets.plugins-0.0.0] startup
[1.217s] [ext: omni.gpu_foundation-0.0.0] startup
[1.360s] [ext: carb.windowing.plugins-1.0.0] startup
2026-04-28T22:24:34Z [1,841ms] [Warning] [carb.windowing-glfw.gamepad] Joystick with unknown remapping detected (will be ignored):  Saitek Pro Flight Rudder Pedals [03000000a30600006307000000000000]
2026-04-28T22:24:34Z [1,841ms] [Warning] [carb.windowing-glfw.gamepad] Joystick with unknown remapping detected (will be ignored):  3Dconnexion KMJ Emulator [03000000efbe00006d04000000000000]
2026-04-28T22:24:34Z [1,841ms] [Warning] [carb.windowing-glfw.gamepad] Joystick with unknown remapping detected (will be ignored):  Joystick - HOTAS Warthog [030000004f0400000204000000000000]
[2.118s] [ext: omni.kit.renderer.init-0.0.0] startup
[2.121s] [ext: omni.materialx.libs-1.0.7] startup
[2.186s] [ext: omni.usd.config-1.0.6] startup
[2.224s] [ext: omni.gpucompute.plugins-0.0.0] startup
[2.236s] [ext: omni.usd.libs-1.0.1] startup
[3.087s] [ext: omni.mdl-56.0.3] startup

|---------------------------------------------------------------------------------------------|
| Driver Version: 580.88        | Graphics API: Vulkan
|=============================================================================================|
| GPU | Name                             | Active | LDA | GPU Memory | Vendor-ID | LUID       |
|     |                                  |        |     |            | Device-ID | UUID       |
|     |                                  |        |     |            | Bus-ID    |            |
|---------------------------------------------------------------------------------------------|
| 0   | NVIDIA GeForce RTX 5070          | Yes: 0 |     | 11855   MB | 10de      | b42b0100.. |
|     |                                  |        |     |            | 2f04      | 36fdc134.. |
|     |                                  |        |     |            | 1         |            |
|=============================================================================================|
| OS: Windows 11 Pro, Version: 10.0 (25H2), Build: 26200, Kernel: 10.0.26100.8246
| Processor: AMD Ryzen 9 9900X 12-Core Processor            
| Cores: 12 | Logical Cores: 24
|---------------------------------------------------------------------------------------------|
| Total Memory (MB): 32360 | Free Memory: 13638
| Total Page/Swap (MB): 40585 | Free Page/Swap: 13793
|---------------------------------------------------------------------------------------------|
[3.406s] [ext: omni.iray.libs-0.0.0] startup
[3.665s] [ext: omni.mdl.neuraylib-0.2.12] startup
[3.689s] [ext: omni.kit.usd.mdl-1.1.5] startup
[4.261s] [ext: omni.kit.pipapi-0.0.0] startup
[4.263s] [ext: omni.kit.loop-isaac-1.3.7] startup
[4.269s] [ext: omni.kit.test-2.0.1] startup
[4.433s] [ext: omni.kit.telemetry-0.5.2] startup
[4.524s] [ext: omni.appwindow-1.1.10] startup
[4.537s] [ext: omni.kit.renderer.core-1.1.0] startup
[4.553s] [ext: omni.kit.renderer.capture-0.0.0] startup
[4.567s] [ext: omni.kit.renderer.imgui-2.0.5] startup
[4.609s] [ext: omni.ui-2.27.1] startup
[4.663s] [ext: omni.kit.mainwindow-1.0.3] startup
[4.671s] [ext: carb.audio-0.1.0] startup
[4.678s] [ext: omni.uiaudio-1.0.0] startup
[4.687s] [ext: omni.kit.uiapp-0.0.0] startup
[4.687s] [ext: omni.usd.schema.metrics.assembler-107.3.1] startup
[4.703s] [ext: omni.anim.navigation.schema-107.3.3] startup
[4.726s] [ext: omni.usd.schema.anim-0.0.0] startup
[4.843s] [ext: omni.usd.schema.audio-0.0.0] startup
[4.861s] [ext: omni.usd.schema.omniscripting-1.0.0] startup
[4.881s] [ext: omni.usd.schema.physx-107.3.26] startup
[4.988s] [ext: omni.usd_resolver-1.0.0] startup
[5.020s] [ext: omni.usd.core-1.5.3] startup
[5.033s] [ext: omni.usd.schema.omni_sensors-0.0.0] startup
[5.116s] [ext: omni.usd.schema.omnigraph-1.0.0] startup
[5.149s] [ext: omni.usd.schema.semantics-0.0.0] startup
[5.170s] [ext: omni.usd.schema.geospatial-0.0.0] startup
[5.194s] [ext: omni.kit.window.popup_dialog-2.0.24] startup
[5.210s] [ext: omni.activity.core-1.0.3] startup
[5.218s] [ext: omni.kit.widget.nucleus_connector-2.0.1] startup
[5.226s] [ext: omni.kit.usd_undo-0.1.8] startup
[5.227s] [ext: omni.graph.exec-0.9.6] startup
[5.230s] [ext: omni.kit.actions.core-1.0.0] startup
[5.243s] [ext: usdrt.scenegraph-7.6.1] startup
[5.428s] [ext: omni.resourcemonitor-107.0.1] startup
[5.437s] [ext: omni.kit.exec.core-0.13.4] startup
[5.451s] [ext: omni.timeline-1.0.14] startup
[5.467s] [ext: omni.kit.commands-1.4.10] startup
[5.483s] [ext: omni.kit.audiodeviceenum-1.0.2] startup
[5.493s] [ext: omni.hydra.usdrt_delegate-7.5.1] startup
[5.532s] [ext: omni.hydra.scene_delegate-0.3.4] startup
[5.545s] [ext: omni.usd-1.13.10] startup
[6.698s] [ext: omni.inspect-1.0.2] startup
[6.708s] [ext: omni.kit.notification_manager-1.0.10] startup
[6.714s] [ext: omni.graph.core-2.184.5] startup
[6.737s] [ext: isaacsim.core.deprecation_manager-0.2.7] startup
[6.739s] [ext: omni.anim.graph.schema-107.3.3] startup
[6.776s] [ext: omni.usd.schema.flow-107.1.1] startup
[6.778s] [ext: omni.usd.schema.isaac-3.0.5] startup
[6.778s] [ext: omni.usd.schema.omni_lens_distortion-0.0.0] startup
[6.780s] [ext: isaacsim.robot.schema-3.6.0] startup
[6.832s] [ext: omni.kit.asset_converter-5.0.17] startup
[6.893s] [ext: omni.usd.schema.render_settings.rtx-0.0.0] startup
[6.896s] [ext: omni.kit.helper.file_utils-0.1.9] startup
[6.900s] [ext: omni.kit.menu.core-1.1.2] startup
[6.902s] [ext: omni.kit.widget.path_field-2.0.11] startup
[6.906s] [ext: omni.kit.widget.filebrowser-2.12.3] startup
[6.924s] [ext: omni.kit.widget.context_menu-1.2.5] startup
[6.928s] [ext: omni.kit.widget.browser_bar-2.0.10] startup
[6.931s] [ext: omni.kit.clipboard-1.0.5] startup
[6.934s] [ext: omni.kit.widget.options_menu-1.1.6] startup
[6.945s] [ext: omni.ui.scene-1.11.5] startup
[6.970s] [ext: omni.kit.widget.options_button-1.0.3] startup
[6.972s] [ext: omni.kit.usd.layers-2.2.11] startup
[7.004s] [ext: omni.kit.window.filepicker-2.13.4] startup
[7.055s] [ext: omni.kit.widget.filter-1.1.4] startup
[7.057s] [ext: omni.kit.hotkeys.core-1.3.10] startup
[7.068s] [ext: omni.kit.context_menu-1.8.6] startup
[7.073s] [ext: omni.kit.property.adapter.core-1.0.2] startup
[7.080s] [ext: omni.kit.window.file_exporter-1.0.33] startup
[7.091s] [ext: omni.kit.widget.searchfield-1.1.8] startup
[7.095s] [ext: omni.kit.numpy.common-0.1.3] startup
[7.101s] [ext: omni.kit.widget.stage-3.1.4] startup
[7.146s] [ext: omni.kit.property.adapter.usd-1.0.2] startup
[7.151s] [ext: omni.kit.property.adapter.fabric-1.0.3] startup
[7.156s] [ext: isaacsim.core.version-2.0.6] startup
[7.157s] [ext: omni.kit.window.file_importer-1.1.18] startup
[7.160s] [ext: omni.kit.stage_template.core-1.1.22] startup
[7.162s] [ext: omni.kit.menu.utils-2.0.5] startup
[7.171s] [ext: omni.kit.window.file-2.0.5] startup
[7.180s] [ext: omni.kit.window.drop_support-1.0.5] startup
[7.181s] [ext: omni.kit.widget.highlight_label-1.0.3] startup
[7.183s] [ext: omni.kit.window.content_browser_registry-0.0.6] startup
[7.186s] [ext: omni.kit.widget.graph-2.0.0] startup
[7.203s] [ext: omni.kit.window.property-1.12.1] startup
[7.314s] [ext: omni.kit.window.content_browser-3.1.3] startup
[7.338s] [ext: omni.kit.graph.delegate.default-1.2.3] startup
[7.340s] [ext: omni.kit.property.usd-4.5.12] startup
[7.367s] [ext: omni.convexdecomposition-107.3.26] startup
[7.381s] [ext: omni.kit.graph.editor.core-1.5.3] startup
[7.391s] [ext: omni.kit.material.library-2.0.7] startup
[7.412s] [ext: omni.kvdb-107.3.26] startup
[7.424s] [ext: omni.usdphysics-107.3.26] startup
[7.431s] [ext: omni.physx.foundation-107.3.26] startup
[7.454s] [ext: omni.localcache-107.3.26] startup
[7.462s] [ext: omni.kit.graph.usd.commands-1.3.1] startup
[7.464s] [ext: omni.physx.cooking-107.3.26] startup
[7.484s] [ext: omni.physics-107.3.26] startup
[7.498s] [ext: omni.physx-107.3.26] startup
[7.554s] [ext: omni.physics.stageupdate-107.3.26] startup
[7.563s] [ext: omni.physics.physx-107.3.26] startup
2026-04-28T22:24:39Z [7,289ms] [Warning] [carb] Acquiring non optional plugin interface which is not listed as dependency: [omni::physx::IPhysxBenchmarks v1.0] (plugin: <default plugin>), by client: omni.physics.physx.plugin. Add it to CARB_PLUGIN_IMPL_DEPS() macro of a client.
[7.567s] [ext: omni.index.libs-380600.8087.0] startup
[7.567s] [ext: omni.index-1.0.1] startup
[7.571s] [ext: omni.volume-0.5.2] startup
[7.607s] [ext: omni.ujitso.client-0.0.0] startup
[7.610s] [ext: omni.hydra.rtx.shadercache.vulkan-1.0.0] startup
[7.614s] [ext: omni.kit.widget.searchable_combobox-1.0.6] startup
[7.617s] [ext: omni.hydra.rtx-1.0.0] startup
[7.885s] [ext: omni.kit.widget.settings-1.2.6] startup
[7.890s] [ext: omni.kit.hydra_texture-1.4.6] startup
[7.902s] [ext: omni.graph.tools-1.79.2] startup
[7.977s] [ext: omni.kit.window.preferences-1.8.0] startup
[7.995s] [ext: omni.kit.widget.material_preview-1.0.16] startup
[8.000s] [ext: omni.graph-1.141.2] startup
[8.099s] [ext: omni.kit.window.material_graph-1.9.1] startup
[8.122s] [ext: omni.isaac.dynamic_control-2.0.7] startup
2026-04-28T22:24:40Z [7,865ms] [Warning] [omni.isaac.dynamic_control] omni.isaac.dynamic_control is deprecated as of Isaac Sim 4.5. No action is needed from end-users.
[8.143s] [ext: isaacsim.storage.native-1.5.1] startup
[8.149s] [ext: omni.graph.scriptnode-1.50.0] startup
[8.152s] [ext: omni.hydra.engine.stats-1.0.3] startup
[8.159s] [ext: omni.kit.viewport.legacy_gizmos-1.0.19] startup
[8.166s] [ext: omni.kit.raycast.query-1.1.0] startup
[8.180s] [ext: omni.graph.action_core-1.1.7] startup
[8.210s] [ext: omni.kit.viewport.scene_camera_model-1.0.6] startup
[8.217s] [ext: omni.graph.image.core-0.6.1] startup
[8.223s] [ext: omni.kit.widget.viewport-107.1.3] startup
[8.240s] [ext: omni.kit.viewport.registry-104.0.6] startup
[8.242s] [ext: omni.usd.metrics.assembler-107.3.1] startup
[8.260s] [ext: omni.kit.viewport.window-107.2.0] startup
[8.293s] [ext: omni.kit.viewport.menubar.core-107.2.1] startup
[8.330s] [ext: omni.graph.image.nodes-1.3.1] startup
[8.339s] [ext: omni.usd.metrics.assembler.physics-107.3.26] startup
[8.344s] [ext: omni.warp.core-1.8.2] startup
[8.487s] [ext: omni.kit.viewport.utility-1.1.2] startup
[8.490s] [ext: omni.physics.tensors-107.3.26] startup
[8.511s] [ext: omni.syntheticdata-0.6.13] startup
[8.574s] [ext: isaacsim.test.docstring-1.1.0] startup
[8.588s] [ext: isaacsim.core.utils-3.5.1] startup
[8.601s] [ext: omni.physx.tensors-107.3.26] startup
[8.613s] [ext: omni.graph.nodes-1.170.10] startup
[8.712s] [ext: omni.graph.action_nodes-1.50.4] startup
[8.724s] [ext: omni.kit.primitive.mesh-1.0.17] startup
[8.741s] [ext: isaacsim.core.simulation_manager-1.4.4] startup
[13.786s] [ext: omni.graph.ui_nodes-1.50.5] startup
[13.803s] [ext: omni.graph.action-1.130.0] startup
[13.805s] [ext: omni.kit.stage_templates-2.0.0] startup
[13.818s] [ext: isaacsim.core.prims-0.6.1] startup
[13.863s] [ext: omni.warp-1.8.2] startup
[13.879s] [ext: omni.videoencoding-0.1.2] startup
[13.896s] [ext: isaacsim.core.api-4.8.0] startup
[13.956s] [ext: isaacsim.core.experimental.utils-0.3.0] startup
[13.969s] [ext: omni.replicator.core-1.12.27] startup
2026-04-28T22:24:45Z [13,774ms] [Warning] [pxr.Semantics] pxr.Semantics is deprecated - please use Semantics instead
2026-04-28T22:24:46Z [14,293ms] [Warning] [omni.graph.core.plugin] Found duplicate of category 'Replicator' - was 'Annotators', adding 'Fabric Reader'
2026-04-28T22:24:46Z [14,294ms] [Warning] [omni.graph.core.plugin] Category 'Replicator' not accepted on node type 'omni.replicator.core.FabricReader' in extension 'omni.replicator.core'
2026-04-28T22:24:46Z [14,297ms] [Warning] [omni.replicator.core.scripts.extension] No material configuration file, adding configuration to material settings directly.
[14.578s] [ext: isaacsim.core.experimental.prims-0.8.1] startup
[14.642s] [ext: omni.kit.window.extensions-1.4.27] startup
[14.668s] [ext: isaacsim.core.experimental.objects-0.4.0] startup
[14.689s] [ext: omni.ui_query-1.1.8] startup
[14.694s] [ext: omni.kit.manipulator.viewport-107.0.1] startup
[14.698s] [ext: isaacsim.robot.surface_gripper-3.3.1] startup
[14.718s] [ext: omni.kit.ui_test-1.3.7] startup
[14.741s] [ext: omni.graph.visualization.nodes-2.1.3] startup
[14.776s] [ext: isaacsim.robot_motion.lula-4.0.8] startup
[14.848s] [ext: isaacsim.core.nodes-3.4.3] startup
[14.885s] [ext: isaacsim.gui.components-1.2.1] startup
[14.909s] [ext: isaacsim.robot_motion.motion_generation-8.0.26] startup
[14.945s] [ext: isaacsim.robot.manipulators-3.3.6] startup
[14.959s] [ext: isaacsim.core.experimental.materials-0.4.0] startup
[14.992s] [ext: isaacsim.robot.manipulators.examples-1.1.2] startup
[15.003s] [ext: isaacsim.cortex.framework-1.0.12] startup
[15.013s] [ext: isaacsim.cortex.behaviors-2.0.14] startup
[15.023s] [ext: omni.isaac.cortex.sample_behaviors-2.0.5] startup
2026-04-28T22:24:46Z [14,750ms] [Warning] [omni.isaac.cortex] omni.isaac.cortex has been deprecated in favor of isaacsim.cortex.framework. Please update your code accordingly.
2026-04-28T22:24:46Z [14,752ms] [Warning] [omni.isaac.cortex.sample_behaviors] omni.isaac.cortex.sample_behaviors has been deprecated in favor of isaacsim.cortex.behaviors. Please update your code accordingly.
[15.033s] [ext: omni.kit.widget.zoombar-1.0.6] startup
[15.044s] [ext: isaacsim.gui.content_browser-0.1.11] startup
[15.065s] [ext: omni.kit.browser.core-2.3.13] startup
[15.097s] [ext: omni.kit.widget.stage_icons-1.0.8] startup
[15.103s] [ext: omni.kit.widget.prompt-1.0.7] startup
[15.110s] [ext: omni.kit.usd.collect-2.4.5] startup
[15.132s] [ext: omni.kit.browser.folder.core-1.10.9] startup
[15.188s] [ext: omni.kit.window.stage-2.6.1] startup
[15.207s] [ext: omni.kit.usdz_export-1.0.9] startup
[15.224s] [ext: omni.kit.tool.collect-2.2.18] startup
[15.263s] [ext: omni.kit.menu.stage-1.2.7] startup
[15.270s] [ext: omni.kit.tool.asset_importer-4.3.2] startup
[15.315s] [ext: isaacsim.robot.wheeled_robots-4.0.24] startup
[15.393s] [ext: isaacsim.examples.browser-0.2.1] startup
[15.427s] [ext: isaacsim.asset.importer.urdf-2.4.30] startup
[15.889s] [ext: omni.isaac.wheeled_robots-3.0.7] startup
2026-04-28T22:24:47Z [15,615ms] [Warning] [omni.isaac.wheeled_robots] omni.isaac.wheeled_robots has been deprecated in favor of isaacsim.robot.wheeled_robots. Please update your code accordingly.
2026-04-28T22:24:47Z [15,616ms] [Warning] [omni.isaac.wheeled_robots.controllers] omni.isaac.wheeled_robots has been deprecated in favor of isaacsim.robot.wheeled_robots. Please update your code accordingly.
2026-04-28T22:24:47Z [15,617ms] [Warning] [omni.isaac.wheeled_robots.controllers.ackermann_controller] omni.isaac.wheeled_robots has been deprecated in favor of isaacsim.robot.wheeled_robots. Please update your code accordingly.
2026-04-28T22:24:47Z [15,620ms] [Warning] [omni.isaac.wheeled_robots.controllers.differential_controller] omni.isaac.wheeled_robots has been deprecated in favor of isaacsim.robot.wheeled_robots. Please update your code accordingly.
2026-04-28T22:24:47Z [15,623ms] [Warning] [omni.isaac.wheeled_robots.controllers.holonomic_controller] omni.isaac.wheeled_robots has been deprecated in favor of isaacsim.robot.wheeled_robots. Please update your code accordingly.
2026-04-28T22:24:47Z [15,624ms] [Warning] [omni.isaac.wheeled_robots.controllers.quintic_path_planner] omni.isaac.wheeled_robots has been deprecated in favor of isaacsim.robot.wheeled_robots. Please update your code accordingly.
2026-04-28T22:24:47Z [15,625ms] [Warning] [omni.isaac.wheeled_robots.controllers.stanley_control] omni.isaac.wheeled_robots has been deprecated in favor of isaacsim.robot.wheeled_robots. Please update your code accordingly.
2026-04-28T22:24:47Z [15,625ms] [Warning] [omni.isaac.wheeled_robots.controllers.wheel_base_pose_controller] omni.isaac.wheeled_robots has been deprecated in favor of isaacsim.robot.wheeled_robots. Please update your code accordingly.
2026-04-28T22:24:47Z [15,626ms] [Warning] [omni.isaac.wheeled_robots.impl] omni.isaac.wheeled_robots has been deprecated in favor of isaacsim.robot.wheeled_robots. Please update your code accordingly.
2026-04-28T22:24:47Z [15,626ms] [Warning] [omni.isaac.wheeled_robots.robots] omni.isaac.wheeled_robots has been deprecated in favor of isaacsim.robot.wheeled_robots. Please update your code accordingly.
2026-04-28T22:24:47Z [15,627ms] [Warning] [omni.isaac.wheeled_robots.robots.holonomic_robot_usd_setup] omni.isaac.wheeled_robots has been deprecated in favor of isaacsim.robot.wheeled_robots. Please update your code accordingly.
2026-04-28T22:24:47Z [15,628ms] [Warning] [omni.isaac.wheeled_robots.robots.wheeled_robot] omni.isaac.wheeled_robots has been deprecated in favor of isaacsim.robot.wheeled_robots. Please update your code accordingly.
[15.905s] [ext: isaacsim.simulation_app-2.12.2] startup
[15.908s] [ext: omni.isaac.franka-1.0.7] startup
2026-04-28T22:24:47Z [15,633ms] [Warning] [omni.isaac.franka] omni.isaac.franka has been deprecated in favor of isaacsim.robot.manipulators.examples.franka. Please update your code accordingly.
2026-04-28T22:24:47Z [15,633ms] [Warning] [omni.isaac.franka.franka] omni.isaac.franka has been deprecated in favor of isaacsim.robot.manipulators.examples.franka. Please update your code accordingly.
2026-04-28T22:24:47Z [15,654ms] [Warning] [omni.isaac.franka.kinematics_solver] omni.isaac.franka has been deprecated in favor of isaacsim.robot.manipulators.examples.franka. Please update your code accordingly.
[15.932s] [ext: omni.isaac.kit-2.0.6] startup
2026-04-28T22:24:47Z [15,657ms] [Warning] [omni.isaac.kit] omni.isaac.kit has been deprecated in favor of isaacsim.simulation_app. Please update your code accordingly.
[15.934s] [ext: omni.kit.selection-0.1.6] startup
[15.938s] [ext: omni.isaac.lula-4.0.6] startup
2026-04-28T22:24:47Z [15,662ms] [Warning] [omni.isaac.lula] omni.isaac.lula has been deprecated in favor of isaacsim.robot_motion.lula. Please update your code accordingly.
[15.940s] [ext: isaacsim.robot_motion.lula_test_widget-1.0.12] startup
[15.945s] [ext: isaacsim.asset.browser-1.3.23] startup
[16.640s] [ext: omni.kit.viewport.actions-107.0.2] startup
[16.650s] [ext: isaacsim.gui.menu-2.4.4] startup
[16.676s] [ext: omni.isaac.manipulators-3.0.7] startup
2026-04-28T22:24:48Z [16,403ms] [Warning] [omni.isaac.manipulators] omni.isaac.manipulators has been deprecated in favor of isaacsim.robot.manipulators. Please update your code accordingly.
2026-04-28T22:24:48Z [16,404ms] [Warning] [omni.isaac.manipulators.controllers] omni.isaac.manipulators has been deprecated in favor of isaacsim.robot.manipulators. Please update your code accordingly.
2026-04-28T22:24:48Z [16,406ms] [Warning] [omni.isaac.manipulators.controllers.pick_place_controller] omni.isaac.manipulators has been deprecated in favor of isaacsim.robot.manipulators. Please update your code accordingly.
2026-04-28T22:24:48Z [16,409ms] [Warning] [omni.isaac.manipulators.controllers.stacking_controller] omni.isaac.manipulators has been deprecated in favor of isaacsim.robot.manipulators. Please update your code accordingly.
2026-04-28T22:24:48Z [16,410ms] [Warning] [omni.isaac.manipulators.grippers] omni.isaac.manipulators has been deprecated in favor of isaacsim.robot.manipulators. Please update your code accordingly.
2026-04-28T22:24:48Z [16,410ms] [Warning] [omni.isaac.manipulators.grippers.gripper] omni.isaac.manipulators has been deprecated in favor of isaacsim.robot.manipulators. Please update your code accordingly.
2026-04-28T22:24:48Z [16,411ms] [Warning] [omni.isaac.manipulators.grippers.parallel_gripper] omni.isaac.manipulators has been deprecated in favor of isaacsim.robot.manipulators. Please update your code accordingly.
2026-04-28T22:24:48Z [16,412ms] [Warning] [omni.isaac.manipulators.grippers.surface_gripper] omni.isaac.manipulators has been deprecated in favor of isaacsim.robot.manipulators. Please update your code accordingly.
2026-04-28T22:24:48Z [16,413ms] [Warning] [omni.isaac.manipulators.manipulators] omni.isaac.manipulators has been deprecated in favor of isaacsim.robot.manipulators. Please update your code accordingly.
2026-04-28T22:24:48Z [16,415ms] [Warning] [omni.isaac.manipulators.manipulators.single_manipulator] omni.isaac.manipulators has been deprecated in favor of isaacsim.robot.manipulators. Please update your code accordingly.
[16.693s] [ext: omni.isaac.lula_test_widget-1.0.6] startup
2026-04-28T22:24:48Z [16,419ms] [Warning] [omni.isaac.lula_test_widget] omni.isaac.lula_test_widget has been deprecated in favor of isaacsim.robot_motion.lula_test_widget. Please update your code accordingly.
[16.696s] [ext: omni.isaac.asset_browser-1.0.6] startup
2026-04-28T22:24:48Z [16,423ms] [Warning] [omni.isaac.asset_browser] omni.isaac.asset_browser has been deprecated in favor of isaacsim.asset.browser. Please update your code accordingly.
[16.702s] [ext: omni.kit.viewport.menubar.display-107.0.3] startup
[16.710s] [ext: omni.isaac.menu-1.0.6] startup
2026-04-28T22:24:48Z [16,435ms] [Warning] [omni.isaac.menu] omni.isaac.menu has been deprecated in favor of isaacsim.gui.menu. Please update your code accordingly.
[16.713s] [ext: omni.isaac.motion_generation-8.0.7] startup
2026-04-28T22:24:48Z [16,439ms] [Warning] [omni.isaac.motion_generation] omni.isaac.motion_generation has been deprecated in favor of isaacsim.robot_motion.motion_generation. Please update your code accordingly.
2026-04-28T22:24:48Z [16,442ms] [Warning] [omni.isaac.motion_generation.articulation_kinematics_solver] omni.isaac.motion_generation has been deprecated in favor of isaacsim.robot_motion.motion_generation. Please update your code accordingly.
2026-04-28T22:24:48Z [16,443ms] [Warning] [omni.isaac.motion_generation.articulation_motion_policy] omni.isaac.motion_generation has been deprecated in favor of isaacsim.robot_motion.motion_generation. Please update your code accordingly.
2026-04-28T22:24:48Z [16,444ms] [Warning] [omni.isaac.motion_generation.articulation_trajectory] omni.isaac.motion_generation has been deprecated in favor of isaacsim.robot_motion.motion_generation. Please update your code accordingly.
2026-04-28T22:24:48Z [16,445ms] [Warning] [omni.isaac.motion_generation.kinematics_interface] omni.isaac.motion_generation has been deprecated in favor of isaacsim.robot_motion.motion_generation. Please update your code accordingly.
2026-04-28T22:24:48Z [16,446ms] [Warning] [omni.isaac.motion_generation.lula] omni.isaac.motion_generation has been deprecated in favor of isaacsim.robot_motion.motion_generation. Please update your code accordingly.
2026-04-28T22:24:48Z [16,447ms] [Warning] [omni.isaac.motion_generation.lula.kinematics] omni.isaac.motion_generation has been deprecated in favor of isaacsim.robot_motion.motion_generation. Please update your code accordingly.
2026-04-28T22:24:48Z [16,448ms] [Warning] [omni.isaac.motion_generation.lula.motion_policies] omni.isaac.motion_generation has been deprecated in favor of isaacsim.robot_motion.motion_generation. Please update your code accordingly.
2026-04-28T22:24:48Z [16,449ms] [Warning] [omni.isaac.motion_generation.lula.path_planners] omni.isaac.motion_generation has been deprecated in favor of isaacsim.robot_motion.motion_generation. Please update your code accordingly.
2026-04-28T22:24:48Z [16,450ms] [Warning] [omni.isaac.motion_generation.lula.trajectory_generator] omni.isaac.motion_generation has been deprecated in favor of isaacsim.robot_motion.motion_generation. Please update your code accordingly.
2026-04-28T22:24:48Z [16,451ms] [Warning] [omni.isaac.motion_generation.motion_policy_controller] omni.isaac.motion_generation has been deprecated in favor of isaacsim.robot_motion.motion_generation. Please update your code accordingly.
2026-04-28T22:24:48Z [16,451ms] [Warning] [omni.isaac.motion_generation.motion_policy_interface] omni.isaac.motion_generation has been deprecated in favor of isaacsim.robot_motion.motion_generation. Please update your code accordingly.
2026-04-28T22:24:48Z [16,452ms] [Warning] [omni.isaac.motion_generation.path_planner_visualizer] omni.isaac.motion_generation has been deprecated in favor of isaacsim.robot_motion.motion_generation. Please update your code accordingly.
2026-04-28T22:24:48Z [16,453ms] [Warning] [omni.isaac.motion_generation.path_planning_interface] omni.isaac.motion_generation has been deprecated in favor of isaacsim.robot_motion.motion_generation. Please update your code accordingly.
2026-04-28T22:24:48Z [16,454ms] [Warning] [omni.isaac.motion_generation.trajectory] omni.isaac.motion_generation has been deprecated in favor of isaacsim.robot_motion.motion_generation. Please update your code accordingly.
2026-04-28T22:24:48Z [16,454ms] [Warning] [omni.isaac.motion_generation.world_interface] omni.isaac.motion_generation has been deprecated in favor of isaacsim.robot_motion.motion_generation. Please update your code accordingly.
[16.732s] [ext: omni.isaac.assets_check-0.3.13] startup
2026-04-28T22:24:48Z [16,458ms] [Warning] [omni.isaac.assets_check] omni.isaac.assets_check has been deprecated in favor of isaacsim.asset.browser. Please update your code accordingly.
[16.735s] [ext: isaacsim.gui.sensors.icon-2.0.3] startup
[16.802s] [ext: isaacsim.asset.importer.mjcf-2.5.13] startup
[16.830s] [ext: omni.sensors.nv.common-3.0.0] startup
[17.029s] [ext: isaacsim.sensors.physics-0.4.3] startup
[17.056s] [ext: omni.sensors.net-1.0.0] startup
[17.098s] [ext: omni.isaac.nucleus-1.0.6] startup
2026-04-28T22:24:49Z [16,824ms] [Warning] [omni.isaac.nucleus] omni.isaac.nucleus has been deprecated in favor of isaacsim.storage.native. Please update your code accordingly.
2026-04-28T22:24:49Z [16,824ms] [Warning] [omni.isaac.nucleus.nucleus] omni.isaac.nucleus.nucleus has been deprecated in favor of isaacsim.storage.native. Please update your code accordingly.
2026-04-28T22:24:49Z [16,825ms] [Warning] [omni.ext._impl._internal] Found class `Extension` derived from `omni.ext.IExt` in module: 'omni.isaac.nucleus', but it was imported from other extension: 'c:/transformer-rl-retro-propulsion/env_isaaclab/lib/site-packages/isaacsim/exts/isaacsim.storage.native/isaacsim/storage/native/impl/extension.py', which is not a subpath to: 'c:\transformer-rl-retro-propulsion\env_isaaclab\lib\site-packages\isaacsim\extsdeprecated\omni.isaac.nucleus'. Do not import `IExt` derived class from other extension in your public namespace.
[17.102s] [ext: omni.sensors.nv.materials-2.0.0] startup
[17.155s] [ext: isaacsim.robot.policy.examples-4.1.11] startup
[17.159s] [ext: omni.sensors.nv.wpm-3.0.0] startup
[17.189s] [ext: omni.sensors.nv.lidar-3.0.0] startup
[17.269s] [ext: isaacsim.util.debug_draw-3.1.0] startup
[17.289s] [ext: omni.sensors.nv.radar-3.0.0] startup
[17.328s] [ext: omni.sensors.nv.ids-2.0.0] startup
[17.345s] [ext: isaacsim.core.cloner-1.4.10] startup
[17.357s] [ext: isaacsim.sensors.physx-2.3.2] startup
[17.384s] [ext: isaacsim.sensors.rtx-15.8.4] startup
[17.417s] [ext: isaacsim.sensors.camera-1.3.6] startup
[17.432s] [ext: omni.isaac.quadruped-3.0.7] startup
2026-04-28T22:24:49Z [17,158ms] [Warning] [omni.isaac.quadruped] omni.isaac.quadruped has been deprecated in favor of isaacsim.robot.policy.examples. Please update your code accordingly.
[17.435s] [ext: omni.isaac.cloner-1.0.7] startup
2026-04-28T22:24:49Z [17,162ms] [Warning] [omni.isaac.cloner] omni.isaac.cloner has been deprecated in favor of isaacsim.core.cloner. Please update your code accordingly.
[17.441s] [ext: omni.isaac.range_sensor-4.0.6] startup
2026-04-28T22:24:49Z [17,167ms] [Warning] [omni.isaac.range_sensor] omni.isaac.range_sensor has been deprecated in favor of isaacsim.sensors.physx. Please update your code accordingly.
2026-04-28T22:24:49Z [17,167ms] [Warning] [omni.isaac.range_sensor.commands] omni.isaac.range_sensor.commands has been deprecated in favor of isaacsim.sensors.physx.commands. Please update your code accordingly.
[17.445s] [ext: omni.isaac.sensor-13.0.7] startup
2026-04-28T22:24:49Z [17,172ms] [Warning] [omni.isaac.sensor] omni.isaac.sensor has been deprecated in favor of isaacsim.sensors.camera, isaacsim.sensors.physics, isaacsim.sensors.physx, and isaacsim.sensors.rtx. Please update your code accordingly.
2026-04-28T22:24:49Z [17,172ms] [Warning] [omni.isaac.sensor.camera] omni.isaac.sensor.camera has been deprecated in favor of isaacsim.sensors.camera.camera. Please update your code accordingly.
2026-04-28T22:24:49Z [17,173ms] [Warning] [omni.isaac.sensor.camera_view] omni.isaac.sensor.camera_view has been deprecated in favor of isaacsim.sensors.camera.camera_view. Please update your code accordingly.
2026-04-28T22:24:49Z [17,174ms] [Warning] [omni.isaac.sensor.commands] omni.isaac.sensor.commands has been deprecated in favor of isaacsim.sensors.physics.commands, isaacsim.sensors.physx.commands, and isaacsim.sensors.rtx.commands. Please update your code accordingly.
2026-04-28T22:24:49Z [17,175ms] [Warning] [omni.isaac.sensor.contact_sensor] omni.isaac.sensor.contact_sensor has been deprecated in favor of isaacsim.sensors.physics.contact_sensor. Please update your code accordingly.
2026-04-28T22:24:49Z [17,176ms] [Warning] [omni.isaac.sensor.imu_sensor] omni.isaac.sensor.imu_sensor has been deprecated in favor of isaacsim.sensors.physics.imu_sensor. Please update your code accordingly.
2026-04-28T22:24:49Z [17,176ms] [Warning] [omni.isaac.sensor.lidar_rtx] omni.isaac.sensor.lidar_rtx has been deprecated in favor of isaacsim.sensors.rtx.lidar_rtx. Please update your code accordingly.
2026-04-28T22:24:49Z [17,177ms] [Warning] [omni.isaac.sensor.rotating_lidar_physX] omni.isaac.sensor.imu_sensor has been deprecated in favor of isaacsim.sensors.physix.rotating_lidar_physX. Please update your code accordingly.
2026-04-28T22:24:49Z [17,179ms] [Warning] [omni.isaac.sensor.scripts.samples.contact_sensor] omni.isaac.sensor.scripts.samples.contact_sensor has been deprecated in favor of isaacsim.sensors.physics.scripts.samples.contact_sensor. Please update your code accordingly.
2026-04-28T22:24:49Z [17,179ms] [Warning] [omni.isaac.sensor.scripts.samples.imu_sensor] omni.isaac.sensor.scripts.samples.imu_sensor has been deprecated in favor of isaacsim.sensors.physics.scripts.samples.imu_sensor. Please update your code accordingly.
2026-04-28T22:24:49Z [17,180ms] [Warning] [omni.isaac.sensor.scripts.samples.lightbeam_sensor] omni.isaac.sensor.scripts.samples.lightbeam_sensor has been deprecated in favor of isaacsim.sensors.physx.scripts.samples.lightbeam_sensor. Please update your code accordingly.
[17.458s] [ext: omni.kit.menu.create-2.0.1] startup
[17.466s] [ext: omni.kit.widget.toolbar-2.0.1] startup
[17.494s] [ext: omni.kit.manipulator.transform-107.0.0] startup
[17.507s] [ext: omni.isaac.core-4.0.7] startup
2026-04-28T22:24:49Z [17,232ms] [Warning] [omni.isaac.core.physics_context.physics_context] omni.isaac.core.physics_context.physics_context has been deprecated in favor of isaacsim.core.api.physics_context.physics_context. Please update your code accordingly.
2026-04-28T22:24:49Z [17,233ms] [Warning] [omni.isaac.core.simulation_context.simulation_context] omni.isaac.core.simulation_context.simulation_context has been deprecated in favor of isaacsim.core.api.simulation_context.simulation_context. Please update your code accordingly.
2026-04-28T22:24:49Z [17,234ms] [Warning] [omni.isaac.core.world.world] omni.isaac.core.world.world has been deprecated in favor of isaacsim.core.api.world.world. Please update your code accordingly.
2026-04-28T22:24:49Z [17,234ms] [Warning] [omni.isaac.core] omni.isaac.core has been deprecated in favor of isaacsim.core.api. Please update your code accordingly.
[17.512s] [ext: omni.kit.scripting-107.3.2] startup
[17.528s] [ext: omni.kit.manipulator.tool.snap-1.5.13] startup
[17.546s] [ext: omni.kit.manipulator.selector-1.1.3] startup
[17.552s] [ext: isaacsim.app.about-2.0.11] startup
[17.581s] [ext: isaacsim.replicator.behavior-1.1.16] startup
[17.585s] [ext: omni.kit.viewport.manipulator.transform-107.0.4] startup
[17.591s] [ext: omni.isaac.window.about-2.0.7] startup
2026-04-28T22:24:49Z [17,322ms] [Warning] [omni.isaac.window.about] omni.isaac.window.about has been deprecated in favor of isaacsim.app.about. Please update your code accordingly.
2026-04-28T22:24:49Z [17,322ms] [Warning] [omni.isaac.window.about.about] omni.isaac.window.about.about has been deprecated in favor of isaacsim.app.about.about. Please update your code accordingly.
[17.600s] [ext: omni.fabric.commands-1.1.6] startup
[17.611s] [ext: omni.kit.manipulator.prim.core-107.0.8] startup
[17.634s] [ext: omni.kit.property.audio-1.0.16] startup
[17.639s] [ext: omni.kit.property.camera-1.0.10] startup
[17.647s] [ext: omni.kit.property.geometry-2.0.4] startup
[17.660s] [ext: omni.hydra.scene_api-0.1.2] startup
[17.675s] [ext: omni.kit.property.light-1.0.12] startup
[17.732s] [ext: omni.kit.manipulator.prim.fabric-107.0.4] startup
[17.738s] [ext: omni.kit.manipulator.prim.usd-107.0.3] startup
[17.743s] [ext: omni.kit.property.material-1.11.9] startup
[17.771s] [ext: omni.kit.property.render-1.2.1] startup
[17.776s] [ext: omni.kit.property.transform-1.5.13] startup
[17.786s] [ext: isaacsim.gui.property-1.1.3] startup
[17.793s] [ext: omni.kit.manipulator.camera-106.0.4] startup
[17.806s] [ext: omni.kit.manipulator.prim-107.0.0] startup
[17.806s] [ext: omni.isaac.surface_gripper-2.0.6] startup
2026-04-28T22:24:49Z [17,531ms] [Warning] [omni.isaac.surface_gripper] omni.isaac.surface_gripper has been deprecated in favor of isaacsim.robot.surface_gripper. Please update your code accordingly.
2026-04-28T22:24:49Z [17,531ms] [Warning] [omni.ext._impl._internal] Found class `Extension` derived from `omni.ext.IExt` in module: 'omni.isaac.surface_gripper', but it was imported from other extension: 'c:/transformer-rl-retro-propulsion/env_isaaclab/lib/site-packages/isaacsim/exts/isaacsim.robot.surface_gripper/isaacsim/robot/surface_gripper/impl/extension.py', which is not a subpath to: 'c:\transformer-rl-retro-propulsion\env_isaaclab\lib\site-packages\isaacsim\extsdeprecated\omni.isaac.surface_gripper'. Do not import `IExt` derived class from other extension in your public namespace.
[17.809s] [ext: omni.kit.manipulator.selection-106.0.1] startup
[17.817s] [ext: omni.kit.property.bundle-1.4.1] startup
[17.821s] [ext: omni.kit.property.isaac-1.0.6] startup
2026-04-28T22:24:49Z [17,547ms] [Warning] [omni.kit.property.isaac] omni.kit.property.isaac has been deprecated in favor of isaacsim.gui.property. Please update your code accordingly.
2026-04-28T22:24:49Z [17,547ms] [Warning] [omni.kit.property.isaac.widgets] omni.kit.property.isaac.widgets has been deprecated in favor of isaacsim.gui.property.widgets. Please update your code accordingly.
[17.825s] [ext: omni.isaac.universal_robots-1.0.6] startup
2026-04-28T22:24:49Z [17,549ms] [Warning] [omni.isaac.universal_robots] omni.isaac.universal_robots has been deprecated in favor of isaacsim.robot.manipulators.examples.universal_robots. Please update your code accordingly.
2026-04-28T22:24:49Z [17,550ms] [Warning] [omni.isaac.universal_robots.kinematics_solver] omni.isaac.franka has been deprecated in favor of isaacsim.robot.manipulators.examples.universal_robots. Please update your code accordingly.
2026-04-28T22:24:49Z [17,563ms] [Warning] [omni.isaac.universal_robots.ur10] omni.isaac.franka has been deprecated in favor of isaacsim.robot.manipulators.examples.universal_robots. Please update your code accordingly.
[17.840s] [ext: omni.isaac.core_nodes-2.0.6] startup
2026-04-28T22:24:49Z [17,568ms] [Warning] [omni.isaac.core_nodes] omni.isaac.core_nodes has been deprecated in favor of isaacsim.core.nodes. Please update your code accordingly.
[17.846s] [ext: omni.kit.viewport.menubar.camera-107.0.6] startup
[17.864s] [ext: omni.kit.viewport.menubar.lighting-107.3.1] startup
[17.872s] [ext: isaacsim.replicator.writers-1.0.17] startup
[17.934s] [ext: omni.kit.viewport.menubar.render-107.0.10] startup
[17.945s] [ext: omni.kit.viewport.menubar.settings-107.0.3] startup
[17.960s] [ext: omni.kit.window.console-1.1.4] startup
[17.982s] [ext: isaacsim.replicator.domain_randomization-1.0.16] startup
[17.990s] [ext: isaacsim.replicator.examples-1.3.6] startup
[17.996s] [ext: omni.ocio-0.1.1] startup
[18.007s] [ext: omni.rtx.window.settings-0.6.19] startup
[18.025s] [ext: omni.kit.window.status_bar-0.1.9] startup
[18.033s] [ext: omni.kit.window.toolbar-2.0.0] startup
[18.044s] [ext: omni.replicator.isaac-2.0.8] startup
2026-04-28T22:24:49Z [17,769ms] [Warning] [omni.replicator.isaac] omni.replicator.isaac has been deprecated in favor of isaacsim.replicator.domain_randomization, isaacsim.replicator.examples, isaacsim.replicator.writers. Please update your code accordingly.
[18.047s] [ext: omni.replicator.replicator_yaml-2.0.11] startup
[18.093s] [ext: omni.rtx.settings.core-0.6.5] startup
[18.104s] [ext: omni.usd.metrics.assembler.ui-107.3.1] startup
[18.121s] [ext: omni.isaac.utils-2.0.6] startup
[18.125s] [ext: semantics.schema.editor-2.0.2] startup
[18.133s] [ext: omni.kit.ui.actions-1.0.5] startup
[18.137s] [ext: semantics.schema.property-2.0.1] startup
[18.142s] [ext: omni.isaac.version-2.0.7] startup
2026-04-28T22:24:50Z [17,867ms] [Warning] [omni.isaac.version] omni.isaac.version has been deprecated in favor of isaacsim.core.version. Please update your code accordingly.
[18.144s] [ext: omni.isaac.cortex-1.0.5] startup
[18.145s] [ext: omni.anim.curve.core-1.3.1] startup
[18.185s] [ext: isaacsim.core.throttling-2.2.2] startup
[18.194s] [ext: omni.kit.menu.common-2.0.1] startup
[18.198s] [ext: isaacsim.exp.base-5.1.0] startup
[18.199s] [ext: isaacsim.exp.base.python-5.1.0] startup
[18.204s] Simulation App Starting
2026-04-28T22:24:51Z [19,374ms] [Warning] [omni.fabric.plugin] Warning: attribute overrideClipRange not found for bucket id 9

[19.682s] app ready
Starting kit application with the following args:  ['C:\\Transformer-rl-retro-propulsion\\env_isaaclab\\Lib\\site-packages\\isaacsim\\exts\\isaacsim.simulation_app\\isaacsim\\simulation_app\\simulation_app.py', 'C:\\Transformer-rl-retro-propulsion\\env_isaaclab\\Lib\\site-packages\\isaacsim\\apps/isaacsim.exp.base.python.kit', '--/app/tokens/exe-path=C:\\Transformer-rl-retro-propulsion\\env_isaaclab\\Lib\\site-packages\\isaacsim\\kit', '--/persistent/app/viewport/displayOptions=3094', '--/rtx/materialDb/syncLoads=True', '--/rtx/hydra/materialSyncLoads=True', '--/omni.kit.plugin/syncUsdLoads=True', '--/app/renderer/resolution/width=1280', '--/app/renderer/resolution/height=720', '--/app/window/width=1440', '--/app/window/height=900', '--/renderer/multiGpu/enabled=True', '--/app/fastShutdown=True', '--/app/installSignalHandlers=0', '--ext-folder', 'C:\\Transformer-rl-retro-propulsion\\env_isaaclab\\Lib\\site-packages\\isaacsim/exts', '--ext-folder', 'C:\\Transformer-rl-retro-propulsion\\env_isaaclab\\Lib\\site-packages\\isaacsim/apps', '--/physics/cudaDevice=0', '--/plugins/carb.tasking.plugin/threadCount=24', '--/plugins/omni.tbb.globalcontrol/maxThreadCount=24', '--portable', '--no-window', '--/app/window/hideUi=1']
Passing the following args to the base kit application:  ['--task', 'landing', '--total-steps', '8000000', '--seed', '0', '--headless', '--max-wall-time', '18000', '--no-early-stop']
Warp 1.8.2 initialized:
   CUDA Toolkit 12.8, Driver 13.0
   Devices:
     "cpu"      : "AMD64 Family 26 Model 68 Stepping 0, AuthenticAMD"
     "cuda:0"   : "NVIDIA GeForce RTX 5070" (12 GiB, sm_120, mempool enabled)
   Kernel cache:
     C:\Users\tngzj\AppData\Local\NVIDIA\warp\Cache\1.8.2
Warp DeprecationWarning: The `warp.sim` module is deprecated and will be removed in v1.10. Please transition to using the forthcoming Newton library instead.

[36m===================================================================================================================[0m
[36m[1m[INFO][IsaacLab]: Logging to file: C:\Users\tngzj\AppData\Local\Temp\isaaclab\logs\isaaclab_2026-04-28_17-24-55.log[0m
[36m===================================================================================================================[0m

Spawn curriculum enabled (staged, 4 stages): stage 0 xy_half_width=0.50 m, final xy_half_width=2.00 m. Stage advancement is feedback-driven (success-fraction threshold). Eval uses the final stage.
PPO policy observation uses body-FRD position error for obs[0:3]; environment observations and PID/guidance adapters remain unchanged.
{"type":"train_update","update":1,"global_step":16384,"wall_s":9.67,"sps":1695.0,"loss":1540.389439,"loss_ema":1540.389439,"loss_plateau_delta":null,"loss_plateau_count":0,"pg_loss":-0.001239,"v_loss":3080.76236,"entropy":-1.900028,"approx_kl":0.005044,"clipfrac":0.0643,"reward_mean":-4.5799,"reward_std":16.7974,"reward_min":-206.6046,"reward_max":-0.287,"reward_scale":1.0,"throttle_mean":0.7584,"throttle_min":0.136,"throttle_max":0.9775,"spawn_curriculum_enabled":true,"spawn_curriculum_mode":"staged","spawn_curriculum_progress":0.0,"spawn_xy_half_width_m":0.5,"spawn_stage_index":0,"spawn_num_stages":4,"stage_success_count":0,"stage_termination_count":128,"stage_success_fraction":0.0,"stage_steps_in_stage":16384,"stage_advanced_this_update":false}
step=16,384 reward_mean=-4.580 kl=0.00504 clipfrac=0.064 eval={'landed_fraction': 1.0, 'crashed_fraction': 1.0, 'mean_touchdown_speed': 0.02614273875951767, 'max_touchdown_speed': 0.4282682240009308, 'mean_pad_distance': 2.811960220336914, 'max_pad_distance': 6.5897536277771, 'mean_delta_v_proxy': 16.325119018554688, 'mean_eval_throttle': 0.7770118178923925, 'max_eval_throttle': 0.7943993806838989, 'max_upward_speed': 1.8992348909378052, 'max_downward_speed': 11.634672164916992, 'passed': False}
{"type":"train_update","update":2,"global_step":32768,"wall_s":62.88,"sps":521.1,"loss":1494.645523,"loss_ema":1531.240656,"loss_plateau_delta":9.148783,"loss_plateau_count":0,"pg_loss":-0.002229,"v_loss":2989.27655,"entropy":-1.893382,"approx_kl":0.004574,"clipfrac":0.0427,"reward_mean":-4.5209,"reward_std":16.5819,"reward_min":-206.9976,"reward_max":415.0651,"reward_scale":1.0,"throttle_mean":0.7548,"throttle_min":0.1469,"throttle_max":0.9823,"spawn_curriculum_enabled":true,"spawn_curriculum_mode":"staged","spawn_curriculum_progress":0.0,"spawn_xy_half_width_m":0.5,"spawn_stage_index":0,"spawn_num_stages":4,"stage_success_count":1,"stage_termination_count":128,"stage_success_fraction":0.0039,"stage_steps_in_stage":32768,"stage_advanced_this_update":false}
{"type":"train_update","update":3,"global_step":49152,"wall_s":70.68,"sps":695.4,"loss":2138.107777,"loss_ema":1652.61408,"loss_plateau_delta":121.373424,"loss_plateau_count":0,"pg_loss":-0.001214,"v_loss":4276.199081,"entropy":-1.891325,"approx_kl":0.004211,"clipfrac":0.0346,"reward_mean":-6.1215,"reward_std":23.4525,"reward_min":-207.2156,"reward_max":412.124,"reward_scale":1.0,"throttle_mean":0.7524,"throttle_min":0.1379,"throttle_max":0.9872,"spawn_curriculum_enabled":true,"spawn_curriculum_mode":"staged","spawn_curriculum_progress":0.0,"spawn_xy_half_width_m":0.5,"spawn_stage_index":0,"spawn_num_stages":4,"stage_success_count":1,"stage_termination_count":257,"stage_success_fraction":0.0039,"stage_steps_in_stage":49152,"stage_advanced_this_update":false}
{"type":"train_update","update":4,"global_step":65536,"wall_s":77.23,"sps":848.6,"loss":2172.921806,"loss_ema":1756.675625,"loss_plateau_delta":104.061545,"loss_plateau_count":0,"pg_loss":-0.002646,"v_loss":4345.830032,"entropy":-1.884212,"approx_kl":0.004196,"clipfrac":0.037,"reward_mean":-5.9645,"reward_std":23.787,"reward_min":-206.5293,"reward_max":439.2426,"reward_scale":1.0,"throttle_mean":0.749,"throttle_min":0.1769,"throttle_max":0.9796,"spawn_curriculum_enabled":true,"spawn_curriculum_mode":"staged","spawn_curriculum_progress":0.0,"spawn_xy_half_width_m":0.5,"spawn_stage_index":0,"spawn_num_stages":4,"stage_success_count":3,"stage_termination_count":257,"stage_success_fraction":0.0065,"stage_steps_in_stage":65536,"stage_advanced_this_update":false}
step=65,536 reward_mean=-5.964 kl=0.00420 clipfrac=0.037 eval={'landed_fraction': 1.0, 'crashed_fraction': 1.0, 'mean_touchdown_speed': 0.029628628864884377, 'max_touchdown_speed': 0.4848921000957489, 'mean_pad_distance': 2.819955348968506, 'max_pad_distance': 8.802180290222168, 'mean_delta_v_proxy': 16.479217529296875, 'mean_eval_throttle': 0.780344675315751, 'max_eval_throttle': 0.8074637055397034, 'max_upward_speed': 1.8583608865737915, 'max_downward_speed': 11.605205535888672, 'passed': False}
{"type":"train_update","update":5,"global_step":81920,"wall_s":130.86,"sps":626.0,"loss":1464.266384,"loss_ema":1698.193777,"loss_plateau_delta":58.481848,"loss_plateau_count":0,"pg_loss":-0.000882,"v_loss":2928.515755,"entropy":-1.876747,"approx_kl":0.003535,"clipfrac":0.0494,"reward_mean":-4.5173,"reward_std":16.7311,"reward_min":-206.7719,"reward_max":440.5694,"reward_scale":1.0,"throttle_mean":0.7558,"throttle_min":0.176,"throttle_max":0.9836,"spawn_curriculum_enabled":true,"spawn_curriculum_mode":"staged","spawn_curriculum_progress":0.0,"spawn_xy_half_width_m":0.5,"spawn_stage_index":0,"spawn_num_stages":4,"stage_success_count":1,"stage_termination_count":130,"stage_success_fraction":0.0067,"stage_steps_in_stage":81920,"stage_advanced_this_update":false}
{"type":"train_update","update":6,"global_step":98304,"wall_s":138.98,"sps":707.3,"loss":2077.206047,"loss_ema":1773.996231,"loss_plateau_delta":75.802454,"loss_plateau_count":0,"pg_loss":-0.002742,"v_loss":4154.398903,"entropy":-1.870135,"approx_kl":0.004429,"clipfrac":0.0398,"reward_mean":-6.0497,"reward_std":23.3398,"reward_min":-207.1452,"reward_max":419.2621,"reward_scale":1.0,"throttle_mean":0.7548,"throttle_min":0.1572,"throttle_max":0.978,"spawn_curriculum_enabled":true,"spawn_curriculum_mode":"staged","spawn_curriculum_progress":0.0,"spawn_xy_half_width_m":0.5,"spawn_stage_index":0,"spawn_num_stages":4,"stage_success_count":1,"stage_termination_count":254,"stage_success_fraction":0.0059,"stage_steps_in_stage":98304,"stage_advanced_this_update":false}
{"type":"train_update","update":7,"global_step":114688,"wall_s":145.49,"sps":788.3,"loss":2189.896477,"loss_ema":1857.17628,"loss_plateau_delta":83.180049,"loss_plateau_count":0,"pg_loss":-0.001569,"v_loss":4379.777512,"entropy":-1.85915,"approx_kl":0.005678,"clipfrac":0.0447,"reward_mean":-6.1104,"reward_std":23.6845,"reward_min":-206.957,"reward_max":442.1574,"reward_scale":1.0,"throttle_mean":0.7557,"throttle_min":0.1576,"throttle_max":0.9836,"spawn_curriculum_enabled":true,"spawn_curriculum_mode":"staged","spawn_curriculum_progress":0.0,"spawn_xy_half_width_m":0.5,"spawn_stage_index":0,"spawn_num_stages":4,"stage_success_count":1,"stage_termination_count":255,"stage_success_fraction":0.0059,"stage_steps_in_stage":114688,"stage_advanced_this_update":false}
step=114,688 reward_mean=-6.110 kl=0.00568 clipfrac=0.045 eval={'landed_fraction': 1.0, 'crashed_fraction': 1.0, 'mean_touchdown_speed': 0.03146947920322418, 'max_touchdown_speed': 0.5169870257377625, 'mean_pad_distance': 2.6023731231689453, 'max_pad_distance': 5.4271697998046875, 'mean_delta_v_proxy': 16.580326080322266, 'mean_eval_throttle': 0.7820370898644129, 'max_eval_throttle': 0.8134254217147827, 'max_upward_speed': 2.049405336380005, 'max_downward_speed': 11.617047309875488, 'passed': False}
{"type":"train_update","update":8,"global_step":131072,"wall_s":199.76,"sps":656.1,"loss":1419.218853,"loss_ema":1769.584795,"loss_plateau_delta":87.591485,"loss_plateau_count":0,"pg_loss":-0.00215,"v_loss":2838.423462,"entropy":-1.854727,"approx_kl":0.004192,"clipfrac":0.0302,"reward_mean":-4.416,"reward_std":16.7487,"reward_min":-206.8714,"reward_max":422.9261,"reward_scale":1.0,"throttle_mean":0.7587,"throttle_min":0.1694,"throttle_max":0.9865,"spawn_curriculum_enabled":true,"spawn_curriculum_mode":"staged","spawn_curriculum_progress":0.0,"spawn_xy_half_width_m":0.5,"spawn_stage_index":0,"spawn_num_stages":4,"stage_success_count":2,"stage_termination_count":128,"stage_success_fraction":0.0078,"stage_steps_in_stage":131072,"stage_advanced_this_update":false}
{"type":"train_update","update":9,"global_step":147456,"wall_s":207.4,"sps":711.0,"loss":2047.764217,"loss_ema":1825.220679,"loss_plateau_delta":55.635885,"loss_plateau_count":0,"pg_loss":-0.002127,"v_loss":4095.514229,"entropy":-1.849013,"approx_kl":0.0056,"clipfrac":0.0481,"reward_mean":-6.0756,"reward_std":22.7279,"reward_min":-206.8617,"reward_max":0.4609,"reward_scale":1.0,"throttle_mean":0.7593,"throttle_min":0.1368,"throttle_max":0.9817,"spawn_curriculum_enabled":true,"spawn_curriculum_mode":"staged","spawn_curriculum_progress":0.0,"spawn_xy_half_width_m":0.5,"spawn_stage_index":0,"spawn_num_stages":4,"stage_success_count":0,"stage_termination_count":255,"stage_success_fraction":0.0049,"stage_steps_in_stage":147456,"stage_advanced_this_update":false}
{"type":"train_update","update":10,"global_step":163840,"wall_s":214.21,"sps":764.8,"loss":2021.559704,"loss_ema":1864.488484,"loss_plateau_delta":39.267805,"loss_plateau_count":0,"pg_loss":0.001197,"v_loss":4043.098671,"entropy":-1.833091,"approx_kl":0.005612,"clipfrac":0.1011,"reward_mean":-5.9364,"reward_std":22.5347,"reward_min":-207.4727,"reward_max":407.3755,"reward_scale":1.0,"throttle_mean":0.7611,"throttle_min":0.1339,"throttle_max":0.9825,"spawn_curriculum_enabled":true,"spawn_curriculum_mode":"staged","spawn_curriculum_progress":0.0,"spawn_xy_half_width_m":0.5,"spawn_stage_index":0,"spawn_num_stages":4,"stage_success_count":1,"stage_termination_count":248,"stage_success_fraction":0.0039,"stage_steps_in_stage":163840,"stage_advanced_this_update":false}
step=163,840 reward_mean=-5.936 kl=0.00561 clipfrac=0.101 eval={'landed_fraction': 1.0, 'crashed_fraction': 1.0, 'mean_touchdown_speed': 0.029690982773900032, 'max_touchdown_speed': 0.4504031836986542, 'mean_pad_distance': 2.7601428031921387, 'max_pad_distance': 6.0065226554870605, 'mean_delta_v_proxy': 16.796672821044922, 'mean_eval_throttle': 0.7869328310754564, 'max_eval_throttle': 0.824428915977478, 'max_upward_speed': 1.7356034517288208, 'max_downward_speed': 11.610295295715332, 'passed': False}
{"type":"train_update","update":11,"global_step":180224,"wall_s":268.79,"sps":670.5,"loss":1399.044598,"loss_ema":1771.399707,"loss_plateau_delta":93.088777,"loss_plateau_count":0,"pg_loss":-0.001494,"v_loss":2798.073845,"entropy":-1.83429,"approx_kl":0.007153,"clipfrac":0.0525,"reward_mean":-4.454,"reward_std":16.5753,"reward_min":-206.7233,"reward_max":423.2405,"reward_scale":1.0,"throttle_mean":0.7665,"throttle_min":0.1502,"throttle_max":0.9867,"spawn_curriculum_enabled":true,"spawn_curriculum_mode":"staged","spawn_curriculum_progress":0.0,"spawn_xy_half_width_m":0.5,"spawn_stage_index":0,"spawn_num_stages":4,"stage_success_count":1,"stage_termination_count":128,"stage_success_fraction":0.0049,"stage_steps_in_stage":180224,"stage_advanced_this_update":false}
{"type":"train_update","update":12,"global_step":196608,"wall_s":275.66,"sps":713.2,"loss":1999.729908,"loss_ema":1817.065747,"loss_plateau_delta":45.66604,"loss_plateau_count":0,"pg_loss":0.001473,"v_loss":3999.438576,"entropy":-1.830842,"approx_kl":0.016432,"clipfrac":0.0934,"reward_mean":-5.8904,"reward_std":22.5552,"reward_min":-208.357,"reward_max":445.8111,"reward_scale":1.0,"throttle_mean":0.7658,"throttle_min":0.1624,"throttle_max":0.9885,"spawn_curriculum_enabled":true,"spawn_curriculum_mode":"staged","spawn_curriculum_progress":0.0,"spawn_xy_half_width_m":0.5,"spawn_stage_index":0,"spawn_num_stages":4,"stage_success_count":1,"stage_termination_count":253,"stage_success_fraction":0.0049,"stage_steps_in_stage":196608,"stage_advanced_this_update":false}
{"type":"train_update","update":13,"global_step":212992,"wall_s":283.11,"sps":752.3,"loss":2193.05426,"loss_ema":1892.26345,"loss_plateau_delta":75.197703,"loss_plateau_count":0,"pg_loss":-0.00101,"v_loss":4386.09227,"entropy":-1.828515,"approx_kl":0.004512,"clipfrac":0.0475,"reward_mean":-5.9386,"reward_std":23.3987,"reward_min":-206.7208,"reward_max":449.9122,"reward_scale":1.0,"throttle_mean":0.7641,"throttle_min":0.1196,"throttle_max":0.9855,"spawn_curriculum_enabled":true,"spawn_curriculum_mode":"staged","spawn_curriculum_progress":0.0,"spawn_xy_half_width_m":0.5,"spawn_stage_index":0,"spawn_num_stages":4,"stage_success_count":3,"stage_termination_count":247,"stage_success_fraction":0.0059,"stage_steps_in_stage":212992,"stage_advanced_this_update":false}
step=212,992 reward_mean=-5.939 kl=0.00451 clipfrac=0.047 eval={'landed_fraction': 1.0, 'crashed_fraction': 1.0, 'mean_touchdown_speed': 0.029514318332076073, 'max_touchdown_speed': 0.48542967438697815, 'mean_pad_distance': 2.937338352203369, 'max_pad_distance': 7.167726039886475, 'mean_delta_v_proxy': 16.781898498535156, 'mean_eval_throttle': 0.7866406021515528, 'max_eval_throttle': 0.8272678852081299, 'max_upward_speed': 1.8355478048324585, 'max_downward_speed': 11.603070259094238, 'passed': False}
{"type":"train_update","update":14,"global_step":229376,"wall_s":337.81,"sps":679.0,"loss":1390.657326,"loss_ema":1791.942225,"loss_plateau_delta":100.321225,"loss_plateau_count":0,"pg_loss":-6.4e-05,"v_loss":2781.296539,"entropy":-1.823297,"approx_kl":0.003778,"clipfrac":0.0376,"reward_mean":-4.5359,"reward_std":16.5683,"reward_min":-206.922,"reward_max":-0.2191,"reward_scale":1.0,"throttle_mean":0.7627,"throttle_min":0.1049,"throttle_max":0.9883,"spawn_curriculum_enabled":true,"spawn_curriculum_mode":"staged","spawn_curriculum_progress":0.0,"spawn_xy_half_width_m":0.5,"spawn_stage_index":0,"spawn_num_stages":4,"stage_success_count":0,"stage_termination_count":129,"stage_success_fraction":0.0059,"stage_steps_in_stage":229376,"stage_advanced_this_update":false}
{"type":"train_update","update":15,"global_step":245760,"wall_s":344.18,"sps":714.0,"loss":2003.93885,"loss_ema":1834.34155,"loss_plateau_delta":42.399325,"loss_plateau_count":0,"pg_loss":-0.001351,"v_loss":4007.862259,"entropy":-1.81256,"approx_kl":0.006643,"clipfrac":0.0509,"reward_mean":-6.0489,"reward_std":23.5433,"reward_min":-207.3393,"reward_max":407.4595,"reward_scale":1.0,"throttle_mean":0.763,"throttle_min":0.212,"throttle_max":0.9854,"spawn_curriculum_enabled":true,"spawn_curriculum_mode":"staged","spawn_curriculum_progress":0.0,"spawn_xy_half_width_m":0.5,"spawn_stage_index":0,"spawn_num_stages":4,"stage_success_count":1,"stage_termination_count":255,"stage_success_fraction":0.0059,"stage_steps_in_stage":245760,"stage_advanced_this_update":false}
{"type":"train_update","update":16,"global_step":262144,"wall_s":352.41,"sps":743.9,"loss":2069.230618,"loss_ema":1881.319364,"loss_plateau_delta":46.977814,"loss_plateau_count":0,"pg_loss":-2e-06,"v_loss":4138.443268,"entropy":-1.797006,"approx_kl":0.010285,"clipfrac":0.0916,"reward_mean":-6.1031,"reward_std":23.0305,"reward_min":-207.3666,"reward_max":0.3656,"reward_scale":1.0,"throttle_mean":0.7691,"throttle_min":0.1616,"throttle_max":0.9894,"spawn_curriculum_enabled":true,"spawn_curriculum_mode":"staged","spawn_curriculum_progress":0.0,"spawn_xy_half_width_m":0.5,"spawn_stage_index":0,"spawn_num_stages":4,"stage_success_count":0,"stage_termination_count":249,"stage_success_fraction":0.0039,"stage_steps_in_stage":262144,"stage_advanced_this_update":false}
step=262,144 reward_mean=-6.103 kl=0.01029 clipfrac=0.092 eval={'landed_fraction': 1.0, 'crashed_fraction': 1.0, 'mean_touchdown_speed': 0.03253767639398575, 'max_touchdown_speed': 0.588951587677002, 'mean_pad_distance': 2.831000804901123, 'max_pad_distance': 6.4714674949646, 'mean_delta_v_proxy': 17.126155853271484, 'mean_eval_throttle': 0.7937619559632407, 'max_eval_throttle': 0.847021758556366, 'max_upward_speed': 1.8760313987731934, 'max_downward_speed': 11.285356521606445, 'passed': False}
{"type":"train_update","update":17,"global_step":278528,"wall_s":407.0,"sps":684.3,"loss":1355.19936,"loss_ema":1776.095363,"loss_plateau_delta":105.224001,"loss_plateau_count":0,"pg_loss":0.001205,"v_loss":2710.378479,"entropy":-1.781611,"approx_kl":0.004238,"clipfrac":0.1112,"reward_mean":-4.4973,"reward_std":16.39,"reward_min":-207.5952,"reward_max":165.3924,"reward_scale":1.0,"throttle_mean":0.7708,"throttle_min":0.1634,"throttle_max":0.988,"spawn_curriculum_enabled":true,"spawn_curriculum_mode":"staged","spawn_curriculum_progress":0.0,"spawn_xy_half_width_m":0.5,"spawn_stage_index":0,"spawn_num_stages":4,"stage_success_count":0,"stage_termination_count":128,"stage_success_fraction":0.0039,"stage_steps_in_stage":278528,"stage_advanced_this_update":false}
{"type":"train_update","update":18,"global_step":294912,"wall_s":413.08,"sps":713.9,"loss":2027.264149,"loss_ema":1826.32912,"loss_plateau_delta":50.233757,"loss_plateau_count":0,"pg_loss":-0.000866,"v_loss":4054.51223,"entropy":-1.77757,"approx_kl":0.004604,"clipfrac":0.0578,"reward_mean":-6.1354,"reward_std":23.6998,"reward_min":-207.2738,"reward_max":423.5571,"reward_scale":1.0,"throttle_mean":0.7701,"throttle_min":0.167,"throttle_max":0.9915,"spawn_curriculum_enabled":true,"spawn_curriculum_mode":"staged","spawn_curriculum_progress":0.0,"spawn_xy_half_width_m":0.5,"spawn_stage_index":0,"spawn_num_stages":4,"stage_success_count":1,"stage_termination_count":255,"stage_success_fraction":0.002,"stage_steps_in_stage":294912,"stage_advanced_this_update":false}
{"type":"train_update","update":19,"global_step":311296,"wall_s":421.37,"sps":738.8,"loss":2106.135818,"loss_ema":1882.29046,"loss_plateau_delta":55.96134,"loss_plateau_count":0,"pg_loss":-0.00211,"v_loss":4212.258087,"entropy":-1.776446,"approx_kl":0.005448,"clipfrac":0.0293,"reward_mean":-6.1209,"reward_std":23.4066,"reward_min":-207.1774,"reward_max":418.5648,"reward_scale":1.0,"throttle_mean":0.7665,"throttle_min":0.1809,"throttle_max":0.9872,"spawn_curriculum_enabled":true,"spawn_curriculum_mode":"staged","spawn_curriculum_progress":0.0,"spawn_xy_half_width_m":0.5,"spawn_stage_index":0,"spawn_num_stages":4,"stage_success_count":1,"stage_termination_count":250,"stage_success_fraction":0.002,"stage_steps_in_stage":311296,"stage_advanced_this_update":false}
step=311,296 reward_mean=-6.121 kl=0.00545 clipfrac=0.029 eval={'landed_fraction': 1.0, 'crashed_fraction': 1.0, 'mean_touchdown_speed': 0.03440462797880173, 'max_touchdown_speed': 0.55418860912323, 'mean_pad_distance': 2.9975807666778564, 'max_pad_distance': 6.014068126678467, 'mean_delta_v_proxy': 16.60822296142578, 'mean_eval_throttle': 0.7830052371819815, 'max_eval_throttle': 0.858112633228302, 'max_upward_speed': 1.8522197008132935, 'max_downward_speed': 11.562541007995605, 'passed': False}
{"type":"train_update","update":20,"global_step":327680,"wall_s":475.11,"sps":689.7,"loss":1351.682617,"loss_ema":1776.168891,"loss_plateau_delta":106.121568,"loss_plateau_count":0,"pg_loss":2.9e-05,"v_loss":2703.347527,"entropy":-1.768706,"approx_kl":0.004714,"clipfrac":0.061,"reward_mean":-4.5586,"reward_std":16.2961,"reward_min":-207.1964,"reward_max":0.3352,"reward_scale":1.0,"throttle_mean":0.7653,"throttle_min":0.1286,"throttle_max":0.9808,"spawn_curriculum_enabled":true,"spawn_curriculum_mode":"staged","spawn_curriculum_progress":0.0,"spawn_xy_half_width_m":0.5,"spawn_stage_index":0,"spawn_num_stages":4,"stage_success_count":0,"stage_termination_count":128,"stage_success_fraction":0.002,"stage_steps_in_stage":327680,"stage_advanced_this_update":false}
{"type":"train_update","update":21,"global_step":344064,"wall_s":481.46,"sps":714.6,"loss":1931.810104,"loss_ema":1807.297134,"loss_plateau_delta":31.128243,"loss_plateau_count":0,"pg_loss":0.011678,"v_loss":3863.579132,"entropy":-1.77047,"approx_kl":0.031415,"clipfrac":0.2278,"reward_mean":-6.0746,"reward_std":23.4479,"reward_min":-207.3386,"reward_max":406.7896,"reward_scale":1.0,"throttle_mean":0.7677,"throttle_min":0.166,"throttle_max":0.9854,"spawn_curriculum_enabled":true,"spawn_curriculum_mode":"staged","spawn_curriculum_progress":0.0,"spawn_xy_half_width_m":0.5,"spawn_stage_index":0,"spawn_num_stages":4,"stage_success_count":1,"stage_termination_count":254,"stage_success_fraction":0.0029,"stage_steps_in_stage":344064,"stage_advanced_this_update":false}
{"type":"train_update","update":22,"global_step":360448,"wall_s":489.23,"sps":736.8,"loss":1937.644432,"loss_ema":1833.366593,"loss_plateau_delta":26.06946,"loss_plateau_count":0,"pg_loss":0.00073,"v_loss":3875.269669,"entropy":-1.772079,"approx_kl":0.007878,"clipfrac":0.0995,"reward_mean":-6.0833,"reward_std":22.8641,"reward_min":-207.0385,"reward_max":0.113,"reward_scale":1.0,"throttle_mean":0.7643,"throttle_min":0.1844,"throttle_max":0.9854,"spawn_curriculum_enabled":true,"spawn_curriculum_mode":"staged","spawn_curriculum_progress":0.0,"spawn_xy_half_width_m":0.5,"spawn_stage_index":0,"spawn_num_stages":4,"stage_success_count":0,"stage_termination_count":252,"stage_success_fraction":0.002,"stage_steps_in_stage":360448,"stage_advanced_this_update":false}
step=360,448 reward_mean=-6.083 kl=0.00788 clipfrac=0.099 eval={'landed_fraction': 1.0, 'crashed_fraction': 1.0, 'mean_touchdown_speed': 0.050361040979623795, 'max_touchdown_speed': 0.5236927270889282, 'mean_pad_distance': 2.8317344188690186, 'max_pad_distance': 6.762166500091553, 'mean_delta_v_proxy': 16.573284149169922, 'mean_eval_throttle': 0.7821407924758064, 'max_eval_throttle': 0.8501836061477661, 'max_upward_speed': 1.9216651916503906, 'max_downward_speed': 11.773225784301758, 'passed': False}
{"type":"train_update","update":23,"global_step":376832,"wall_s":543.19,"sps":693.7,"loss":1352.370277,"loss_ema":1737.16733,"loss_plateau_delta":96.199263,"loss_plateau_count":0,"pg_loss":0.000724,"v_loss":2704.721397,"entropy":-1.771913,"approx_kl":0.007514,"clipfrac":0.0854,"reward_mean":-4.4819,"reward_std":17.1856,"reward_min":-206.8072,"reward_max":422.6446,"reward_scale":1.0,"throttle_mean":0.7626,"throttle_min":0.1623,"throttle_max":0.9843,"spawn_curriculum_enabled":true,"spawn_curriculum_mode":"staged","spawn_curriculum_progress":0.0,"spawn_xy_half_width_m":0.5,"spawn_stage_index":0,"spawn_num_stages":4,"stage_success_count":2,"stage_termination_count":129,"stage_success_fraction":0.0039,"stage_steps_in_stage":376832,"stage_advanced_this_update":false}
{"type":"train_update","update":24,"global_step":393216,"wall_s":549.77,"sps":715.2,"loss":1889.025635,"loss_ema":1767.538991,"loss_plateau_delta":30.371661,"loss_plateau_count":0,"pg_loss":-0.000471,"v_loss":3778.034508,"entropy":-1.769634,"approx_kl":0.003354,"clipfrac":0.0609,"reward_mean":-5.9589,"reward_std":23.2147,"reward_min":-206.9561,"reward_max":463.7438,"reward_scale":1.0,"throttle_mean":0.7641,"throttle_min":0.1552,"throttle_max":0.9852,"spawn_curriculum_enabled":true,"spawn_curriculum_mode":"staged","spawn_curriculum_progress":0.0,"spawn_xy_half_width_m":0.5,"spawn_stage_index":0,"spawn_num_stages":4,"stage_success_count":2,"stage_termination_count":255,"stage_success_fraction":0.0049,"stage_steps_in_stage":393216,"stage_advanced_this_update":false}
{"type":"train_update","update":25,"global_step":409600,"wall_s":556.32,"sps":736.3,"loss":1876.77776,"loss_ema":1789.386745,"loss_plateau_delta":21.847754,"loss_plateau_count":0,"pg_loss":-0.002254,"v_loss":3753.542313,"entropy":-1.770375,"approx_kl":0.00467,"clipfrac":0.0277,"reward_mean":-5.8738,"reward_std":22.7065,"reward_min":-207.2207,"reward_max":449.7551,"reward_scale":1.0,"throttle_mean":0.7651,"throttle_min":0.2254,"throttle_max":0.9902,"spawn_curriculum_enabled":true,"spawn_curriculum_mode":"staged","spawn_curriculum_progress":0.0,"spawn_xy_half_width_m":0.5,"spawn_stage_index":0,"spawn_num_stages":4,"stage_success_count":1,"stage_termination_count":247,"stage_success_fraction":0.0049,"stage_steps_in_stage":409600,"stage_advanced_this_update":false}
step=409,600 reward_mean=-5.874 kl=0.00467 clipfrac=0.028 eval={'landed_fraction': 1.0, 'crashed_fraction': 1.0, 'mean_touchdown_speed': 0.04800450801849365, 'max_touchdown_speed': 0.4840112328529358, 'mean_pad_distance': 2.8355462551116943, 'max_pad_distance': 6.694908618927002, 'mean_delta_v_proxy': 16.688278198242188, 'mean_eval_throttle': 0.7851918608612485, 'max_eval_throttle': 0.8697101473808289, 'max_upward_speed': 2.246325731277466, 'max_downward_speed': 11.58463191986084, 'passed': False}
{"type":"train_update","update":26,"global_step":425984,"wall_s":610.94,"sps":697.3,"loss":1197.872623,"loss_ema":1671.083921,"loss_plateau_delta":118.302824,"loss_plateau_count":0,"pg_loss":-0.001106,"v_loss":2395.729813,"entropy":-1.767635,"approx_kl":0.003007,"clipfrac":0.0564,"reward_mean":-4.4033,"reward_std":15.6541,"reward_min":-206.953,"reward_max":0.4034,"reward_scale":1.0,"throttle_mean":0.7645,"throttle_min":0.1445,"throttle_max":0.9861,"spawn_curriculum_enabled":true,"spawn_curriculum_mode":"staged","spawn_curriculum_progress":0.0,"spawn_xy_half_width_m":0.5,"spawn_stage_index":0,"spawn_num_stages":4,"stage_success_count":0,"stage_termination_count":128,"stage_success_fraction":0.0049,"stage_steps_in_stage":425984,"stage_advanced_this_update":false}
{"type":"train_update","update":27,"global_step":442368,"wall_s":617.33,"sps":716.6,"loss":1775.531555,"loss_ema":1691.973447,"loss_plateau_delta":20.889527,"loss_plateau_count":0,"pg_loss":0.012677,"v_loss":3551.020111,"entropy":-1.764907,"approx_kl":0.038482,"clipfrac":0.2386,"reward_mean":-5.8322,"reward_std":22.5659,"reward_min":-207.1416,"reward_max":398.5965,"reward_scale":1.0,"throttle_mean":0.7678,"throttle_min":0.1516,"throttle_max":0.9847,"spawn_curriculum_enabled":true,"spawn_curriculum_mode":"staged","spawn_curriculum_progress":0.0,"spawn_xy_half_width_m":0.5,"spawn_stage_index":0,"spawn_num_stages":4,"stage_success_count":2,"stage_termination_count":253,"stage_success_fraction":0.0068,"stage_steps_in_stage":442368,"stage_advanced_this_update":false}
{"type":"train_update","update":28,"global_step":458752,"wall_s":623.47,"sps":735.8,"loss":1953.050644,"loss_ema":1744.188887,"loss_plateau_delta":52.215439,"loss_plateau_count":0,"pg_loss":-0.001012,"v_loss":3906.085648,"entropy":-1.765,"approx_kl":0.005606,"clipfrac":0.043,"reward_mean":-6.0098,"reward_std":23.1855,"reward_min":-208.1378,"reward_max":417.216,"reward_scale":1.0,"throttle_mean":0.7734,"throttle_min":0.1757,"throttle_max":0.9896,"spawn_curriculum_enabled":true,"spawn_curriculum_mode":"staged","spawn_curriculum_progress":0.0,"spawn_xy_half_width_m":0.5,"spawn_stage_index":0,"spawn_num_stages":4,"stage_success_count":1,"stage_termination_count":249,"stage_success_fraction":0.0039,"stage_steps_in_stage":458752,"stage_advanced_this_update":false}
step=458,752 reward_mean=-6.010 kl=0.00561 clipfrac=0.043 eval={'landed_fraction': 1.0, 'crashed_fraction': 1.0, 'mean_touchdown_speed': 0.057441044598817825, 'max_touchdown_speed': 0.43514305353164673, 'mean_pad_distance': 2.953594207763672, 'max_pad_distance': 7.090863227844238, 'mean_delta_v_proxy': 17.76120948791504, 'mean_eval_throttle': 0.8080192493730122, 'max_eval_throttle': 0.8743402361869812, 'max_upward_speed': 2.024339199066162, 'max_downward_speed': 10.86295223236084, 'passed': False}
{"type":"train_update","update":29,"global_step":475136,"wall_s":677.98,"sps":700.8,"loss":1367.279514,"loss_ema":1668.807012,"loss_plateau_delta":75.381874,"loss_plateau_count":0,"pg_loss":-0.001625,"v_loss":2734.544632,"entropy":-1.765066,"approx_kl":0.006131,"clipfrac":0.0567,"reward_mean":-4.6364,"reward_std":17.2224,"reward_min":-207.4191,"reward_max":-0.3481,"reward_scale":1.0,"throttle_mean":0.7761,"throttle_min":0.1294,"throttle_max":0.9919,"spawn_curriculum_enabled":true,"spawn_curriculum_mode":"staged","spawn_curriculum_progress":0.0,"spawn_xy_half_width_m":0.5,"spawn_stage_index":0,"spawn_num_stages":4,"stage_success_count":0,"stage_termination_count":128,"stage_success_fraction":0.0039,"stage_steps_in_stage":475136,"stage_advanced_this_update":false}
{"type":"train_update","update":30,"global_step":491520,"wall_s":684.41,"sps":718.2,"loss":1985.677673,"loss_ema":1732.181144,"loss_plateau_delta":63.374132,"loss_plateau_count":0,"pg_loss":-0.000515,"v_loss":3971.338783,"entropy":-1.759307,"approx_kl":0.004346,"clipfrac":0.0657,"reward_mean":-6.3133,"reward_std":23.9093,"reward_min":-207.4928,"reward_max":0.6341,"reward_scale":1.0,"throttle_mean":0.7696,"throttle_min":0.1651,"throttle_max":0.9911,"spawn_curriculum_enabled":true,"spawn_curriculum_mode":"staged","spawn_curriculum_progress":0.0,"spawn_xy_half_width_m":0.5,"spawn_stage_index":0,"spawn_num_stages":4,"stage_success_count":0,"stage_termination_count":255,"stage_success_fraction":0.0029,"stage_steps_in_stage":491520,"stage_advanced_this_update":false}
{"type":"train_update","update":31,"global_step":507904,"wall_s":690.94,"sps":735.1,"loss":1982.706593,"loss_ema":1782.286234,"loss_plateau_delta":50.10509,"loss_plateau_count":0,"pg_loss":0.002629,"v_loss":3965.39035,"entropy":-1.75696,"approx_kl":0.00405,"clipfrac":0.1175,"reward_mean":-6.0288,"reward_std":23.474,"reward_min":-208.2601,"reward_max":471.026,"reward_scale":1.0,"throttle_mean":0.7682,"throttle_min":0.1373,"throttle_max":0.9858,"spawn_curriculum_enabled":true,"spawn_curriculum_mode":"staged","spawn_curriculum_progress":0.0,"spawn_xy_half_width_m":0.5,"spawn_stage_index":0,"spawn_num_stages":4,"stage_success_count":2,"stage_termination_count":246,"stage_success_fraction":0.0029,"stage_steps_in_stage":507904,"stage_advanced_this_update":false}
step=507,904 reward_mean=-6.029 kl=0.00405 clipfrac=0.117 eval={'landed_fraction': 1.0, 'crashed_fraction': 1.0, 'mean_touchdown_speed': 0.07435029000043869, 'max_touchdown_speed': 0.46616750955581665, 'mean_pad_distance': 3.1435582637786865, 'max_pad_distance': 8.1826753616333, 'mean_delta_v_proxy': 17.405715942382812, 'mean_eval_throttle': 0.800809789829784, 'max_eval_throttle': 0.8799827694892883, 'max_upward_speed': 2.2353355884552, 'max_downward_speed': 11.167213439941406, 'passed': False}
{"type":"train_update","update":32,"global_step":524288,"wall_s":745.46,"sps":703.3,"loss":1260.283543,"loss_ema":1677.885696,"loss_plateau_delta":104.400538,"loss_plateau_count":0,"pg_loss":2.6e-05,"v_loss":2520.549446,"entropy":-1.759266,"approx_kl":0.01477,"clipfrac":0.1006,"reward_mean":-4.5477,"reward_std":16.1995,"reward_min":-207.2621,"reward_max":-0.1271,"reward_scale":1.0,"throttle_mean":0.7696,"throttle_min":0.1726,"throttle_max":0.9898,"spawn_curriculum_enabled":true,"spawn_curriculum_mode":"staged","spawn_curriculum_progress":0.0,"spawn_xy_half_width_m":0.5,"spawn_stage_index":0,"spawn_num_stages":4,"stage_success_count":0,"stage_termination_count":128,"stage_success_fraction":0.0029,"stage_steps_in_stage":524288,"stage_advanced_this_update":false}
{"type":"train_update","update":33,"global_step":540672,"wall_s":752.43,"sps":718.6,"loss":1881.310749,"loss_ema":1718.570706,"loss_plateau_delta":40.685011,"loss_plateau_count":0,"pg_loss":0.001592,"v_loss":3762.600708,"entropy":-1.762021,"approx_kl":0.005674,"clipfrac":0.1156,"reward_mean":-6.211,"reward_std":23.4181,"reward_min":-207.0256,"reward_max":-0.0899,"reward_scale":1.0,"throttle_mean":0.7753,"throttle_min":0.1662,"throttle_max":0.9887,"spawn_curriculum_enabled":true,"spawn_curriculum_mode":"staged","spawn_curriculum_progress":0.0,"spawn_xy_half_width_m":0.5,"spawn_stage_index":0,"spawn_num_stages":4,"stage_success_count":0,"stage_termination_count":253,"stage_success_fraction":0.002,"stage_steps_in_stage":540672,"stage_advanced_this_update":false}
{"type":"train_update","update":34,"global_step":557056,"wall_s":759.12,"sps":733.8,"loss":1990.601162,"loss_ema":1772.976798,"loss_plateau_delta":54.406091,"loss_plateau_count":0,"pg_loss":0.000174,"v_loss":3981.184341,"entropy":-1.761211,"approx_kl":0.003831,"clipfrac":0.0712,"reward_mean":-6.1946,"reward_std":23.899,"reward_min":-207.4839,"reward_max":428.3133,"reward_scale":1.0,"throttle_mean":0.7774,"throttle_min":0.2213,"throttle_max":0.9863,"spawn_curriculum_enabled":true,"spawn_curriculum_mode":"staged","spawn_curriculum_progress":0.0,"spawn_xy_half_width_m":0.5,"spawn_stage_index":0,"spawn_num_stages":4,"stage_success_count":1,"stage_termination_count":249,"stage_success_fraction":0.0029,"stage_steps_in_stage":557056,"stage_advanced_this_update":false}
step=557,056 reward_mean=-6.195 kl=0.00383 clipfrac=0.071 eval={'landed_fraction': 0.9921875, 'crashed_fraction': 1.0, 'mean_touchdown_speed': 0.0792083591222763, 'max_touchdown_speed': 0.5063737034797668, 'mean_pad_distance': 3.167659282684326, 'max_pad_distance': 6.880577087402344, 'mean_delta_v_proxy': 17.792957305908203, 'mean_eval_throttle': 0.8081226824389564, 'max_eval_throttle': 0.8903952836990356, 'max_upward_speed': 1.9917765855789185, 'max_downward_speed': 10.901946067810059, 'passed': False}
{"type":"train_update","update":35,"global_step":573440,"wall_s":812.8,"sps":705.5,"loss":1313.530468,"loss_ema":1681.087532,"loss_plateau_delta":91.889266,"loss_plateau_count":0,"pg_loss":-0.001362,"v_loss":2627.046127,"entropy":-1.753783,"approx_kl":0.0056,"clipfrac":0.0529,"reward_mean":-4.6224,"reward_std":17.2186,"reward_min":-207.5677,"reward_max":-0.0479,"reward_scale":1.0,"throttle_mean":0.7758,"throttle_min":0.1917,"throttle_max":0.9846,"spawn_curriculum_enabled":true,"spawn_curriculum_mode":"staged","spawn_curriculum_progress":0.0,"spawn_xy_half_width_m":0.5,"spawn_stage_index":0,"spawn_num_stages":4,"stage_success_count":0,"stage_termination_count":128,"stage_success_fraction":0.0029,"stage_steps_in_stage":573440,"stage_advanced_this_update":false}
{"type":"train_update","update":36,"global_step":589824,"wall_s":820.5,"sps":718.9,"loss":1782.884903,"loss_ema":1701.447006,"loss_plateau_delta":20.359474,"loss_plateau_count":0,"pg_loss":0.000371,"v_loss":3565.751701,"entropy":-1.738353,"approx_kl":0.007777,"clipfrac":0.0939,"reward_mean":-6.1145,"reward_std":23.3314,"reward_min":-207.3541,"reward_max":-0.0361,"reward_scale":1.0,"throttle_mean":0.7704,"throttle_min":0.1868,"throttle_max":0.9932,"spawn_curriculum_enabled":true,"spawn_curriculum_mode":"staged","spawn_curriculum_progress":0.0,"spawn_xy_half_width_m":0.5,"spawn_stage_index":0,"spawn_num_stages":4,"stage_success_count":0,"stage_termination_count":255,"stage_success_fraction":0.001,"stage_steps_in_stage":589824,"stage_advanced_this_update":false}
{"type":"train_update","update":37,"global_step":606208,"wall_s":826.83,"sps":733.2,"loss":1821.951523,"loss_ema":1725.547909,"loss_plateau_delta":24.100903,"loss_plateau_count":0,"pg_loss":0.012565,"v_loss":3643.860657,"entropy":-1.730792,"approx_kl":0.034224,"clipfrac":0.2155,"reward_mean":-6.0369,"reward_std":22.6914,"reward_min":-208.1245,"reward_max":0.4495,"reward_scale":1.0,"throttle_mean":0.7695,"throttle_min":0.1739,"throttle_max":0.9894,"spawn_curriculum_enabled":true,"spawn_curriculum_mode":"staged","spawn_curriculum_progress":0.0,"spawn_xy_half_width_m":0.5,"spawn_stage_index":0,"spawn_num_stages":4,"stage_success_count":0,"stage_termination_count":244,"stage_success_fraction":0.001,"stage_steps_in_stage":606208,"stage_advanced_this_update":false}
step=606,208 reward_mean=-6.037 kl=0.03422 clipfrac=0.215 eval={'landed_fraction': 0.9921875, 'crashed_fraction': 1.0, 'mean_touchdown_speed': 0.03922807425260544, 'max_touchdown_speed': 0.42790302634239197, 'mean_pad_distance': 2.9899885654449463, 'max_pad_distance': 7.055751800537109, 'mean_delta_v_proxy': 17.200307846069336, 'mean_eval_throttle': 0.7964698252413008, 'max_eval_throttle': 0.8737130165100098, 'max_upward_speed': 2.7723073959350586, 'max_downward_speed': 11.350611686706543, 'passed': False}
{"type":"train_update","update":38,"global_step":622592,"wall_s":880.81,"sps":706.8,"loss":1301.252533,"loss_ema":1640.688834,"loss_plateau_delta":84.859075,"loss_plateau_count":0,"pg_loss":-0.000152,"v_loss":2602.488106,"entropy":-1.727955,"approx_kl":0.007352,"clipfrac":0.0809,"reward_mean":-4.6415,"reward_std":17.6316,"reward_min":-207.4405,"reward_max":0.5698,"reward_scale":1.0,"throttle_mean":0.7685,"throttle_min":0.1814,"throttle_max":0.9854,"spawn_curriculum_enabled":true,"spawn_curriculum_mode":"staged","spawn_curriculum_progress":0.0,"spawn_xy_half_width_m":0.5,"spawn_stage_index":0,"spawn_num_stages":4,"stage_success_count":0,"stage_termination_count":130,"stage_success_fraction":0.001,"stage_steps_in_stage":622592,"stage_advanced_this_update":false}
{"type":"train_update","update":39,"global_step":638976,"wall_s":889.08,"sps":718.7,"loss":1787.157669,"loss_ema":1669.982601,"loss_plateau_delta":29.293767,"loss_plateau_count":0,"pg_loss":-0.00191,"v_loss":3574.30191,"entropy":-1.725301,"approx_kl":0.00454,"clipfrac":0.0447,"reward_mean":-6.2692,"reward_std":24.2903,"reward_min":-208.7142,"reward_max":0.1495,"reward_scale":1.0,"throttle_mean":0.7625,"throttle_min":0.1837,"throttle_max":0.9893,"spawn_curriculum_enabled":true,"spawn_curriculum_mode":"staged","spawn_curriculum_progress":0.0,"spawn_xy_half_width_m":0.5,"spawn_stage_index":0,"spawn_num_stages":4,"stage_success_count":0,"stage_termination_count":255,"stage_success_fraction":0.0,"stage_steps_in_stage":638976,"stage_advanced_this_update":false}
{"type":"train_update","update":40,"global_step":655360,"wall_s":895.51,"sps":731.8,"loss":1851.947037,"loss_ema":1706.375488,"loss_plateau_delta":36.392887,"loss_plateau_count":0,"pg_loss":-0.001301,"v_loss":3703.879494,"entropy":-1.719072,"approx_kl":0.00664,"clipfrac":0.0522,"reward_mean":-6.3019,"reward_std":24.2847,"reward_min":-208.1036,"reward_max":0.0956,"reward_scale":1.0,"throttle_mean":0.7587,"throttle_min":0.1131,"throttle_max":0.9883,"spawn_curriculum_enabled":true,"spawn_curriculum_mode":"staged","spawn_curriculum_progress":0.0,"spawn_xy_half_width_m":0.5,"spawn_stage_index":0,"spawn_num_stages":4,"stage_success_count":0,"stage_termination_count":255,"stage_success_fraction":0.0,"stage_steps_in_stage":655360,"stage_advanced_this_update":false}
step=655,360 reward_mean=-6.302 kl=0.00664 clipfrac=0.052 eval={'landed_fraction': 1.0, 'crashed_fraction': 1.0, 'mean_touchdown_speed': 0.05394342914223671, 'max_touchdown_speed': 0.46040070056915283, 'mean_pad_distance': 2.961519241333008, 'max_pad_distance': 7.43842887878418, 'mean_delta_v_proxy': 17.51734161376953, 'mean_eval_throttle': 0.8024132829242282, 'max_eval_throttle': 0.8682334423065186, 'max_upward_speed': 2.763683795928955, 'max_downward_speed': 11.0217924118042, 'passed': False}
{"type":"train_update","update":41,"global_step":671744,"wall_s":949.75,"sps":707.3,"loss":1279.550369,"loss_ema":1621.010464,"loss_plateau_delta":85.365024,"loss_plateau_count":0,"pg_loss":-0.001257,"v_loss":2559.08625,"entropy":-1.69994,"approx_kl":0.005454,"clipfrac":0.0642,"reward_mean":-4.648,"reward_std":17.5084,"reward_min":-208.027,"reward_max":-0.3655,"reward_scale":1.0,"throttle_mean":0.7709,"throttle_min":0.1521,"throttle_max":0.9883,"spawn_curriculum_enabled":true,"spawn_curriculum_mode":"staged","spawn_curriculum_progress":0.0,"spawn_xy_half_width_m":0.5,"spawn_stage_index":0,"spawn_num_stages":4,"stage_success_count":0,"stage_termination_count":129,"stage_success_fraction":0.0,"stage_steps_in_stage":671744,"stage_advanced_this_update":false}
{"type":"train_update","update":42,"global_step":688128,"wall_s":957.07,"sps":719.0,"loss":1803.771248,"loss_ema":1657.562621,"loss_plateau_delta":36.552157,"loss_plateau_count":0,"pg_loss":-0.001624,"v_loss":3607.528885,"entropy":-1.68503,"approx_kl":0.005624,"clipfrac":0.0507,"reward_mean":-6.3447,"reward_std":24.8607,"reward_min":-208.7508,"reward_max":-0.103,"reward_scale":1.0,"throttle_mean":0.7676,"throttle_min":0.1148,"throttle_max":0.9897,"spawn_curriculum_enabled":true,"spawn_curriculum_mode":"staged","spawn_curriculum_progress":0.0,"spawn_xy_half_width_m":0.5,"spawn_stage_index":0,"spawn_num_stages":4,"stage_success_count":0,"stage_termination_count":258,"stage_success_fraction":0.0,"stage_steps_in_stage":688128,"stage_advanced_this_update":false}
{"type":"train_update","update":43,"global_step":704512,"wall_s":964.19,"sps":730.7,"loss":1846.78841,"loss_ema":1695.407779,"loss_plateau_delta":37.845158,"loss_plateau_count":0,"pg_loss":-0.002119,"v_loss":3693.564278,"entropy":-1.678886,"approx_kl":0.007014,"clipfrac":0.0612,"reward_mean":-6.3068,"reward_std":24.532,"reward_min":-208.9829,"reward_max":0.1834,"reward_scale":1.0,"throttle_mean":0.7731,"throttle_min":0.1695,"throttle_max":0.9922,"spawn_curriculum_enabled":true,"spawn_curriculum_mode":"staged","spawn_curriculum_progress":0.0,"spawn_xy_half_width_m":0.5,"spawn_stage_index":0,"spawn_num_stages":4,"stage_success_count":0,"stage_termination_count":255,"stage_success_fraction":0.0,"stage_steps_in_stage":704512,"stage_advanced_this_update":false}
step=704,512 reward_mean=-6.307 kl=0.00701 clipfrac=0.061 eval={'landed_fraction': 0.9921875, 'crashed_fraction': 1.0, 'mean_touchdown_speed': 0.04201670363545418, 'max_touchdown_speed': 0.4975605607032776, 'mean_pad_distance': 3.0906736850738525, 'max_pad_distance': 7.084814071655273, 'mean_delta_v_proxy': 18.041044235229492, 'mean_eval_throttle': 0.8132725019587411, 'max_eval_throttle': 0.8730858564376831, 'max_upward_speed': 2.364645004272461, 'max_downward_speed': 10.77798080444336, 'passed': False}
{"type":"train_update","update":44,"global_step":720896,"wall_s":1018.15,"sps":708.0,"loss":1242.568554,"loss_ema":1604.839934,"loss_plateau_delta":90.567845,"loss_plateau_count":0,"pg_loss":-0.000886,"v_loss":2485.122231,"entropy":-1.662359,"approx_kl":0.009249,"clipfrac":0.0723,"reward_mean":-4.6044,"reward_std":17.7461,"reward_min":-208.9037,"reward_max":-0.3759,"reward_scale":1.0,"throttle_mean":0.7794,"throttle_min":0.1663,"throttle_max":0.9887,"spawn_curriculum_enabled":true,"spawn_curriculum_mode":"staged","spawn_curriculum_progress":0.0,"spawn_xy_half_width_m":0.5,"spawn_stage_index":0,"spawn_num_stages":4,"stage_success_count":0,"stage_termination_count":128,"stage_success_fraction":0.0,"stage_steps_in_stage":720896,"stage_advanced_this_update":false}
{"type":"train_update","update":45,"global_step":737280,"wall_s":1024.22,"sps":719.8,"loss":1765.009892,"loss_ema":1636.873925,"loss_plateau_delta":32.033992,"loss_plateau_count":0,"pg_loss":0.000619,"v_loss":3530.001991,"entropy":-1.655928,"approx_kl":0.006636,"clipfrac":0.1093,"reward_mean":-6.3288,"reward_std":24.6927,"reward_min":-208.6602,"reward_max":-0.425,"reward_scale":1.0,"throttle_mean":0.7724,"throttle_min":0.1491,"throttle_max":0.9874,"spawn_curriculum_enabled":true,"spawn_curriculum_mode":"staged","spawn_curriculum_progress":0.0,"spawn_xy_half_width_m":0.5,"spawn_stage_index":0,"spawn_num_stages":4,"stage_success_count":0,"stage_termination_count":256,"stage_success_fraction":0.0,"stage_steps_in_stage":737280,"stage_advanced_this_update":false}
{"type":"train_update","update":46,"global_step":753664,"wall_s":1031.98,"sps":730.3,"loss":1875.023129,"loss_ema":1684.503766,"loss_plateau_delta":47.629841,"loss_plateau_count":0,"pg_loss":0.001754,"v_loss":3750.026222,"entropy":-1.65315,"approx_kl":0.005863,"clipfrac":0.1119,"reward_mean":-6.37,"reward_std":24.7604,"reward_min":-208.0801,"reward_max":-0.2274,"reward_scale":1.0,"throttle_mean":0.7673,"throttle_min":0.1426,"throttle_max":0.9888,"spawn_curriculum_enabled":true,"spawn_curriculum_mode":"staged","spawn_curriculum_progress":0.0,"spawn_xy_half_width_m":0.5,"spawn_stage_index":0,"spawn_num_stages":4,"stage_success_count":0,"stage_termination_count":255,"stage_success_fraction":0.0,"stage_steps_in_stage":753664,"stage_advanced_this_update":false}
step=753,664 reward_mean=-6.370 kl=0.00586 clipfrac=0.112 eval={'landed_fraction': 0.984375, 'crashed_fraction': 1.0, 'mean_touchdown_speed': 0.051678698509931564, 'max_touchdown_speed': 0.4261295199394226, 'mean_pad_distance': 3.1193535327911377, 'max_pad_distance': 9.441641807556152, 'mean_delta_v_proxy': 17.759389877319336, 'mean_eval_throttle': 0.8074872028827668, 'max_eval_throttle': 0.8826068639755249, 'max_upward_speed': 4.020284652709961, 'max_downward_speed': 10.699052810668945, 'passed': False}
{"type":"train_update","update":47,"global_step":770048,"wall_s":1086.3,"sps":708.9,"loss":1228.406334,"loss_ema":1593.28428,"loss_plateau_delta":91.219486,"loss_plateau_count":0,"pg_loss":-0.000475,"v_loss":2456.797081,"entropy":-1.653291,"approx_kl":0.008047,"clipfrac":0.0595,"reward_mean":-4.6209,"reward_std":17.6551,"reward_min":-207.7266,"reward_max":-0.0705,"reward_scale":1.0,"throttle_mean":0.7756,"throttle_min":0.1334,"throttle_max":0.9885,"spawn_curriculum_enabled":true,"spawn_curriculum_mode":"staged","spawn_curriculum_progress":0.0,"spawn_xy_half_width_m":0.5,"spawn_stage_index":0,"spawn_num_stages":4,"stage_success_count":0,"stage_termination_count":128,"stage_success_fraction":0.0,"stage_steps_in_stage":770048,"stage_advanced_this_update":false}
{"type":"train_update","update":48,"global_step":786432,"wall_s":1092.39,"sps":719.9,"loss":1732.931694,"loss_ema":1621.213763,"loss_plateau_delta":27.929483,"loss_plateau_count":0,"pg_loss":-0.000282,"v_loss":3465.847412,"entropy":-1.654942,"approx_kl":0.009449,"clipfrac":0.0888,"reward_mean":-6.2557,"reward_std":24.7951,"reward_min":-207.3526,"reward_max":400.6803,"reward_scale":1.0,"throttle_mean":0.7679,"throttle_min":0.1274,"throttle_max":0.9813,"spawn_curriculum_enabled":true,"spawn_curriculum_mode":"staged","spawn_curriculum_progress":0.0,"spawn_xy_half_width_m":0.5,"spawn_stage_index":0,"spawn_num_stages":4,"stage_success_count":1,"stage_termination_count":256,"stage_success_fraction":0.001,"stage_steps_in_stage":786432,"stage_advanced_this_update":false}
{"type":"train_update","update":49,"global_step":802816,"wall_s":1100.55,"sps":729.5,"loss":1818.307171,"loss_ema":1660.632444,"loss_plateau_delta":39.418682,"loss_plateau_count":0,"pg_loss":-0.001846,"v_loss":3636.601486,"entropy":-1.652966,"approx_kl":0.005508,"clipfrac":0.0467,"reward_mean":-6.3066,"reward_std":25.0316,"reward_min":-207.7599,"reward_max":392.7737,"reward_scale":1.0,"throttle_mean":0.7661,"throttle_min":0.1495,"throttle_max":0.9856,"spawn_curriculum_enabled":true,"spawn_curriculum_mode":"staged","spawn_curriculum_progress":0.0,"spawn_xy_half_width_m":0.5,"spawn_stage_index":0,"spawn_num_stages":4,"stage_success_count":1,"stage_termination_count":258,"stage_success_fraction":0.002,"stage_steps_in_stage":802816,"stage_advanced_this_update":false}
step=802,816 reward_mean=-6.307 kl=0.00551 clipfrac=0.047 eval={'landed_fraction': 0.9375, 'crashed_fraction': 1.0, 'mean_touchdown_speed': 0.022380102425813675, 'max_touchdown_speed': 0.44611603021621704, 'mean_pad_distance': 3.2116434574127197, 'max_pad_distance': 11.234968185424805, 'mean_delta_v_proxy': 17.592483520507812, 'mean_eval_throttle': 0.8040879922442966, 'max_eval_throttle': 0.8807381391525269, 'max_upward_speed': 5.606832027435303, 'max_downward_speed': 10.951741218566895, 'passed': False}
{"type":"train_update","update":50,"global_step":819200,"wall_s":1154.54,"sps":709.5,"loss":1213.225941,"loss_ema":1571.151143,"loss_plateau_delta":89.481301,"loss_plateau_count":0,"pg_loss":-0.001058,"v_loss":2426.437492,"entropy":-1.652711,"approx_kl":0.003596,"clipfrac":0.0673,"reward_mean":-4.6242,"reward_std":17.8137,"reward_min":-208.2342,"reward_max":-0.4335,"reward_scale":1.0,"throttle_mean":0.7689,"throttle_min":0.1042,"throttle_max":0.9878,"spawn_curriculum_enabled":true,"spawn_curriculum_mode":"staged","spawn_curriculum_progress":0.0,"spawn_xy_half_width_m":0.5,"spawn_stage_index":0,"spawn_num_stages":4,"stage_success_count":0,"stage_termination_count":129,"stage_success_fraction":0.002,"stage_steps_in_stage":819200,"stage_advanced_this_update":false}
{"type":"train_update","update":51,"global_step":835584,"wall_s":1161.05,"sps":719.7,"loss":1638.913521,"loss_ema":1584.703619,"loss_plateau_delta":13.552475,"loss_plateau_count":0,"pg_loss":0.003858,"v_loss":3277.802841,"entropy":-1.647968,"approx_kl":0.005492,"clipfrac":0.124,"reward_mean":-6.2612,"reward_std":24.4393,"reward_min":-207.7959,"reward_max":0.164,"reward_scale":1.0,"throttle_mean":0.7699,"throttle_min":0.168,"throttle_max":0.987,"spawn_curriculum_enabled":true,"spawn_curriculum_mode":"staged","spawn_curriculum_progress":0.0,"spawn_xy_half_width_m":0.5,"spawn_stage_index":0,"spawn_num_stages":4,"stage_success_count":0,"stage_termination_count":256,"stage_success_fraction":0.002,"stage_steps_in_stage":835584,"stage_advanced_this_update":false}
{"type":"train_update","update":52,"global_step":851968,"wall_s":1168.06,"sps":729.4,"loss":1703.036449,"loss_ema":1608.370185,"loss_plateau_delta":23.666566,"loss_plateau_count":0,"pg_loss":-0.000543,"v_loss":3406.05751,"entropy":-1.644858,"approx_kl":0.005065,"clipfrac":0.082,"reward_mean":-6.2446,"reward_std":24.5297,"reward_min":-209.3949,"reward_max":0.3362,"reward_scale":1.0,"throttle_mean":0.7659,"throttle_min":0.131,"throttle_max":0.9849,"spawn_curriculum_enabled":true,"spawn_curriculum_mode":"staged","spawn_curriculum_progress":0.0,"spawn_xy_half_width_m":0.5,"spawn_stage_index":0,"spawn_num_stages":4,"stage_success_count":0,"stage_termination_count":256,"stage_success_fraction":0.001,"stage_steps_in_stage":851968,"stage_advanced_this_update":false}
step=851,968 reward_mean=-6.245 kl=0.00507 clipfrac=0.082 eval={'landed_fraction': 0.90625, 'crashed_fraction': 1.0, 'mean_touchdown_speed': 0.05023173242807388, 'max_touchdown_speed': 0.4878305494785309, 'mean_pad_distance': 3.0633676052093506, 'max_pad_distance': 8.104491233825684, 'mean_delta_v_proxy': 17.770679473876953, 'mean_eval_throttle': 0.8078282652960883, 'max_eval_throttle': 0.8854457139968872, 'max_upward_speed': 4.813785552978516, 'max_downward_speed': 10.757179260253906, 'passed': False}
{"type":"train_update","update":53,"global_step":868352,"wall_s":1222.25,"sps":710.5,"loss":1129.152493,"loss_ema":1512.526647,"loss_plateau_delta":95.843539,"loss_plateau_count":0,"pg_loss":-0.002317,"v_loss":2258.293312,"entropy":-1.630586,"approx_kl":0.005018,"clipfrac":0.0678,"reward_mean":-4.5186,"reward_std":17.594,"reward_min":-208.3831,"reward_max":-0.2357,"reward_scale":1.0,"throttle_mean":0.7646,"throttle_min":0.1053,"throttle_max":0.991,"spawn_curriculum_enabled":true,"spawn_curriculum_mode":"staged","spawn_curriculum_progress":0.0,"spawn_xy_half_width_m":0.5,"spawn_stage_index":0,"spawn_num_stages":4,"stage_success_count":0,"stage_termination_count":128,"stage_success_fraction":0.0,"stage_steps_in_stage":868352,"stage_advanced_this_update":false}
{"type":"train_update","update":54,"global_step":884736,"wall_s":1228.89,"sps":719.9,"loss":1558.124718,"loss_ema":1521.646261,"loss_plateau_delta":9.119614,"loss_plateau_count":0,"pg_loss":0.001433,"v_loss":3116.23037,"entropy":-1.618763,"approx_kl":0.007211,"clipfrac":0.0966,"reward_mean":-6.2439,"reward_std":24.9693,"reward_min":-209.7887,"reward_max":-0.116,"reward_scale":1.0,"throttle_mean":0.7591,"throttle_min":0.1752,"throttle_max":0.9842,"spawn_curriculum_enabled":true,"spawn_curriculum_mode":"staged","spawn_curriculum_progress":0.0,"spawn_xy_half_width_m":0.5,"spawn_stage_index":0,"spawn_num_stages":4,"stage_success_count":0,"stage_termination_count":258,"stage_success_fraction":0.0,"stage_steps_in_stage":884736,"stage_advanced_this_update":false}
{"type":"train_update","update":55,"global_step":901120,"wall_s":1234.91,"sps":729.7,"loss":1582.583633,"loss_ema":1533.833735,"loss_plateau_delta":12.187475,"loss_plateau_count":0,"pg_loss":0.017571,"v_loss":3165.115906,"entropy":-1.62181,"approx_kl":0.04432,"clipfrac":0.2692,"reward_mean":-6.2189,"reward_std":24.973,"reward_min":-208.2093,"reward_max":0.509,"reward_scale":1.0,"throttle_mean":0.7618,"throttle_min":0.1269,"throttle_max":0.9869,"spawn_curriculum_enabled":true,"spawn_curriculum_mode":"staged","spawn_curriculum_progress":0.0,"spawn_xy_half_width_m":0.5,"spawn_stage_index":0,"spawn_num_stages":4,"stage_success_count":0,"stage_termination_count":263,"stage_success_fraction":0.0,"stage_steps_in_stage":901120,"stage_advanced_this_update":false}
step=901,120 reward_mean=-6.219 kl=0.04432 clipfrac=0.269 eval={'landed_fraction': 0.84375, 'crashed_fraction': 1.0, 'mean_touchdown_speed': 0.041076015681028366, 'max_touchdown_speed': 0.5298418402671814, 'mean_pad_distance': 2.9133617877960205, 'max_pad_distance': 8.25321102142334, 'mean_delta_v_proxy': 16.853328704833984, 'mean_eval_throttle': 0.789001058737437, 'max_eval_throttle': 0.8854460120201111, 'max_upward_speed': 8.12312126159668, 'max_downward_speed': 10.985618591308594, 'passed': False}
{"type":"train_update","update":56,"global_step":917504,"wall_s":1290.21,"sps":711.1,"loss":1192.241261,"loss_ema":1465.51524,"loss_plateau_delta":68.318495,"loss_plateau_count":0,"pg_loss":-0.000281,"v_loss":2384.46685,"entropy":-1.622522,"approx_kl":0.005314,"clipfrac":0.0752,"reward_mean":-4.7331,"reward_std":19.0906,"reward_min":-207.7288,"reward_max":0.5284,"reward_scale":1.0,"throttle_mean":0.7407,"throttle_min":0.1306,"throttle_max":0.9834,"spawn_curriculum_enabled":true,"spawn_curriculum_mode":"staged","spawn_curriculum_progress":0.0,"spawn_xy_half_width_m":0.5,"spawn_stage_index":0,"spawn_num_stages":4,"stage_success_count":0,"stage_termination_count":148,"stage_success_fraction":0.0,"stage_steps_in_stage":917504,"stage_advanced_this_update":false}
{"type":"train_update","update":57,"global_step":933888,"wall_s":1296.46,"sps":720.3,"loss":1504.753475,"loss_ema":1473.362887,"loss_plateau_delta":7.847647,"loss_plateau_count":0,"pg_loss":-7.8e-05,"v_loss":3009.490929,"entropy":-1.61823,"approx_kl":0.006405,"clipfrac":0.0699,"reward_mean":-6.3448,"reward_std":25.5437,"reward_min":-208.4324,"reward_max":0.0166,"reward_scale":1.0,"throttle_mean":0.7412,"throttle_min":0.1585,"throttle_max":0.9875,"spawn_curriculum_enabled":true,"spawn_curriculum_mode":"staged","spawn_curriculum_progress":0.0,"spawn_xy_half_width_m":0.5,"spawn_stage_index":0,"spawn_num_stages":4,"stage_success_count":0,"stage_termination_count":269,"stage_success_fraction":0.0,"stage_steps_in_stage":933888,"stage_advanced_this_update":false}
{"type":"train_update","update":58,"global_step":950272,"wall_s":1302.86,"sps":729.4,"loss":1705.937672,"loss_ema":1519.877844,"loss_plateau_delta":46.514957,"loss_plateau_count":0,"pg_loss":-0.000336,"v_loss":3411.859955,"entropy":-1.607181,"approx_kl":0.008029,"clipfrac":0.0912,"reward_mean":-6.6806,"reward_std":27.0046,"reward_min":-209.2332,"reward_max":0.4217,"reward_scale":1.0,"throttle_mean":0.7367,"throttle_min":0.1104,"throttle_max":0.9879,"spawn_curriculum_enabled":true,"spawn_curriculum_mode":"staged","spawn_curriculum_progress":0.0,"spawn_xy_half_width_m":0.5,"spawn_stage_index":0,"spawn_num_stages":4,"stage_success_count":0,"stage_termination_count":303,"stage_success_fraction":0.0,"stage_steps_in_stage":950272,"stage_advanced_this_update":false}
step=950,272 reward_mean=-6.681 kl=0.00803 clipfrac=0.091 eval={'landed_fraction': 0.8515625, 'crashed_fraction': 1.0, 'mean_touchdown_speed': 0.05783822759985924, 'max_touchdown_speed': 0.5479762554168701, 'mean_pad_distance': 2.8778398036956787, 'max_pad_distance': 6.356898307800293, 'mean_delta_v_proxy': 17.070571899414062, 'mean_eval_throttle': 0.7940170634455151, 'max_eval_throttle': 0.8641428351402283, 'max_upward_speed': 7.199649333953857, 'max_downward_speed': 10.792292594909668, 'passed': False}
{"type":"train_update","update":59,"global_step":966656,"wall_s":1357.35,"sps":712.2,"loss":1071.04163,"loss_ema":1430.110601,"loss_plateau_delta":89.767243,"loss_plateau_count":0,"pg_loss":-0.000844,"v_loss":2142.068916,"entropy":-1.600696,"approx_kl":0.004223,"clipfrac":0.0488,"reward_mean":-4.5229,"reward_std":18.2168,"reward_min":-208.5018,"reward_max":0.4237,"reward_scale":1.0,"throttle_mean":0.739,"throttle_min":0.1355,"throttle_max":0.9803,"spawn_curriculum_enabled":true,"spawn_curriculum_mode":"staged","spawn_curriculum_progress":0.0,"spawn_xy_half_width_m":0.5,"spawn_stage_index":0,"spawn_num_stages":4,"stage_success_count":0,"stage_termination_count":134,"stage_success_fraction":0.0,"stage_steps_in_stage":966656,"stage_advanced_this_update":false}
{"type":"train_update","update":60,"global_step":983040,"wall_s":1363.99,"sps":720.7,"loss":1362.28936,"loss_ema":1416.546353,"loss_plateau_delta":13.564248,"loss_plateau_count":0,"pg_loss":0.000812,"v_loss":2724.561157,"entropy":-1.59588,"approx_kl":0.006144,"clipfrac":0.0945,"reward_mean":-6.1657,"reward_std":25.2225,"reward_min":-208.2508,"reward_max":-0.0604,"reward_scale":1.0,"throttle_mean":0.7417,"throttle_min":0.1209,"throttle_max":0.9841,"spawn_curriculum_enabled":true,"spawn_curriculum_mode":"staged","spawn_curriculum_progress":0.0,"spawn_xy_half_width_m":0.5,"spawn_stage_index":0,"spawn_num_stages":4,"stage_success_count":0,"stage_termination_count":261,"stage_success_fraction":0.0,"stage_steps_in_stage":983040,"stage_advanced_this_update":false}
{"type":"train_update","update":61,"global_step":999424,"wall_s":1370.56,"sps":729.2,"loss":1497.573814,"loss_ema":1432.751845,"loss_plateau_delta":16.205492,"loss_plateau_count":0,"pg_loss":0.001775,"v_loss":2995.128189,"entropy":-1.590074,"approx_kl":0.007528,"clipfrac":0.1118,"reward_mean":-6.3698,"reward_std":25.7929,"reward_min":-208.0609,"reward_max":0.4107,"reward_scale":1.0,"throttle_mean":0.7412,"throttle_min":0.174,"throttle_max":0.9887,"spawn_curriculum_enabled":true,"spawn_curriculum_mode":"staged","spawn_curriculum_progress":0.0,"spawn_xy_half_width_m":0.5,"spawn_stage_index":0,"spawn_num_stages":4,"stage_success_count":0,"stage_termination_count":274,"stage_success_fraction":0.0,"stage_steps_in_stage":999424,"stage_advanced_this_update":false}
{"type":"train_update","update":62,"global_step":1015808,"wall_s":1377.07,"sps":737.7,"loss":1609.548161,"loss_ema":1468.111108,"loss_plateau_delta":35.359263,"loss_plateau_count":0,"pg_loss":-0.002113,"v_loss":3219.084709,"entropy":-1.584876,"approx_kl":0.005908,"clipfrac":0.0486,"reward_mean":-6.5328,"reward_std":26.2817,"reward_min":-208.2586,"reward_max":0.134,"reward_scale":1.0,"throttle_mean":0.7441,"throttle_min":0.1545,"throttle_max":0.9871,"spawn_curriculum_enabled":true,"spawn_curriculum_mode":"staged","spawn_curriculum_progress":0.0,"spawn_xy_half_width_m":0.5,"spawn_stage_index":0,"spawn_num_stages":4,"stage_success_count":0,"stage_termination_count":284,"stage_success_fraction":0.0,"stage_steps_in_stage":1015808,"stage_advanced_this_update":false}
step=1,015,808 reward_mean=-6.533 kl=0.00591 clipfrac=0.049 eval={'landed_fraction': 0.6484375, 'crashed_fraction': 1.0, 'mean_touchdown_speed': 0.023953143507242203, 'max_touchdown_speed': 0.4688509702682495, 'mean_pad_distance': 3.3003106117248535, 'max_pad_distance': 8.976441383361816, 'mean_delta_v_proxy': 17.15386390686035, 'mean_eval_throttle': 0.7946535700559616, 'max_eval_throttle': 0.8850456476211548, 'max_upward_speed': 8.724577903747559, 'max_downward_speed': 10.676613807678223, 'passed': False}
{"type":"train_update","update":63,"global_step":1032192,"wall_s":1431.64,"sps":721.0,"loss":1082.712231,"loss_ema":1391.031333,"loss_plateau_delta":77.079776,"loss_plateau_count":0,"pg_loss":0.000776,"v_loss":2165.407158,"entropy":-1.575531,"approx_kl":0.00494,"clipfrac":0.0611,"reward_mean":-4.6089,"reward_std":18.7694,"reward_min":-209.7315,"reward_max":0.4887,"reward_scale":1.0,"throttle_mean":0.7432,"throttle_min":0.1553,"throttle_max":0.9879,"spawn_curriculum_enabled":true,"spawn_curriculum_mode":"staged","spawn_curriculum_progress":0.0,"spawn_xy_half_width_m":0.5,"spawn_stage_index":0,"spawn_num_stages":4,"stage_success_count":0,"stage_termination_count":142,"stage_success_fraction":0.0,"stage_steps_in_stage":1032192,"stage_advanced_this_update":false}
{"type":"train_update","update":64,"global_step":1048576,"wall_s":1437.93,"sps":729.2,"loss":1392.299747,"loss_ema":1391.285016,"loss_plateau_delta":0.253683,"loss_plateau_count":0,"pg_loss":-0.000821,"v_loss":2784.585449,"entropy":-1.569194,"approx_kl":0.005458,"clipfrac":0.068,"reward_mean":-6.2961,"reward_std":25.8782,"reward_min":-208.1547,"reward_max":0.0836,"reward_scale":1.0,"throttle_mean":0.7404,"throttle_min":0.1362,"throttle_max":0.9864,"spawn_curriculum_enabled":true,"spawn_curriculum_mode":"staged","spawn_curriculum_progress":0.0,"spawn_xy_half_width_m":0.5,"spawn_stage_index":0,"spawn_num_stages":4,"stage_success_count":0,"stage_termination_count":274,"stage_success_fraction":0.0,"stage_steps_in_stage":1048576,"stage_advanced_this_update":false}
{"type":"train_update","update":65,"global_step":1064960,"wall_s":1444.06,"sps":737.5,"loss":1537.084599,"loss_ema":1420.444932,"loss_plateau_delta":29.159917,"loss_plateau_count":0,"pg_loss":-2.4e-05,"v_loss":3074.153648,"entropy":-1.560256,"approx_kl":0.005421,"clipfrac":0.0513,"reward_mean":-6.5885,"reward_std":27.1513,"reward_min":-208.9817,"reward_max":0.2407,"reward_scale":1.0,"throttle_mean":0.7434,"throttle_min":0.1399,"throttle_max":0.9867,"spawn_curriculum_enabled":true,"spawn_curriculum_mode":"staged","spawn_curriculum_progress":0.0,"spawn_xy_half_width_m":0.5,"spawn_stage_index":0,"spawn_num_stages":4,"stage_success_count":0,"stage_termination_count":302,"stage_success_fraction":0.0,"stage_steps_in_stage":1064960,"stage_advanced_this_update":false}
step=1,064,960 reward_mean=-6.588 kl=0.00542 clipfrac=0.051 eval={'landed_fraction': 0.2421875, 'crashed_fraction': 1.0, 'mean_touchdown_speed': 0.01762530393898487, 'max_touchdown_speed': 0.4187496304512024, 'mean_pad_distance': 3.0656814575195312, 'max_pad_distance': 7.750105857849121, 'mean_delta_v_proxy': 17.03719139099121, 'mean_eval_throttle': 0.7901386117272907, 'max_eval_throttle': 0.874427080154419, 'max_upward_speed': 12.019203186035156, 'max_downward_speed': 9.982196807861328, 'passed': False}
{"type":"train_update","update":66,"global_step":1081344,"wall_s":1498.26,"sps":721.7,"loss":981.773685,"loss_ema":1332.710683,"loss_plateau_delta":87.734249,"loss_plateau_count":0,"pg_loss":-0.001514,"v_loss":1963.534779,"entropy":-1.561109,"approx_kl":0.004459,"clipfrac":0.0485,"reward_mean":-4.4192,"reward_std":18.2657,"reward_min":-208.1922,"reward_max":0.222,"reward_scale":1.0,"throttle_mean":0.7469,"throttle_min":0.1231,"throttle_max":0.9884,"spawn_curriculum_enabled":true,"spawn_curriculum_mode":"staged","spawn_curriculum_progress":0.0,"spawn_xy_half_width_m":0.5,"spawn_stage_index":0,"spawn_num_stages":4,"stage_success_count":0,"stage_termination_count":134,"stage_success_fraction":0.0,"stage_steps_in_stage":1081344,"stage_advanced_this_update":false}
{"type":"train_update","update":67,"global_step":1097728,"wall_s":1504.36,"sps":729.7,"loss":1385.884098,"loss_ema":1343.345366,"loss_plateau_delta":10.634683,"loss_plateau_count":0,"pg_loss":-0.000683,"v_loss":2771.754021,"entropy":-1.554049,"approx_kl":0.005179,"clipfrac":0.0493,"reward_mean":-6.4444,"reward_std":26.7447,"reward_min":-210.2876,"reward_max":0.5125,"reward_scale":1.0,"throttle_mean":0.7479,"throttle_min":0.1095,"throttle_max":0.9862,"spawn_curriculum_enabled":true,"spawn_curriculum_mode":"staged","spawn_curriculum_progress":0.0,"spawn_xy_half_width_m":0.5,"spawn_stage_index":0,"spawn_num_stages":4,"stage_success_count":0,"stage_termination_count":291,"stage_success_fraction":0.0,"stage_steps_in_stage":1097728,"stage_advanced_this_update":false}
{"type":"train_update","update":68,"global_step":1114112,"wall_s":1510.8,"sps":737.4,"loss":1516.417824,"loss_ema":1377.959858,"loss_plateau_delta":34.614492,"loss_plateau_count":0,"pg_loss":-0.00125,"v_loss":3032.822617,"entropy":-1.554029,"approx_kl":0.007052,"clipfrac":0.0574,"reward_mean":-6.5704,"reward_std":27.3178,"reward_min":-209.3325,"reward_max":0.4102,"reward_scale":1.0,"throttle_mean":0.7512,"throttle_min":0.1279,"throttle_max":0.9866,"spawn_curriculum_enabled":true,"spawn_curriculum_mode":"staged","spawn_curriculum_progress":0.0,"spawn_xy_half_width_m":0.5,"spawn_stage_index":0,"spawn_num_stages":4,"stage_success_count":0,"stage_termination_count":304,"stage_success_fraction":0.0,"stage_steps_in_stage":1114112,"stage_advanced_this_update":false}
step=1,114,112 reward_mean=-6.570 kl=0.00705 clipfrac=0.057 eval={'landed_fraction': 0.0703125, 'crashed_fraction': 1.0, 'mean_touchdown_speed': 0.0020921267569065094, 'max_touchdown_speed': 0.018829140812158585, 'mean_pad_distance': 2.534271717071533, 'max_pad_distance': 3.5741937160491943, 'mean_delta_v_proxy': 17.105682373046875, 'mean_eval_throttle': 0.7918765890598297, 'max_eval_throttle': 0.8860611915588379, 'max_upward_speed': 13.155973434448242, 'max_downward_speed': 9.701437950134277, 'passed': False}
{"type":"train_update","update":69,"global_step":1130496,"wall_s":1565.04,"sps":722.3,"loss":1016.968115,"loss_ema":1305.761509,"loss_plateau_delta":72.198349,"loss_plateau_count":0,"pg_loss":-0.000143,"v_loss":2033.921021,"entropy":-1.548262,"approx_kl":0.006176,"clipfrac":0.0625,"reward_mean":-4.5728,"reward_std":19.3368,"reward_min":-208.7835,"reward_max":0.7917,"reward_scale":1.0,"throttle_mean":0.7518,"throttle_min":0.0884,"throttle_max":0.9873,"spawn_curriculum_enabled":true,"spawn_curriculum_mode":"staged","spawn_curriculum_progress":0.0,"spawn_xy_half_width_m":0.5,"spawn_stage_index":0,"spawn_num_stages":4,"stage_success_count":0,"stage_termination_count":150,"stage_success_fraction":0.0,"stage_steps_in_stage":1130496,"stage_advanced_this_update":false}
{"type":"train_update","update":70,"global_step":1146880,"wall_s":1572.0,"sps":729.6,"loss":1325.572346,"loss_ema":1309.723676,"loss_plateau_delta":3.962167,"loss_plateau_count":0,"pg_loss":-0.000142,"v_loss":2651.129532,"entropy":-1.54268,"approx_kl":0.008126,"clipfrac":0.0634,"reward_mean":-6.2995,"reward_std":26.34,"reward_min":-208.5977,"reward_max":0.3202,"reward_scale":1.0,"throttle_mean":0.7496,"throttle_min":0.0988,"throttle_max":0.9854,"spawn_curriculum_enabled":true,"spawn_curriculum_mode":"staged","spawn_curriculum_progress":0.0,"spawn_xy_half_width_m":0.5,"spawn_stage_index":0,"spawn_num_stages":4,"stage_success_count":0,"stage_termination_count":282,"stage_success_fraction":0.0,"stage_steps_in_stage":1146880,"stage_advanced_this_update":false}
{"type":"train_update","update":71,"global_step":1163264,"wall_s":1578.67,"sps":736.9,"loss":1489.840057,"loss_ema":1345.746953,"loss_plateau_delta":36.023276,"loss_plateau_count":0,"pg_loss":-0.001503,"v_loss":2979.667763,"entropy":-1.536953,"approx_kl":0.004009,"clipfrac":0.0513,"reward_mean":-6.5242,"reward_std":26.9647,"reward_min":-208.9734,"reward_max":0.5984,"reward_scale":1.0,"throttle_mean":0.7442,"throttle_min":0.1263,"throttle_max":0.9864,"spawn_curriculum_enabled":true,"spawn_curriculum_mode":"staged","spawn_curriculum_progress":0.0,"spawn_xy_half_width_m":0.5,"spawn_stage_index":0,"spawn_num_stages":4,"stage_success_count":0,"stage_termination_count":296,"stage_success_fraction":0.0,"stage_steps_in_stage":1163264,"stage_advanced_this_update":false}
step=1,163,264 reward_mean=-6.524 kl=0.00401 clipfrac=0.051 eval={'landed_fraction': 0.265625, 'crashed_fraction': 1.0, 'mean_touchdown_speed': 0.019575297832489014, 'max_touchdown_speed': 0.34405517578125, 'mean_pad_distance': 3.194082498550415, 'max_pad_distance': 5.763521194458008, 'mean_delta_v_proxy': 16.725879669189453, 'mean_eval_throttle': 0.7847016721963882, 'max_eval_throttle': 0.8856160640716553, 'max_upward_speed': 12.497349739074707, 'max_downward_speed': 9.72089672088623, 'passed': False}
{"type":"train_update","update":72,"global_step":1179648,"wall_s":1632.41,"sps":722.6,"loss":1012.771372,"loss_ema":1279.151836,"loss_plateau_delta":66.595116,"loss_plateau_count":0,"pg_loss":-0.000444,"v_loss":2025.528278,"entropy":-1.534747,"approx_kl":0.004994,"clipfrac":0.0519,"reward_mean":-4.6129,"reward_std":19.2515,"reward_min":-208.6018,"reward_max":0.2432,"reward_scale":1.0,"throttle_mean":0.7463,"throttle_min":0.1529,"throttle_max":0.9872,"spawn_curriculum_enabled":true,"spawn_curriculum_mode":"staged","spawn_curriculum_progress":0.0,"spawn_xy_half_width_m":0.5,"spawn_stage_index":0,"spawn_num_stages":4,"stage_success_count":0,"stage_termination_count":149,"stage_success_fraction":0.0,"stage_steps_in_stage":1179648,"stage_advanced_this_update":false}
{"type":"train_update","update":73,"global_step":1196032,"wall_s":1640.0,"sps":729.3,"loss":1265.119598,"loss_ema":1276.345389,"loss_plateau_delta":2.806448,"loss_plateau_count":0,"pg_loss":-0.001283,"v_loss":2530.226433,"entropy":-1.532078,"approx_kl":0.005499,"clipfrac":0.0603,"reward_mean":-6.176,"reward_std":25.9175,"reward_min":-207.9837,"reward_max":0.4971,"reward_scale":1.0,"throttle_mean":0.7444,"throttle_min":0.0641,"throttle_max":0.9899,"spawn_curriculum_enabled":true,"spawn_curriculum_mode":"staged","spawn_curriculum_progress":0.0,"spawn_xy_half_width_m":0.5,"spawn_stage_index":0,"spawn_num_stages":4,"stage_success_count":0,"stage_termination_count":273,"stage_success_fraction":0.0,"stage_steps_in_stage":1196032,"stage_advanced_this_update":false}
{"type":"train_update","update":74,"global_step":1212416,"wall_s":1646.16,"sps":736.5,"loss":1382.44915,"loss_ema":1297.566141,"loss_plateau_delta":21.220752,"loss_plateau_count":0,"pg_loss":-0.00169,"v_loss":2764.886337,"entropy":-1.531255,"approx_kl":0.005534,"clipfrac":0.0593,"reward_mean":-6.3908,"reward_std":26.646,"reward_min":-208.7999,"reward_max":0.7484,"reward_scale":1.0,"throttle_mean":0.746,"throttle_min":0.1559,"throttle_max":0.9883,"spawn_curriculum_enabled":true,"spawn_curriculum_mode":"staged","spawn_curriculum_progress":0.0,"spawn_xy_half_width_m":0.5,"spawn_stage_index":0,"spawn_num_stages":4,"stage_success_count":0,"stage_termination_count":289,"stage_success_fraction":0.0,"stage_steps_in_stage":1212416,"stage_advanced_this_update":false}
step=1,212,416 reward_mean=-6.391 kl=0.00553 clipfrac=0.059 eval={'landed_fraction': 0.15625, 'crashed_fraction': 1.0, 'mean_touchdown_speed': 0.004202009178698063, 'max_touchdown_speed': 0.08404017984867096, 'mean_pad_distance': 3.5091025829315186, 'max_pad_distance': 6.8215861320495605, 'mean_delta_v_proxy': 16.49436378479004, 'mean_eval_throttle': 0.7792642414569855, 'max_eval_throttle': 0.8937209844589233, 'max_upward_speed': 11.46687126159668, 'max_downward_speed': 10.47691535949707, 'passed': False}
{"type":"train_update","update":75,"global_step":1228800,"wall_s":1699.31,"sps":723.1,"loss":978.266638,"loss_ema":1233.70624,"loss_plateau_delta":63.859901,"loss_plateau_count":0,"pg_loss":-0.000581,"v_loss":1956.519184,"entropy":-1.526127,"approx_kl":0.004732,"clipfrac":0.0353,"reward_mean":-4.6323,"reward_std":19.5136,"reward_min":-208.5345,"reward_max":0.2166,"reward_scale":1.0,"throttle_mean":0.7403,"throttle_min":0.0937,"throttle_max":0.9906,"spawn_curriculum_enabled":true,"spawn_curriculum_mode":"staged","spawn_curriculum_progress":0.0,"spawn_xy_half_width_m":0.5,"spawn_stage_index":0,"spawn_num_stages":4,"stage_success_count":0,"stage_termination_count":153,"stage_success_fraction":0.0,"stage_steps_in_stage":1228800,"stage_advanced_this_update":false}
{"type":"train_update","update":76,"global_step":1245184,"wall_s":1706.85,"sps":729.5,"loss":1295.480473,"loss_ema":1246.061087,"loss_plateau_delta":12.354846,"loss_plateau_count":0,"pg_loss":-0.002058,"v_loss":2590.949875,"entropy":-1.520044,"approx_kl":0.006922,"clipfrac":0.0507,"reward_mean":-6.4076,"reward_std":26.6812,"reward_min":-208.5495,"reward_max":0.4846,"reward_scale":1.0,"throttle_mean":0.7406,"throttle_min":0.106,"throttle_max":0.9873,"spawn_curriculum_enabled":true,"spawn_curriculum_mode":"staged","spawn_curriculum_progress":0.0,"spawn_xy_half_width_m":0.5,"spawn_stage_index":0,"spawn_num_stages":4,"stage_success_count":0,"stage_termination_count":290,"stage_success_fraction":0.0,"stage_steps_in_stage":1245184,"stage_advanced_this_update":false}
{"type":"train_update","update":77,"global_step":1261568,"wall_s":1713.49,"sps":736.3,"loss":1311.527874,"loss_ema":1259.154444,"loss_plateau_delta":13.093357,"loss_plateau_count":0,"pg_loss":-0.000159,"v_loss":2623.040939,"entropy":-1.513754,"approx_kl":0.005723,"clipfrac":0.0869,"reward_mean":-6.2597,"reward_std":26.3287,"reward_min":-208.5381,"reward_max":0.6748,"reward_scale":1.0,"throttle_mean":0.7467,"throttle_min":0.1362,"throttle_max":0.9883,"spawn_curriculum_enabled":true,"spawn_curriculum_mode":"staged","spawn_curriculum_progress":0.0,"spawn_xy_half_width_m":0.5,"spawn_stage_index":0,"spawn_num_stages":4,"stage_success_count":0,"stage_termination_count":282,"stage_success_fraction":0.0,"stage_steps_in_stage":1261568,"stage_advanced_this_update":false}
step=1,261,568 reward_mean=-6.260 kl=0.00572 clipfrac=0.087 eval={'landed_fraction': 0.3984375, 'crashed_fraction': 1.0, 'mean_touchdown_speed': 0.028763512149453163, 'max_touchdown_speed': 0.4400581121444702, 'mean_pad_distance': 3.1659810543060303, 'max_pad_distance': 6.946551322937012, 'mean_delta_v_proxy': 16.04418182373047, 'mean_eval_throttle': 0.7708742819892036, 'max_eval_throttle': 0.9013014435768127, 'max_upward_speed': 12.738636016845703, 'max_downward_speed': 11.328513145446777, 'passed': False}
{"type":"train_update","update":78,"global_step":1277952,"wall_s":1767.59,"sps":723.0,"loss":930.852779,"loss_ema":1193.494111,"loss_plateau_delta":65.660333,"loss_plateau_count":0,"pg_loss":0.001628,"v_loss":1861.687115,"entropy":-1.519068,"approx_kl":0.004875,"clipfrac":0.1094,"reward_mean":-4.5921,"reward_std":19.3731,"reward_min":-208.4884,"reward_max":0.775,"reward_scale":1.0,"throttle_mean":0.7342,"throttle_min":0.1171,"throttle_max":0.9869,"spawn_curriculum_enabled":true,"spawn_curriculum_mode":"staged","spawn_curriculum_progress":0.0,"spawn_xy_half_width_m":0.5,"spawn_stage_index":0,"spawn_num_stages":4,"stage_success_count":0,"stage_termination_count":151,"stage_success_fraction":0.0,"stage_steps_in_stage":1277952,"stage_advanced_this_update":false}
{"type":"train_update","update":79,"global_step":1294336,"wall_s":1774.34,"sps":729.5,"loss":1213.206367,"loss_ema":1197.436563,"loss_plateau_delta":3.942451,"loss_plateau_count":0,"pg_loss":0.000616,"v_loss":2426.396332,"entropy":-1.513782,"approx_kl":0.005294,"clipfrac":0.0957,"reward_mean":-6.3491,"reward_std":26.784,"reward_min":-208.7341,"reward_max":0.6734,"reward_scale":1.0,"throttle_mean":0.7422,"throttle_min":0.0891,"throttle_max":0.9875,"spawn_curriculum_enabled":true,"spawn_curriculum_mode":"staged","spawn_curriculum_progress":0.0,"spawn_xy_half_width_m":0.5,"spawn_stage_index":0,"spawn_num_stages":4,"stage_success_count":0,"stage_termination_count":292,"stage_success_fraction":0.0,"stage_steps_in_stage":1294336,"stage_advanced_this_update":false}
{"type":"train_update","update":80,"global_step":1310720,"wall_s":1781.78,"sps":735.6,"loss":1312.916298,"loss_ema":1220.53251,"loss_plateau_delta":23.095947,"loss_plateau_count":0,"pg_loss":-0.000809,"v_loss":2625.81916,"entropy":-1.50683,"approx_kl":0.005438,"clipfrac":0.0744,"reward_mean":-6.417,"reward_std":27.2761,"reward_min":-208.5989,"reward_max":0.4832,"reward_scale":1.0,"throttle_mean":0.7451,"throttle_min":0.0996,"throttle_max":0.9835,"spawn_curriculum_enabled":true,"spawn_curriculum_mode":"staged","spawn_curriculum_progress":0.0,"spawn_xy_half_width_m":0.5,"spawn_stage_index":0,"spawn_num_stages":4,"stage_success_count":0,"stage_termination_count":303,"stage_success_fraction":0.0,"stage_steps_in_stage":1310720,"stage_advanced_this_update":false}
step=1,310,720 reward_mean=-6.417 kl=0.00544 clipfrac=0.074 eval={'landed_fraction': 0.0234375, 'crashed_fraction': 1.0, 'mean_touchdown_speed': 0.0, 'max_touchdown_speed': 0.0, 'mean_pad_distance': 1.5265125036239624, 'max_pad_distance': 1.924223780632019, 'mean_delta_v_proxy': 16.830764770507812, 'mean_eval_throttle': 0.7872473984294468, 'max_eval_throttle': 0.8829502463340759, 'max_upward_speed': 13.903913497924805, 'max_downward_speed': 9.912062644958496, 'passed': False}
{"type":"train_update","update":81,"global_step":1327104,"wall_s":1835.64,"sps":723.0,"loss":959.330189,"loss_ema":1168.292045,"loss_plateau_delta":52.240464,"loss_plateau_count":0,"pg_loss":-0.001035,"v_loss":1918.647308,"entropy":-1.513019,"approx_kl":0.00547,"clipfrac":0.0733,"reward_mean":-4.7419,"reward_std":20.6103,"reward_min":-208.6976,"reward_max":0.7722,"reward_scale":1.0,"throttle_mean":0.746,"throttle_min":0.1135,"throttle_max":0.9892,"spawn_curriculum_enabled":true,"spawn_curriculum_mode":"staged","spawn_curriculum_progress":0.0,"spawn_xy_half_width_m":0.5,"spawn_stage_index":0,"spawn_num_stages":4,"stage_success_count":0,"stage_termination_count":171,"stage_success_fraction":0.0,"stage_steps_in_stage":1327104,"stage_advanced_this_update":false}
{"type":"train_update","update":82,"global_step":1343488,"wall_s":1841.62,"sps":729.5,"loss":1261.276768,"loss_ema":1186.88899,"loss_plateau_delta":18.596944,"loss_plateau_count":0,"pg_loss":-0.000769,"v_loss":2522.539986,"entropy":-1.508967,"approx_kl":0.003752,"clipfrac":0.0674,"reward_mean":-6.4924,"reward_std":27.558,"reward_min":-208.9077,"reward_max":0.7023,"reward_scale":1.0,"throttle_mean":0.7478,"throttle_min":0.1197,"throttle_max":0.9842,"spawn_curriculum_enabled":true,"spawn_curriculum_mode":"staged","spawn_curriculum_progress":0.0,"spawn_xy_half_width_m":0.5,"spawn_stage_index":0,"spawn_num_stages":4,"stage_success_count":0,"stage_termination_count":309,"stage_success_fraction":0.0,"stage_steps_in_stage":1343488,"stage_advanced_this_update":false}
{"type":"train_update","update":83,"global_step":1359872,"wall_s":1849.9,"sps":735.1,"loss":1272.594643,"loss_ema":1204.03012,"loss_plateau_delta":17.141131,"loss_plateau_count":0,"pg_loss":0.001314,"v_loss":2545.171562,"entropy":-1.508327,"approx_kl":0.008247,"clipfrac":0.0902,"reward_mean":-6.1466,"reward_std":26.3438,"reward_min":-209.6912,"reward_max":0.6939,"reward_scale":1.0,"throttle_mean":0.7514,"throttle_min":0.1158,"throttle_max":0.9863,"spawn_curriculum_enabled":true,"spawn_curriculum_mode":"staged","spawn_curriculum_progress":0.0,"spawn_xy_half_width_m":0.5,"spawn_stage_index":0,"spawn_num_stages":4,"stage_success_count":0,"stage_termination_count":281,"stage_success_fraction":0.0,"stage_steps_in_stage":1359872,"stage_advanced_this_update":false}
step=1,359,872 reward_mean=-6.147 kl=0.00825 clipfrac=0.090 eval={'landed_fraction': 0.03125, 'crashed_fraction': 1.0, 'mean_touchdown_speed': 0.03290886804461479, 'max_touchdown_speed': 0.13079474866390228, 'mean_pad_distance': 3.4323883056640625, 'max_pad_distance': 6.321732044219971, 'mean_delta_v_proxy': 16.92629051208496, 'mean_eval_throttle': 0.7874870589706633, 'max_eval_throttle': 0.878847599029541, 'max_upward_speed': 13.618477821350098, 'max_downward_speed': 9.734692573547363, 'passed': False}
{"type":"train_update","update":84,"global_step":1376256,"wall_s":1902.87,"sps":723.3,"loss":934.874065,"loss_ema":1150.198909,"loss_plateau_delta":53.831211,"loss_plateau_count":0,"pg_loss":0.001914,"v_loss":1869.729263,"entropy":-1.503977,"approx_kl":0.006471,"clipfrac":0.1195,"reward_mean":-4.752,"reward_std":20.4312,"reward_min":-208.7899,"reward_max":0.35,"reward_scale":1.0,"throttle_mean":0.7455,"throttle_min":0.103,"throttle_max":0.9909,"spawn_curriculum_enabled":true,"spawn_curriculum_mode":"staged","spawn_curriculum_progress":0.0,"spawn_xy_half_width_m":0.5,"spawn_stage_index":0,"spawn_num_stages":4,"stage_success_count":0,"stage_termination_count":168,"stage_success_fraction":0.0,"stage_steps_in_stage":1376256,"stage_advanced_this_update":false}
{"type":"train_update","update":85,"global_step":1392640,"wall_s":1909.26,"sps":729.4,"loss":1099.795475,"loss_ema":1140.118223,"loss_plateau_delta":10.080687,"loss_plateau_count":0,"pg_loss":-0.000196,"v_loss":2199.576416,"entropy":-1.493754,"approx_kl":0.008724,"clipfrac":0.0644,"reward_mean":-6.0815,"reward_std":25.9851,"reward_min":-209.9365,"reward_max":0.6287,"reward_scale":1.0,"throttle_mean":0.7458,"throttle_min":0.0942,"throttle_max":0.9873,"spawn_curriculum_enabled":true,"spawn_curriculum_mode":"staged","spawn_curriculum_progress":0.0,"spawn_xy_half_width_m":0.5,"spawn_stage_index":0,"spawn_num_stages":4,"stage_success_count":0,"stage_termination_count":274,"stage_success_fraction":0.0,"stage_steps_in_stage":1392640,"stage_advanced_this_update":false}
{"type":"train_update","update":86,"global_step":1409024,"wall_s":1916.26,"sps":735.3,"loss":1226.394836,"loss_ema":1157.373545,"loss_plateau_delta":17.255323,"loss_plateau_count":0,"pg_loss":-0.000495,"v_loss":2452.775841,"entropy":-1.481564,"approx_kl":0.003806,"clipfrac":0.0465,"reward_mean":-6.3852,"reward_std":27.1083,"reward_min":-209.1813,"reward_max":0.3285,"reward_scale":1.0,"throttle_mean":0.7451,"throttle_min":0.0735,"throttle_max":0.9863,"spawn_curriculum_enabled":true,"spawn_curriculum_mode":"staged","spawn_curriculum_progress":0.0,"spawn_xy_half_width_m":0.5,"spawn_stage_index":0,"spawn_num_stages":4,"stage_success_count":0,"stage_termination_count":299,"stage_success_fraction":0.0,"stage_steps_in_stage":1409024,"stage_advanced_this_update":false}
step=1,409,024 reward_mean=-6.385 kl=0.00381 clipfrac=0.047 eval={'landed_fraction': 0.1171875, 'crashed_fraction': 1.0, 'mean_touchdown_speed': 0.004060071427375078, 'max_touchdown_speed': 0.040220607072114944, 'mean_pad_distance': 4.105097770690918, 'max_pad_distance': 9.325754165649414, 'mean_delta_v_proxy': 16.979890823364258, 'mean_eval_throttle': 0.7889567426840465, 'max_eval_throttle': 0.869711697101593, 'max_upward_speed': 14.063942909240723, 'max_downward_speed': 10.450031280517578, 'passed': False}
{"type":"train_update","update":87,"global_step":1425408,"wall_s":1970.0,"sps":723.6,"loss":928.557861,"loss_ema":1111.610409,"loss_plateau_delta":45.763137,"loss_plateau_count":0,"pg_loss":-0.001719,"v_loss":1857.104435,"entropy":-1.472804,"approx_kl":0.004097,"clipfrac":0.045,"reward_mean":-4.8222,"reward_std":21.0309,"reward_min":-209.9084,"reward_max":0.7094,"reward_scale":1.0,"throttle_mean":0.7413,"throttle_min":0.1112,"throttle_max":0.9901,"spawn_curriculum_enabled":true,"spawn_curriculum_mode":"staged","spawn_curriculum_progress":0.0,"spawn_xy_half_width_m":0.5,"spawn_stage_index":0,"spawn_num_stages":4,"stage_success_count":0,"stage_termination_count":178,"stage_success_fraction":0.0,"stage_steps_in_stage":1425408,"stage_advanced_this_update":false}
{"type":"train_update","update":88,"global_step":1441792,"wall_s":1976.51,"sps":729.5,"loss":1122.428562,"loss_ema":1113.774039,"loss_plateau_delta":2.163631,"loss_plateau_count":0,"pg_loss":-0.001019,"v_loss":2244.844543,"entropy":-1.462889,"approx_kl":0.005074,"clipfrac":0.0404,"reward_mean":-6.2115,"reward_std":26.6318,"reward_min":-209.6832,"reward_max":0.072,"reward_scale":1.0,"throttle_mean":0.7417,"throttle_min":0.1081,"throttle_max":0.9934,"spawn_curriculum_enabled":true,"spawn_curriculum_mode":"staged","spawn_curriculum_progress":0.0,"spawn_xy_half_width_m":0.5,"spawn_stage_index":0,"spawn_num_stages":4,"stage_success_count":0,"stage_termination_count":288,"stage_success_fraction":0.0,"stage_steps_in_stage":1441792,"stage_advanced_this_update":false}
{"type":"train_update","update":89,"global_step":1458176,"wall_s":1982.47,"sps":735.5,"loss":1199.189861,"loss_ema":1130.857204,"loss_plateau_delta":17.083164,"loss_plateau_count":0,"pg_loss":0.000323,"v_loss":2398.364639,"entropy":-1.443292,"approx_kl":0.003486,"clipfrac":0.0648,"reward_mean":-6.2216,"reward_std":26.4935,"reward_min":-209.4185,"reward_max":0.7208,"reward_scale":1.0,"throttle_mean":0.7409,"throttle_min":0.1069,"throttle_max":0.9891,"spawn_curriculum_enabled":true,"spawn_curriculum_mode":"staged","spawn_curriculum_progress":0.0,"spawn_xy_half_width_m":0.5,"spawn_stage_index":0,"spawn_num_stages":4,"stage_success_count":0,"stage_termination_count":285,"stage_success_fraction":0.0,"stage_steps_in_stage":1458176,"stage_advanced_this_update":false}
step=1,458,176 reward_mean=-6.222 kl=0.00349 clipfrac=0.065 eval={'landed_fraction': 0.0234375, 'crashed_fraction': 1.0, 'mean_touchdown_speed': 0.0, 'max_touchdown_speed': 0.0, 'mean_pad_distance': 1.3431161642074585, 'max_pad_distance': 1.8417596817016602, 'mean_delta_v_proxy': 16.734935760498047, 'mean_eval_throttle': 0.7842943374978172, 'max_eval_throttle': 0.8578367233276367, 'max_upward_speed': 13.893637657165527, 'max_downward_speed': 9.83427619934082, 'passed': False}
{"type":"train_update","update":90,"global_step":1474560,"wall_s":2036.81,"sps":724.0,"loss":844.35614,"loss_ema":1073.556991,"loss_plateau_delta":57.300213,"loss_plateau_count":0,"pg_loss":-0.000326,"v_loss":1688.69862,"entropy":-1.431644,"approx_kl":0.003898,"clipfrac":0.0566,"reward_mean":-4.6323,"reward_std":20.0241,"reward_min":-208.9021,"reward_max":0.428,"reward_scale":1.0,"throttle_mean":0.742,"throttle_min":0.1209,"throttle_max":0.9859,"spawn_curriculum_enabled":true,"spawn_curriculum_mode":"staged","spawn_curriculum_progress":0.0,"spawn_xy_half_width_m":0.5,"spawn_stage_index":0,"spawn_num_stages":4,"stage_success_count":0,"stage_termination_count":161,"stage_success_fraction":0.0,"stage_steps_in_stage":1474560,"stage_advanced_this_update":false}
{"type":"train_update","update":91,"global_step":1490944,"wall_s":2042.91,"sps":729.8,"loss":1066.085657,"loss_ema":1072.062724,"loss_plateau_delta":1.494267,"loss_plateau_count":0,"pg_loss":0.000415,"v_loss":2132.156208,"entropy":-1.426585,"approx_kl":0.00511,"clipfrac":0.0595,"reward_mean":-6.2778,"reward_std":26.715,"reward_min":-208.9355,"reward_max":0.6644,"reward_scale":1.0,"throttle_mean":0.7425,"throttle_min":0.1211,"throttle_max":0.989,"spawn_curriculum_enabled":true,"spawn_curriculum_mode":"staged","spawn_curriculum_progress":0.0,"spawn_xy_half_width_m":0.5,"spawn_stage_index":0,"spawn_num_stages":4,"stage_success_count":0,"stage_termination_count":290,"stage_success_fraction":0.0,"stage_steps_in_stage":1490944,"stage_advanced_this_update":false}
[curriculum] advanced to stage 1/3: xy_half_width=1.00 m (success_fraction at advance was based on prior stage's window)
{"type":"train_update","update":92,"global_step":1507328,"wall_s":2049.22,"sps":735.6,"loss":1127.518669,"loss_ema":1083.153913,"loss_plateau_delta":11.091189,"loss_plateau_count":0,"pg_loss":-0.000505,"v_loss":2255.024132,"entropy":-1.422443,"approx_kl":0.005213,"clipfrac":0.0644,"reward_mean":-6.1995,"reward_std":26.4779,"reward_min":-209.2388,"reward_max":0.4494,"reward_scale":1.0,"throttle_mean":0.7442,"throttle_min":0.1214,"throttle_max":0.9898,"spawn_curriculum_enabled":true,"spawn_curriculum_mode":"staged","spawn_curriculum_progress":0.3333,"spawn_xy_half_width_m":1.0,"spawn_stage_index":1,"spawn_num_stages":4,"stage_success_count":0,"stage_termination_count":285,"stage_success_fraction":0.0,"stage_steps_in_stage":0,"stage_advanced_this_update":true}
step=1,507,328 reward_mean=-6.200 kl=0.00521 clipfrac=0.064 eval={'landed_fraction': 0.0078125, 'crashed_fraction': 1.0, 'mean_touchdown_speed': 0.0, 'max_touchdown_speed': 0.0, 'mean_pad_distance': 1.3749114274978638, 'max_pad_distance': 1.3749114274978638, 'mean_delta_v_proxy': 16.972408294677734, 'mean_eval_throttle': 0.7876177943415112, 'max_eval_throttle': 0.8648977279663086, 'max_upward_speed': 12.921159744262695, 'max_downward_speed': 9.714933395385742, 'passed': False}
{"type":"train_update","update":93,"global_step":1523712,"wall_s":2103.28,"sps":724.4,"loss":796.675333,"loss_ema":1025.858197,"loss_plateau_delta":57.295716,"loss_plateau_count":0,"pg_loss":-0.001315,"v_loss":1593.339096,"entropy":-1.420668,"approx_kl":0.005953,"clipfrac":0.0583,"reward_mean":-4.5276,"reward_std":19.5413,"reward_min":-208.5504,"reward_max":0.7877,"reward_scale":1.0,"throttle_mean":0.7366,"throttle_min":0.1231,"throttle_max":0.9884,"spawn_curriculum_enabled":true,"spawn_curriculum_mode":"staged","spawn_curriculum_progress":0.3333,"spawn_xy_half_width_m":1.0,"spawn_stage_index":1,"spawn_num_stages":4,"stage_success_count":0,"stage_termination_count":153,"stage_success_fraction":0.0,"stage_steps_in_stage":16384,"stage_advanced_this_update":false}
{"type":"train_update","update":94,"global_step":1540096,"wall_s":2109.96,"sps":729.9,"loss":1051.386116,"loss_ema":1030.963781,"loss_plateau_delta":5.105584,"loss_plateau_count":0,"pg_loss":-0.001205,"v_loss":2102.760422,"entropy":-1.422993,"approx_kl":0.004323,"clipfrac":0.0595,"reward_mean":-6.3556,"reward_std":27.1255,"reward_min":-208.7502,"reward_max":0.514,"reward_scale":1.0,"throttle_mean":0.7349,"throttle_min":0.1064,"throttle_max":0.9869,"spawn_curriculum_enabled":true,"spawn_curriculum_mode":"staged","spawn_curriculum_progress":0.3333,"spawn_xy_half_width_m":1.0,"spawn_stage_index":1,"spawn_num_stages":4,"stage_success_count":0,"stage_termination_count":299,"stage_success_fraction":0.0,"stage_steps_in_stage":32768,"stage_advanced_this_update":false}
{"type":"train_update","update":95,"global_step":1556480,"wall_s":2116.49,"sps":735.4,"loss":1089.614388,"loss_ema":1042.693902,"loss_plateau_delta":11.730121,"loss_plateau_count":0,"pg_loss":-0.000428,"v_loss":2179.2155,"entropy":-1.413474,"approx_kl":0.005536,"clipfrac":0.0775,"reward_mean":-6.1829,"reward_std":26.6715,"reward_min":-209.2163,"reward_max":0.5101,"reward_scale":1.0,"throttle_mean":0.7369,"throttle_min":0.0941,"throttle_max":0.9939,"spawn_curriculum_enabled":true,"spawn_curriculum_mode":"staged","spawn_curriculum_progress":0.3333,"spawn_xy_half_width_m":1.0,"spawn_stage_index":1,"spawn_num_stages":4,"stage_success_count":0,"stage_termination_count":289,"stage_success_fraction":0.0,"stage_steps_in_stage":49152,"stage_advanced_this_update":false}
step=1,556,480 reward_mean=-6.183 kl=0.00554 clipfrac=0.078 eval={'landed_fraction': 0.0703125, 'crashed_fraction': 1.0, 'mean_touchdown_speed': 0.02186593785881996, 'max_touchdown_speed': 0.19679343700408936, 'mean_pad_distance': 3.2793118953704834, 'max_pad_distance': 4.544249057769775, 'mean_delta_v_proxy': 17.231433868408203, 'mean_eval_throttle': 0.7913436170419057, 'max_eval_throttle': 0.8609237670898438, 'max_upward_speed': 12.863410949707031, 'max_downward_speed': 10.795835494995117, 'passed': False}
{"type":"train_update","update":96,"global_step":1572864,"wall_s":2169.56,"sps":725.0,"loss":756.174389,"loss_ema":985.39,"loss_plateau_delta":57.303903,"loss_plateau_count":0,"pg_loss":-0.001601,"v_loss":1512.337955,"entropy":-1.402274,"approx_kl":0.005196,"clipfrac":0.0401,"reward_mean":-4.4886,"reward_std":19.3913,"reward_min":-208.8561,"reward_max":0.7148,"reward_scale":1.0,"throttle_mean":0.7374,"throttle_min":0.0997,"throttle_max":0.9859,"spawn_curriculum_enabled":true,"spawn_curriculum_mode":"staged","spawn_curriculum_progress":0.3333,"spawn_xy_half_width_m":1.0,"spawn_stage_index":1,"spawn_num_stages":4,"stage_success_count":0,"stage_termination_count":151,"stage_success_fraction":0.0,"stage_steps_in_stage":65536,"stage_advanced_this_update":false}
{"type":"train_update","update":97,"global_step":1589248,"wall_s":2177.4,"sps":729.9,"loss":989.506493,"loss_ema":986.213298,"loss_plateau_delta":0.823299,"loss_plateau_count":0,"pg_loss":-0.000857,"v_loss":1979.000648,"entropy":-1.405094,"approx_kl":0.004888,"clipfrac":0.0383,"reward_mean":-6.2063,"reward_std":26.2603,"reward_min":-209.7963,"reward_max":0.6403,"reward_scale":1.0,"throttle_mean":0.7353,"throttle_min":0.0897,"throttle_max":0.9924,"spawn_curriculum_enabled":true,"spawn_curriculum_mode":"staged","spawn_curriculum_progress":0.3333,"spawn_xy_half_width_m":1.0,"spawn_stage_index":1,"spawn_num_stages":4,"stage_success_count":0,"stage_termination_count":280,"stage_success_fraction":0.0,"stage_steps_in_stage":81920,"stage_advanced_this_update":false}
{"type":"train_update","update":98,"global_step":1605632,"wall_s":2183.74,"sps":735.3,"loss":1052.996275,"loss_ema":999.569894,"loss_plateau_delta":13.356595,"loss_plateau_count":0,"pg_loss":-0.000331,"v_loss":2105.979153,"entropy":-1.405135,"approx_kl":0.00701,"clipfrac":0.0509,"reward_mean":-6.2911,"reward_std":26.859,"reward_min":-208.4552,"reward_max":0.8193,"reward_scale":1.0,"throttle_mean":0.7356,"throttle_min":0.0947,"throttle_max":0.9878,"spawn_curriculum_enabled":true,"spawn_curriculum_mode":"staged","spawn_curriculum_progress":0.3333,"spawn_xy_half_width_m":1.0,"spawn_stage_index":1,"spawn_num_stages":4,"stage_success_count":0,"stage_termination_count":293,"stage_success_fraction":0.0,"stage_steps_in_stage":98304,"stage_advanced_this_update":false}
step=1,605,632 reward_mean=-6.291 kl=0.00701 clipfrac=0.051 eval={'landed_fraction': 0.0078125, 'crashed_fraction': 1.0, 'mean_touchdown_speed': 0.0, 'max_touchdown_speed': 0.0, 'mean_pad_distance': 2.9230103492736816, 'max_pad_distance': 2.9230103492736816, 'mean_delta_v_proxy': 16.8995361328125, 'mean_eval_throttle': 0.7831481918361451, 'max_eval_throttle': 0.8672569394111633, 'max_upward_speed': 14.386268615722656, 'max_downward_speed': 8.06905746459961, 'passed': False}
{"type":"train_update","update":99,"global_step":1622016,"wall_s":2237.67,"sps":724.9,"loss":705.913618,"loss_ema":940.838638,"loss_plateau_delta":58.731255,"loss_plateau_count":0,"pg_loss":-0.000508,"v_loss":1411.814224,"entropy":-1.404424,"approx_kl":0.003481,"clipfrac":0.0624,"reward_mean":-4.3787,"reward_std":18.7084,"reward_min":-209.2518,"reward_max":0.6968,"reward_scale":1.0,"throttle_mean":0.7308,"throttle_min":0.081,"throttle_max":0.987,"spawn_curriculum_enabled":true,"spawn_curriculum_mode":"staged","spawn_curriculum_progress":0.3333,"spawn_xy_half_width_m":1.0,"spawn_stage_index":1,"spawn_num_stages":4,"stage_success_count":0,"stage_termination_count":140,"stage_success_fraction":0.0,"stage_steps_in_stage":114688,"stage_advanced_this_update":false}
{"type":"train_update","update":100,"global_step":1638400,"wall_s":2245.57,"sps":729.6,"loss":936.771536,"loss_ema":940.025218,"loss_plateau_delta":0.813421,"loss_plateau_count":0,"pg_loss":-0.000906,"v_loss":1873.530918,"entropy":-1.39636,"approx_kl":0.006056,"clipfrac":0.0445,"reward_mean":-6.2911,"reward_std":27.1088,"reward_min":-208.922,"reward_max":0.7532,"reward_scale":1.0,"throttle_mean":0.7327,"throttle_min":0.1173,"throttle_max":0.994,"spawn_curriculum_enabled":true,"spawn_curriculum_mode":"staged","spawn_curriculum_progress":0.3333,"spawn_xy_half_width_m":1.0,"spawn_stage_index":1,"spawn_num_stages":4,"stage_success_count":0,"stage_termination_count":298,"stage_success_fraction":0.0,"stage_steps_in_stage":131072,"stage_advanced_this_update":false}
{"type":"train_update","update":101,"global_step":1654784,"wall_s":2252.16,"sps":734.8,"loss":1042.812956,"loss_ema":960.582766,"loss_plateau_delta":20.557548,"loss_plateau_count":0,"pg_loss":-0.002281,"v_loss":2085.616558,"entropy":-1.391161,"approx_kl":0.005749,"clipfrac":0.0385,"reward_mean":-6.384,"reward_std":27.3651,"reward_min":-209.9634,"reward_max":0.5871,"reward_scale":1.0,"throttle_mean":0.731,"throttle_min":0.0669,"throttle_max":0.9913,"spawn_curriculum_enabled":true,"spawn_curriculum_mode":"staged","spawn_curriculum_progress":0.3333,"spawn_xy_half_width_m":1.0,"spawn_stage_index":1,"spawn_num_stages":4,"stage_success_count":0,"stage_termination_count":304,"stage_success_fraction":0.0,"stage_steps_in_stage":147456,"stage_advanced_this_update":false}
step=1,654,784 reward_mean=-6.384 kl=0.00575 clipfrac=0.038 eval={'landed_fraction': 0.0, 'crashed_fraction': 1.0, 'mean_touchdown_speed': nan, 'max_touchdown_speed': nan, 'mean_pad_distance': nan, 'max_pad_distance': nan, 'mean_delta_v_proxy': 16.513612747192383, 'mean_eval_throttle': 0.7738751496209039, 'max_eval_throttle': 0.8655354380607605, 'max_upward_speed': 13.163769721984863, 'max_downward_speed': 9.47957706451416, 'passed': False}
{"type":"train_update","update":102,"global_step":1671168,"wall_s":2306.51,"sps":724.5,"loss":743.338449,"loss_ema":917.133902,"loss_plateau_delta":43.448863,"loss_plateau_count":0,"pg_loss":-0.000622,"v_loss":1486.664261,"entropy":-1.388554,"approx_kl":0.005044,"clipfrac":0.0506,"reward_mean":-4.6065,"reward_std":20.0377,"reward_min":-208.6029,"reward_max":0.7546,"reward_scale":1.0,"throttle_mean":0.7308,"throttle_min":0.1192,"throttle_max":0.9941,"spawn_curriculum_enabled":true,"spawn_curriculum_mode":"staged","spawn_curriculum_progress":0.3333,"spawn_xy_half_width_m":1.0,"spawn_stage_index":1,"spawn_num_stages":4,"stage_success_count":0,"stage_termination_count":161,"stage_success_fraction":0.0,"stage_steps_in_stage":163840,"stage_advanced_this_update":false}
{"type":"train_update","update":103,"global_step":1687552,"wall_s":2313.3,"sps":729.5,"loss":955.860798,"loss_ema":924.879281,"loss_plateau_delta":7.745379,"loss_plateau_count":0,"pg_loss":-0.001312,"v_loss":1911.710339,"entropy":-1.388203,"approx_kl":0.004715,"clipfrac":0.039,"reward_mean":-6.3605,"reward_std":27.3215,"reward_min":-209.1243,"reward_max":0.5309,"reward_scale":1.0,"throttle_mean":0.7322,"throttle_min":0.0667,"throttle_max":0.9856,"spawn_curriculum_enabled":true,"spawn_curriculum_mode":"staged","spawn_curriculum_progress":0.3333,"spawn_xy_half_width_m":1.0,"spawn_stage_index":1,"spawn_num_stages":4,"stage_success_count":0,"stage_termination_count":303,"stage_success_fraction":0.0,"stage_steps_in_stage":180224,"stage_advanced_this_update":false}
{"type":"train_update","update":104,"global_step":1703936,"wall_s":2320.64,"sps":734.3,"loss":999.092379,"loss_ema":939.721901,"loss_plateau_delta":14.842619,"loss_plateau_count":0,"pg_loss":-0.000291,"v_loss":1998.171497,"entropy":-1.384461,"approx_kl":0.005053,"clipfrac":0.061,"reward_mean":-6.1623,"reward_std":26.599,"reward_min":-209.5377,"reward_max":0.5755,"reward_scale":1.0,"throttle_mean":0.7324,"throttle_min":0.0753,"throttle_max":0.9902,"spawn_curriculum_enabled":true,"spawn_curriculum_mode":"staged","spawn_curriculum_progress":0.3333,"spawn_xy_half_width_m":1.0,"spawn_stage_index":1,"spawn_num_stages":4,"stage_success_count":0,"stage_termination_count":287,"stage_success_fraction":0.0,"stage_steps_in_stage":196608,"stage_advanced_this_update":false}
step=1,703,936 reward_mean=-6.162 kl=0.00505 clipfrac=0.061 eval={'landed_fraction': 0.0, 'crashed_fraction': 1.0, 'mean_touchdown_speed': nan, 'max_touchdown_speed': nan, 'mean_pad_distance': nan, 'max_pad_distance': nan, 'mean_delta_v_proxy': 16.210512161254883, 'mean_eval_throttle': 0.768223873840438, 'max_eval_throttle': 0.8527113199234009, 'max_upward_speed': 13.791643142700195, 'max_downward_speed': 8.57243824005127, 'passed': False}
{"type":"train_update","update":105,"global_step":1720320,"wall_s":2374.94,"sps":724.4,"loss":683.064346,"loss_ema":888.39039,"loss_plateau_delta":51.331511,"loss_plateau_count":0,"pg_loss":-0.000457,"v_loss":1366.115791,"entropy":-1.381907,"approx_kl":0.005568,"clipfrac":0.0496,"reward_mean":-4.4776,"reward_std":19.5384,"reward_min":-208.7443,"reward_max":0.3338,"reward_scale":1.0,"throttle_mean":0.726,"throttle_min":0.0992,"throttle_max":0.9952,"spawn_curriculum_enabled":true,"spawn_curriculum_mode":"staged","spawn_curriculum_progress":0.3333,"spawn_xy_half_width_m":1.0,"spawn_stage_index":1,"spawn_num_stages":4,"stage_success_count":0,"stage_termination_count":153,"stage_success_fraction":0.0,"stage_steps_in_stage":212992,"stage_advanced_this_update":false}
{"type":"train_update","update":106,"global_step":1736704,"wall_s":2381.12,"sps":729.4,"loss":895.673122,"loss_ema":889.846936,"loss_plateau_delta":1.456546,"loss_plateau_count":0,"pg_loss":-0.001307,"v_loss":1791.335125,"entropy":-1.373286,"approx_kl":0.004356,"clipfrac":0.0501,"reward_mean":-6.325,"reward_std":27.0568,"reward_min":-209.5645,"reward_max":0.6626,"reward_scale":1.0,"throttle_mean":0.7235,"throttle_min":0.06,"throttle_max":0.9885,"spawn_curriculum_enabled":true,"spawn_curriculum_mode":"staged","spawn_curriculum_progress":0.3333,"spawn_xy_half_width_m":1.0,"spawn_stage_index":1,"spawn_num_stages":4,"stage_success_count":0,"stage_termination_count":297,"stage_success_fraction":0.0,"stage_steps_in_stage":229376,"stage_advanced_this_update":false}
{"type":"train_update","update":107,"global_step":1753088,"wall_s":2389.01,"sps":733.8,"loss":944.266264,"loss_ema":900.730802,"loss_plateau_delta":10.883866,"loss_plateau_count":0,"pg_loss":-0.000603,"v_loss":1888.520081,"entropy":-1.36428,"approx_kl":0.005757,"clipfrac":0.0595,"reward_mean":-6.2018,"reward_std":26.692,"reward_min":-209.1857,"reward_max":0.8912,"reward_scale":1.0,"throttle_mean":0.7282,"throttle_min":0.1087,"throttle_max":0.9907,"spawn_curriculum_enabled":true,"spawn_curriculum_mode":"staged","spawn_curriculum_progress":0.3333,"spawn_xy_half_width_m":1.0,"spawn_stage_index":1,"spawn_num_stages":4,"stage_success_count":0,"stage_termination_count":289,"stage_success_fraction":0.0,"stage_steps_in_stage":245760,"stage_advanced_this_update":false}
step=1,753,088 reward_mean=-6.202 kl=0.00576 clipfrac=0.059 eval={'landed_fraction': 0.0, 'crashed_fraction': 1.0, 'mean_touchdown_speed': nan, 'max_touchdown_speed': nan, 'mean_pad_distance': nan, 'max_pad_distance': nan, 'mean_delta_v_proxy': 16.188758850097656, 'mean_eval_throttle': 0.76638623158137, 'max_eval_throttle': 0.8566668629646301, 'max_upward_speed': 14.022561073303223, 'max_downward_speed': 7.509739875793457, 'passed': False}
{"type":"train_update","update":108,"global_step":1769472,"wall_s":2442.26,"sps":724.5,"loss":681.968952,"loss_ema":856.978432,"loss_plateau_delta":43.75237,"loss_plateau_count":0,"pg_loss":-0.000386,"v_loss":1363.92506,"entropy":-1.361969,"approx_kl":0.003445,"clipfrac":0.0386,"reward_mean":-4.5638,"reward_std":19.8527,"reward_min":-208.3112,"reward_max":0.7032,"reward_scale":1.0,"throttle_mean":0.7285,"throttle_min":0.0547,"throttle_max":0.9883,"spawn_curriculum_enabled":true,"spawn_curriculum_mode":"staged","spawn_curriculum_progress":0.3333,"spawn_xy_half_width_m":1.0,"spawn_stage_index":1,"spawn_num_stages":4,"stage_success_count":0,"stage_termination_count":158,"stage_success_fraction":0.0,"stage_steps_in_stage":262144,"stage_advanced_this_update":false}
{"type":"train_update","update":109,"global_step":1785856,"wall_s":2448.52,"sps":729.4,"loss":899.131636,"loss_ema":865.409073,"loss_plateau_delta":8.430641,"loss_plateau_count":0,"pg_loss":-0.001827,"v_loss":1798.253338,"entropy":-1.358735,"approx_kl":0.006503,"clipfrac":0.0394,"reward_mean":-6.3615,"reward_std":27.3782,"reward_min":-209.4014,"reward_max":0.7295,"reward_scale":1.0,"throttle_mean":0.7255,"throttle_min":0.0753,"throttle_max":0.9892,"spawn_curriculum_enabled":true,"spawn_curriculum_mode":"staged","spawn_curriculum_progress":0.3333,"spawn_xy_half_width_m":1.0,"spawn_stage_index":1,"spawn_num_stages":4,"stage_success_count":0,"stage_termination_count":304,"stage_success_fraction":0.0,"stage_steps_in_stage":278528,"stage_advanced_this_update":false}
{"type":"train_update","update":110,"global_step":1802240,"wall_s":2456.2,"sps":733.8,"loss":939.323362,"loss_ema":880.191931,"loss_plateau_delta":14.782858,"loss_plateau_count":0,"pg_loss":-0.000715,"v_loss":1878.634533,"entropy":-1.361148,"approx_kl":0.004869,"clipfrac":0.0523,"reward_mean":-6.1741,"reward_std":26.7508,"reward_min":-208.8431,"reward_max":0.8035,"reward_scale":1.0,"throttle_mean":0.7285,"throttle_min":0.1012,"throttle_max":0.9882,"spawn_curriculum_enabled":true,"spawn_curriculum_mode":"staged","spawn_curriculum_progress":0.3333,"spawn_xy_half_width_m":1.0,"spawn_stage_index":1,"spawn_num_stages":4,"stage_success_count":0,"stage_termination_count":290,"stage_success_fraction":0.0,"stage_steps_in_stage":294912,"stage_advanced_this_update":false}
step=1,802,240 reward_mean=-6.174 kl=0.00487 clipfrac=0.052 eval={'landed_fraction': 0.0, 'crashed_fraction': 1.0, 'mean_touchdown_speed': nan, 'max_touchdown_speed': nan, 'mean_pad_distance': nan, 'max_pad_distance': nan, 'mean_delta_v_proxy': 16.3023681640625, 'mean_eval_throttle': 0.7703799570269055, 'max_eval_throttle': 0.8656719923019409, 'max_upward_speed': 13.549142837524414, 'max_downward_speed': 7.365074634552002, 'passed': False}
{"type":"train_update","update":111,"global_step":1818624,"wall_s":2509.98,"sps":724.6,"loss":698.076715,"loss_ema":843.768888,"loss_plateau_delta":36.423043,"loss_plateau_count":0,"pg_loss":-0.001462,"v_loss":1396.1427,"entropy":-1.365736,"approx_kl":0.004677,"clipfrac":0.0495,"reward_mean":-4.6865,"reward_std":20.463,"reward_min":-210.2276,"reward_max":0.8325,"reward_scale":1.0,"throttle_mean":0.725,"throttle_min":0.0873,"throttle_max":0.9928,"spawn_curriculum_enabled":true,"spawn_curriculum_mode":"staged","spawn_curriculum_progress":0.3333,"spawn_xy_half_width_m":1.0,"spawn_stage_index":1,"spawn_num_stages":4,"stage_success_count":0,"stage_termination_count":168,"stage_success_fraction":0.0,"stage_steps_in_stage":311296,"stage_advanced_this_update":false}
{"type":"train_update","update":112,"global_step":1835008,"wall_s":2516.38,"sps":729.2,"loss":882.357834,"loss_ema":851.486677,"loss_plateau_delta":7.717789,"loss_plateau_count":0,"pg_loss":0.001565,"v_loss":1764.698929,"entropy":-1.361672,"approx_kl":0.006013,"clipfrac":0.1063,"reward_mean":-6.3214,"reward_std":27.1723,"reward_min":-208.7703,"reward_max":0.7631,"reward_scale":1.0,"throttle_mean":0.7299,"throttle_min":0.0788,"throttle_max":0.9887,"spawn_curriculum_enabled":true,"spawn_curriculum_mode":"staged","spawn_curriculum_progress":0.3333,"spawn_xy_half_width_m":1.0,"spawn_stage_index":1,"spawn_num_stages":4,"stage_success_count":0,"stage_termination_count":299,"stage_success_fraction":0.0,"stage_steps_in_stage":327680,"stage_advanced_this_update":false}
{"type":"train_update","update":113,"global_step":1851392,"wall_s":2523.07,"sps":733.8,"loss":911.264727,"loss_ema":863.442287,"loss_plateau_delta":11.95561,"loss_plateau_count":0,"pg_loss":-0.001771,"v_loss":1822.519382,"entropy":-1.361432,"approx_kl":0.005107,"clipfrac":0.0406,"reward_mean":-6.1496,"reward_std":26.5875,"reward_min":-209.3644,"reward_max":0.8065,"reward_scale":1.0,"throttle_mean":0.7332,"throttle_min":0.0772,"throttle_max":0.9921,"spawn_curriculum_enabled":true,"spawn_curriculum_mode":"staged","spawn_curriculum_progress":0.3333,"spawn_xy_half_width_m":1.0,"spawn_stage_index":1,"spawn_num_stages":4,"stage_success_count":0,"stage_termination_count":286,"stage_success_fraction":0.0,"stage_steps_in_stage":344064,"stage_advanced_this_update":false}
step=1,851,392 reward_mean=-6.150 kl=0.00511 clipfrac=0.041 eval={'landed_fraction': 0.0, 'crashed_fraction': 1.0, 'mean_touchdown_speed': nan, 'max_touchdown_speed': nan, 'mean_pad_distance': nan, 'max_pad_distance': nan, 'mean_delta_v_proxy': 16.530193328857422, 'mean_eval_throttle': 0.7765663995345433, 'max_eval_throttle': 0.8617941737174988, 'max_upward_speed': 14.107511520385742, 'max_downward_speed': 7.341101169586182, 'passed': False}
{"type":"train_update","update":114,"global_step":1867776,"wall_s":2577.29,"sps":724.7,"loss":621.614317,"loss_ema":815.076693,"loss_plateau_delta":48.365594,"loss_plateau_count":0,"pg_loss":-0.000668,"v_loss":1243.216389,"entropy":-1.358594,"approx_kl":0.005967,"clipfrac":0.0555,"reward_mean":-4.4745,"reward_std":19.5401,"reward_min":-209.2552,"reward_max":0.6913,"reward_scale":1.0,"throttle_mean":0.7338,"throttle_min":0.107,"throttle_max":0.992,"spawn_curriculum_enabled":true,"spawn_curriculum_mode":"staged","spawn_curriculum_progress":0.3333,"spawn_xy_half_width_m":1.0,"spawn_stage_index":1,"spawn_num_stages":4,"stage_success_count":0,"stage_termination_count":153,"stage_success_fraction":0.0,"stage_steps_in_stage":360448,"stage_advanced_this_update":false}
{"type":"train_update","update":115,"global_step":1884160,"wall_s":2583.93,"sps":729.2,"loss":863.974684,"loss_ema":824.856291,"loss_plateau_delta":9.779598,"loss_plateau_count":0,"pg_loss":-0.000835,"v_loss":1727.937565,"entropy":-1.347304,"approx_kl":0.005507,"clipfrac":0.0834,"reward_mean":-6.5485,"reward_std":28.1371,"reward_min":-209.6862,"reward_max":0.6917,"reward_scale":1.0,"throttle_mean":0.7331,"throttle_min":0.0699,"throttle_max":0.992,"spawn_curriculum_enabled":true,"spawn_curriculum_mode":"staged","spawn_curriculum_progress":0.3333,"spawn_xy_half_width_m":1.0,"spawn_stage_index":1,"spawn_num_stages":4,"stage_success_count":0,"stage_termination_count":321,"stage_success_fraction":0.0,"stage_steps_in_stage":376832,"stage_advanced_this_update":false}
{"type":"train_update","update":116,"global_step":1900544,"wall_s":2589.96,"sps":733.8,"loss":870.739372,"loss_ema":834.032907,"loss_plateau_delta":9.176616,"loss_plateau_count":0,"pg_loss":-0.001415,"v_loss":1741.468201,"entropy":-1.336556,"approx_kl":0.007016,"clipfrac":0.0673,"reward_mean":-6.1047,"reward_std":26.524,"reward_min":-209.1449,"reward_max":0.5163,"reward_scale":1.0,"throttle_mean":0.7374,"throttle_min":0.0997,"throttle_max":0.992,"spawn_curriculum_enabled":true,"spawn_curriculum_mode":"staged","spawn_curriculum_progress":0.3333,"spawn_xy_half_width_m":1.0,"spawn_stage_index":1,"spawn_num_stages":4,"stage_success_count":0,"stage_termination_count":285,"stage_success_fraction":0.0,"stage_steps_in_stage":393216,"stage_advanced_this_update":false}
step=1,900,544 reward_mean=-6.105 kl=0.00702 clipfrac=0.067 eval={'landed_fraction': 0.0, 'crashed_fraction': 1.0, 'mean_touchdown_speed': nan, 'max_touchdown_speed': nan, 'mean_pad_distance': nan, 'max_pad_distance': nan, 'mean_delta_v_proxy': 16.46630096435547, 'mean_eval_throttle': 0.7758294079701106, 'max_eval_throttle': 0.870928943157196, 'max_upward_speed': 13.959689140319824, 'max_downward_speed': 7.430098533630371, 'passed': False}
{"type":"train_update","update":117,"global_step":1916928,"wall_s":2644.68,"sps":724.8,"loss":618.736691,"loss_ema":790.973664,"loss_plateau_delta":43.059243,"loss_plateau_count":0,"pg_loss":-5.8e-05,"v_loss":1237.460201,"entropy":-1.329814,"approx_kl":0.004324,"clipfrac":0.0781,"reward_mean":-4.5355,"reward_std":19.8562,"reward_min":-208.1301,"reward_max":0.5774,"reward_scale":1.0,"throttle_mean":0.7316,"throttle_min":0.0797,"throttle_max":0.9898,"spawn_curriculum_enabled":true,"spawn_curriculum_mode":"staged","spawn_curriculum_progress":0.3333,"spawn_xy_half_width_m":1.0,"spawn_stage_index":1,"spawn_num_stages":4,"stage_success_count":0,"stage_termination_count":158,"stage_success_fraction":0.0,"stage_steps_in_stage":409600,"stage_advanced_this_update":false}
{"type":"train_update","update":118,"global_step":1933312,"wall_s":2650.95,"sps":729.3,"loss":801.779167,"loss_ema":793.134765,"loss_plateau_delta":2.161101,"loss_plateau_count":0,"pg_loss":-0.001265,"v_loss":1603.547638,"entropy":-1.322805,"approx_kl":0.004686,"clipfrac":0.0516,"reward_mean":-6.2863,"reward_std":26.972,"reward_min":-208.7204,"reward_max":0.7719,"reward_scale":1.0,"throttle_mean":0.7316,"throttle_min":0.0679,"throttle_max":0.9897,"spawn_curriculum_enabled":true,"spawn_curriculum_mode":"staged","spawn_curriculum_progress":0.3333,"spawn_xy_half_width_m":1.0,"spawn_stage_index":1,"spawn_num_stages":4,"stage_success_count":0,"stage_termination_count":295,"stage_success_fraction":0.0,"stage_steps_in_stage":425984,"stage_advanced_this_update":false}
{"type":"train_update","update":119,"global_step":1949696,"wall_s":2657.39,"sps":733.7,"loss":831.350502,"loss_ema":800.777912,"loss_plateau_delta":7.643147,"loss_plateau_count":0,"pg_loss":-0.000374,"v_loss":1662.688629,"entropy":-1.311281,"approx_kl":0.004253,"clipfrac":0.0669,"reward_mean":-6.2046,"reward_std":26.7839,"reward_min":-209.169,"reward_max":0.5113,"reward_scale":1.0,"throttle_mean":0.7335,"throttle_min":0.0773,"throttle_max":0.9894,"spawn_curriculum_enabled":true,"spawn_curriculum_mode":"staged","spawn_curriculum_progress":0.3333,"spawn_xy_half_width_m":1.0,"spawn_stage_index":1,"spawn_num_stages":4,"stage_success_count":0,"stage_termination_count":291,"stage_success_fraction":0.0,"stage_steps_in_stage":442368,"stage_advanced_this_update":false}
{"type":"train_update","update":120,"global_step":1966080,"wall_s":2664.85,"sps":737.8,"loss":837.449421,"loss_ema":808.112214,"loss_plateau_delta":7.334302,"loss_plateau_count":0,"pg_loss":-0.00079,"v_loss":1674.887432,"entropy":-1.299708,"approx_kl":0.006247,"clipfrac":0.0627,"reward_mean":-5.999,"reward_std":25.8447,"reward_min":-209.7097,"reward_max":0.8337,"reward_scale":1.0,"throttle_mean":0.737,"throttle_min":0.0782,"throttle_max":0.9894,"spawn_curriculum_enabled":true,"spawn_curriculum_mode":"staged","spawn_curriculum_progress":0.3333,"spawn_xy_half_width_m":1.0,"spawn_stage_index":1,"spawn_num_stages":4,"stage_success_count":0,"stage_termination_count":270,"stage_success_fraction":0.0,"stage_steps_in_stage":458752,"stage_advanced_this_update":false}
step=1,966,080 reward_mean=-5.999 kl=0.00625 clipfrac=0.063 eval={'landed_fraction': 0.0, 'crashed_fraction': 1.0, 'mean_touchdown_speed': nan, 'max_touchdown_speed': nan, 'mean_pad_distance': nan, 'max_pad_distance': nan, 'mean_delta_v_proxy': 16.63190460205078, 'mean_eval_throttle': 0.779600221183565, 'max_eval_throttle': 0.8752683401107788, 'max_upward_speed': 15.385276794433594, 'max_downward_speed': 7.082982063293457, 'passed': False}
{"type":"train_update","update":121,"global_step":1982464,"wall_s":2718.81,"sps":729.2,"loss":576.835501,"loss_ema":761.856871,"loss_plateau_delta":46.255343,"loss_plateau_count":0,"pg_loss":-0.001483,"v_loss":1153.66103,"entropy":-1.293402,"approx_kl":0.005653,"clipfrac":0.0484,"reward_mean":-4.435,"reward_std":19.1877,"reward_min":-209.6799,"reward_max":0.4238,"reward_scale":1.0,"throttle_mean":0.7417,"throttle_min":0.0894,"throttle_max":0.9889,"spawn_curriculum_enabled":true,"spawn_curriculum_mode":"staged","spawn_curriculum_progress":0.3333,"spawn_xy_half_width_m":1.0,"spawn_stage_index":1,"spawn_num_stages":4,"stage_success_count":0,"stage_termination_count":147,"stage_success_fraction":0.0,"stage_steps_in_stage":475136,"stage_advanced_this_update":false}
{"type":"train_update","update":122,"global_step":1998848,"wall_s":2725.59,"sps":733.4,"loss":726.50906,"loss_ema":754.787309,"loss_plateau_delta":7.069562,"loss_plateau_count":0,"pg_loss":0.000462,"v_loss":1453.004246,"entropy":-1.29522,"approx_kl":0.004569,"clipfrac":0.0815,"reward_mean":-6.2253,"reward_std":26.8564,"reward_min":-209.5186,"reward_max":0.6243,"reward_scale":1.0,"throttle_mean":0.7408,"throttle_min":0.0925,"throttle_max":0.9915,"spawn_curriculum_enabled":true,"spawn_curriculum_mode":"staged","spawn_curriculum_progress":0.3333,"spawn_xy_half_width_m":1.0,"spawn_stage_index":1,"spawn_num_stages":4,"stage_success_count":0,"stage_termination_count":292,"stage_success_fraction":0.0,"stage_steps_in_stage":491520,"stage_advanced_this_update":false}
{"type":"train_update","update":123,"global_step":2015232,"wall_s":2731.99,"sps":737.6,"loss":798.782625,"loss_ema":763.586372,"loss_plateau_delta":8.799063,"loss_plateau_count":0,"pg_loss":-0.000729,"v_loss":1597.553757,"entropy":-1.295506,"approx_kl":0.003675,"clipfrac":0.0724,"reward_mean":-6.2956,"reward_std":26.9402,"reward_min":-209.7178,"reward_max":0.6174,"reward_scale":1.0,"throttle_mean":0.7424,"throttle_min":0.0832,"throttle_max":0.9917,"spawn_curriculum_enabled":true,"spawn_curriculum_mode":"staged","spawn_curriculum_progress":0.3333,"spawn_xy_half_width_m":1.0,"spawn_stage_index":1,"spawn_num_stages":4,"stage_success_count":0,"stage_termination_count":294,"stage_success_fraction":0.0,"stage_steps_in_stage":507904,"stage_advanced_this_update":false}
step=2,015,232 reward_mean=-6.296 kl=0.00367 clipfrac=0.072 eval={'landed_fraction': 0.0, 'crashed_fraction': 1.0, 'mean_touchdown_speed': nan, 'max_touchdown_speed': nan, 'mean_pad_distance': nan, 'max_pad_distance': nan, 'mean_delta_v_proxy': 17.060089111328125, 'mean_eval_throttle': 0.7882436780797111, 'max_eval_throttle': 0.8858720660209656, 'max_upward_speed': 14.968385696411133, 'max_downward_speed': 6.996659755706787, 'passed': False}
{"type":"train_update","update":124,"global_step":2031616,"wall_s":2786.71,"sps":729.0,"loss":557.250776,"loss_ema":722.319253,"loss_plateau_delta":41.267119,"loss_plateau_count":0,"pg_loss":-0.001326,"v_loss":1114.491344,"entropy":-1.285972,"approx_kl":0.002735,"clipfrac":0.0573,"reward_mean":-4.4567,"reward_std":19.3739,"reward_min":-209.0153,"reward_max":0.4518,"reward_scale":1.0,"throttle_mean":0.7476,"throttle_min":0.0571,"throttle_max":0.9933,"spawn_curriculum_enabled":true,"spawn_curriculum_mode":"staged","spawn_curriculum_progress":0.3333,"spawn_xy_half_width_m":1.0,"spawn_stage_index":1,"spawn_num_stages":4,"stage_success_count":0,"stage_termination_count":150,"stage_success_fraction":0.0,"stage_steps_in_stage":524288,"stage_advanced_this_update":false}
{"type":"train_update","update":125,"global_step":2048000,"wall_s":2793.02,"sps":733.3,"loss":708.208912,"loss_ema":719.497185,"loss_plateau_delta":2.822068,"loss_plateau_count":0,"pg_loss":-0.000867,"v_loss":1416.40675,"entropy":-1.28007,"approx_kl":0.004931,"clipfrac":0.0394,"reward_mean":-6.1421,"reward_std":26.3985,"reward_min":-209.0823,"reward_max":0.567,"reward_scale":1.0,"throttle_mean":0.7395,"throttle_min":0.102,"throttle_max":0.9949,"spawn_curriculum_enabled":true,"spawn_curriculum_mode":"staged","spawn_curriculum_progress":0.3333,"spawn_xy_half_width_m":1.0,"spawn_stage_index":1,"spawn_num_stages":4,"stage_success_count":0,"stage_termination_count":282,"stage_success_fraction":0.0,"stage_steps_in_stage":540672,"stage_advanced_this_update":false}
{"type":"train_update","update":126,"global_step":2064384,"wall_s":2799.33,"sps":737.5,"loss":782.156136,"loss_ema":732.028975,"loss_plateau_delta":12.53179,"loss_plateau_count":0,"pg_loss":-0.001648,"v_loss":1564.302788,"entropy":-1.278181,"approx_kl":0.005186,"clipfrac":0.053,"reward_mean":-6.4123,"reward_std":27.3814,"reward_min":-209.9318,"reward_max":0.7686,"reward_scale":1.0,"throttle_mean":0.7414,"throttle_min":0.0925,"throttle_max":0.9899,"spawn_curriculum_enabled":true,"spawn_curriculum_mode":"staged","spawn_curriculum_progress":0.3333,"spawn_xy_half_width_m":1.0,"spawn_stage_index":1,"spawn_num_stages":4,"stage_success_count":0,"stage_termination_count":304,"stage_success_fraction":0.0,"stage_steps_in_stage":557056,"stage_advanced_this_update":false}
step=2,064,384 reward_mean=-6.412 kl=0.00519 clipfrac=0.053 eval={'landed_fraction': 0.0, 'crashed_fraction': 1.0, 'mean_touchdown_speed': nan, 'max_touchdown_speed': nan, 'mean_pad_distance': nan, 'max_pad_distance': nan, 'mean_delta_v_proxy': 16.721054077148438, 'mean_eval_throttle': 0.7796442306703991, 'max_eval_throttle': 0.8847293853759766, 'max_upward_speed': 15.17839241027832, 'max_downward_speed': 7.411766529083252, 'passed': False}
{"type":"train_update","update":127,"global_step":2080768,"wall_s":2853.52,"sps":729.2,"loss":569.626984,"loss_ema":699.548577,"loss_plateau_delta":32.480398,"loss_plateau_count":0,"pg_loss":-0.000725,"v_loss":1139.242645,"entropy":-1.27655,"approx_kl":0.004992,"clipfrac":0.0466,"reward_mean":-4.6129,"reward_std":20.0688,"reward_min":-210.283,"reward_max":0.4657,"reward_scale":1.0,"throttle_mean":0.738,"throttle_min":0.0873,"throttle_max":0.9905,"spawn_curriculum_enabled":true,"spawn_curriculum_mode":"staged","spawn_curriculum_progress":0.3333,"spawn_xy_half_width_m":1.0,"spawn_stage_index":1,"spawn_num_stages":4,"stage_success_count":0,"stage_termination_count":161,"stage_success_fraction":0.0,"stage_steps_in_stage":573440,"stage_advanced_this_update":false}
{"type":"train_update","update":128,"global_step":2097152,"wall_s":2860.01,"sps":733.3,"loss":690.095398,"loss_ema":697.657941,"loss_plateau_delta":1.890636,"loss_plateau_count":0,"pg_loss":-0.001336,"v_loss":1380.180687,"entropy":-1.278101,"approx_kl":0.004362,"clipfrac":0.0538,"reward_mean":-6.1826,"reward_std":26.666,"reward_min":-210.4426,"reward_max":0.5699,"reward_scale":1.0,"throttle_mean":0.7352,"throttle_min":0.0931,"throttle_max":0.9915,"spawn_curriculum_enabled":true,"spawn_curriculum_mode":"staged","spawn_curriculum_progress":0.3333,"spawn_xy_half_width_m":1.0,"spawn_stage_index":1,"spawn_num_stages":4,"stage_success_count":0,"stage_termination_count":288,"stage_success_fraction":0.0,"stage_steps_in_stage":589824,"stage_advanced_this_update":false}
{"type":"train_update","update":129,"global_step":2113536,"wall_s":2866.95,"sps":737.2,"loss":766.372141,"loss_ema":711.400781,"loss_plateau_delta":13.74284,"loss_plateau_count":0,"pg_loss":-0.001754,"v_loss":1532.735046,"entropy":-1.273838,"approx_kl":0.004103,"clipfrac":0.053,"reward_mean":-6.2734,"reward_std":26.81,"reward_min":-209.765,"reward_max":0.6937,"reward_scale":1.0,"throttle_mean":0.7355,"throttle_min":0.0748,"throttle_max":0.9929,"spawn_curriculum_enabled":true,"spawn_curriculum_mode":"staged","spawn_curriculum_progress":0.3333,"spawn_xy_half_width_m":1.0,"spawn_stage_index":1,"spawn_num_stages":4,"stage_success_count":0,"stage_termination_count":291,"stage_success_fraction":0.0,"stage_steps_in_stage":606208,"stage_advanced_this_update":false}
step=2,113,536 reward_mean=-6.273 kl=0.00410 clipfrac=0.053 eval={'landed_fraction': 0.0, 'crashed_fraction': 1.0, 'mean_touchdown_speed': nan, 'max_touchdown_speed': nan, 'mean_pad_distance': nan, 'max_pad_distance': nan, 'mean_delta_v_proxy': 16.861438751220703, 'mean_eval_throttle': 0.7827894869115618, 'max_eval_throttle': 0.8823095560073853, 'max_upward_speed': 14.593778610229492, 'max_downward_speed': 7.079127311706543, 'passed': False}
{"type":"train_update","update":130,"global_step":2129920,"wall_s":2922.66,"sps":728.8,"loss":527.822849,"loss_ema":674.685195,"loss_plateau_delta":36.715586,"loss_plateau_count":0,"pg_loss":0.000318,"v_loss":1055.632416,"entropy":-1.265483,"approx_kl":0.004903,"clipfrac":0.0727,"reward_mean":-4.4807,"reward_std":19.1741,"reward_min":-209.2547,"reward_max":0.4949,"reward_scale":1.0,"throttle_mean":0.7432,"throttle_min":0.0864,"throttle_max":0.9938,"spawn_curriculum_enabled":true,"spawn_curriculum_mode":"staged","spawn_curriculum_progress":0.3333,"spawn_xy_half_width_m":1.0,"spawn_stage_index":1,"spawn_num_stages":4,"stage_success_count":0,"stage_termination_count":147,"stage_success_fraction":0.0,"stage_steps_in_stage":622592,"stage_advanced_this_update":false}
{"type":"train_update","update":131,"global_step":2146304,"wall_s":2929.31,"sps":732.7,"loss":676.773529,"loss_ema":675.102861,"loss_plateau_delta":0.417667,"loss_plateau_count":0,"pg_loss":0.000685,"v_loss":1353.533112,"entropy":-1.258452,"approx_kl":0.006472,"clipfrac":0.0991,"reward_mean":-6.2799,"reward_std":26.8803,"reward_min":-211.0226,"reward_max":0.8661,"reward_scale":1.0,"throttle_mean":0.7397,"throttle_min":0.0767,"throttle_max":0.9905,"spawn_curriculum_enabled":true,"spawn_curriculum_mode":"staged","spawn_curriculum_progress":0.3333,"spawn_xy_half_width_m":1.0,"spawn_stage_index":1,"spawn_num_stages":4,"stage_success_count":0,"stage_termination_count":292,"stage_success_fraction":0.0,"stage_steps_in_stage":638976,"stage_advanced_this_update":false}
{"type":"train_update","update":132,"global_step":2162688,"wall_s":2935.86,"sps":736.6,"loss":701.11264,"loss_ema":680.304817,"loss_plateau_delta":5.201956,"loss_plateau_count":0,"pg_loss":0.000767,"v_loss":1402.211224,"entropy":-1.251889,"approx_kl":0.003884,"clipfrac":0.0692,"reward_mean":-6.1782,"reward_std":26.5988,"reward_min":-209.64,"reward_max":0.4737,"reward_scale":1.0,"throttle_mean":0.7389,"throttle_min":0.0733,"throttle_max":0.9903,"spawn_curriculum_enabled":true,"spawn_curriculum_mode":"staged","spawn_curriculum_progress":0.3333,"spawn_xy_half_width_m":1.0,"spawn_stage_index":1,"spawn_num_stages":4,"stage_success_count":0,"stage_termination_count":286,"stage_success_fraction":0.0,"stage_steps_in_stage":655360,"stage_advanced_this_update":false}
step=2,162,688 reward_mean=-6.178 kl=0.00388 clipfrac=0.069 eval={'landed_fraction': 0.0, 'crashed_fraction': 1.0, 'mean_touchdown_speed': nan, 'max_touchdown_speed': nan, 'mean_pad_distance': nan, 'max_pad_distance': nan, 'mean_delta_v_proxy': 17.075077056884766, 'mean_eval_throttle': 0.7873250326183108, 'max_eval_throttle': 0.8846850395202637, 'max_upward_speed': 14.463167190551758, 'max_downward_speed': 6.494665145874023, 'passed': False}
{"type":"train_update","update":133,"global_step":2179072,"wall_s":2989.17,"sps":729.0,"loss":516.088006,"loss_ema":647.461455,"loss_plateau_delta":32.843362,"loss_plateau_count":0,"pg_loss":0.001745,"v_loss":1032.160107,"entropy":-1.241989,"approx_kl":0.004965,"clipfrac":0.1198,"reward_mean":-4.5168,"reward_std":19.5073,"reward_min":-209.7573,"reward_max":0.7411,"reward_scale":1.0,"throttle_mean":0.7421,"throttle_min":0.0828,"throttle_max":0.9959,"spawn_curriculum_enabled":true,"spawn_curriculum_mode":"staged","spawn_curriculum_progress":0.3333,"spawn_xy_half_width_m":1.0,"spawn_stage_index":1,"spawn_num_stages":4,"stage_success_count":0,"stage_termination_count":152,"stage_success_fraction":0.0,"stage_steps_in_stage":671744,"stage_advanced_this_update":false}
{"type":"train_update","update":134,"global_step":2195456,"wall_s":2996.67,"sps":732.6,"loss":625.673904,"loss_ema":643.103945,"loss_plateau_delta":4.35751,"loss_plateau_count":0,"pg_loss":-5.6e-05,"v_loss":1251.335541,"entropy":-1.238247,"approx_kl":0.004179,"clipfrac":0.077,"reward_mean":-6.1013,"reward_std":26.2553,"reward_min":-209.6202,"reward_max":0.633,"reward_scale":1.0,"throttle_mean":0.74,"throttle_min":0.0721,"throttle_max":0.9925,"spawn_curriculum_enabled":true,"spawn_curriculum_mode":"staged","spawn_curriculum_progress":0.3333,"spawn_xy_half_width_m":1.0,"spawn_stage_index":1,"spawn_num_stages":4,"stage_success_count":0,"stage_termination_count":279,"stage_success_fraction":0.0,"stage_steps_in_stage":688128,"stage_advanced_this_update":false}
{"type":"train_update","update":135,"global_step":2211840,"wall_s":3003.13,"sps":736.5,"loss":693.68741,"loss_ema":653.220638,"loss_plateau_delta":10.116693,"loss_plateau_count":0,"pg_loss":-0.000241,"v_loss":1387.362919,"entropy":-1.238612,"approx_kl":0.003483,"clipfrac":0.0568,"reward_mean":-6.3597,"reward_std":27.1315,"reward_min":-208.9335,"reward_max":0.7932,"reward_scale":1.0,"throttle_mean":0.7404,"throttle_min":0.0967,"throttle_max":0.9912,"spawn_curriculum_enabled":true,"spawn_curriculum_mode":"staged","spawn_curriculum_progress":0.3333,"spawn_xy_half_width_m":1.0,"spawn_stage_index":1,"spawn_num_stages":4,"stage_success_count":0,"stage_termination_count":298,"stage_success_fraction":0.0,"stage_steps_in_stage":704512,"stage_advanced_this_update":false}
step=2,211,840 reward_mean=-6.360 kl=0.00348 clipfrac=0.057 eval={'landed_fraction': 0.0, 'crashed_fraction': 1.0, 'mean_touchdown_speed': nan, 'max_touchdown_speed': nan, 'mean_pad_distance': nan, 'max_pad_distance': nan, 'mean_delta_v_proxy': 17.350608825683594, 'mean_eval_throttle': 0.7939404893583721, 'max_eval_throttle': 0.8900579214096069, 'max_upward_speed': 14.509511947631836, 'max_downward_speed': 6.519044399261475, 'passed': False}
{"type":"train_update","update":136,"global_step":2228224,"wall_s":3056.03,"sps":729.1,"loss":520.283455,"loss_ema":626.633201,"loss_plateau_delta":26.587437,"loss_plateau_count":0,"pg_loss":-0.000952,"v_loss":1040.556486,"entropy":-1.232498,"approx_kl":0.003535,"clipfrac":0.0418,"reward_mean":-4.6238,"reward_std":19.9331,"reward_min":-208.7995,"reward_max":0.8866,"reward_scale":1.0,"throttle_mean":0.7441,"throttle_min":0.0799,"throttle_max":0.993,"spawn_curriculum_enabled":true,"spawn_curriculum_mode":"staged","spawn_curriculum_progress":0.3333,"spawn_xy_half_width_m":1.0,"spawn_stage_index":1,"spawn_num_stages":4,"stage_success_count":0,"stage_termination_count":159,"stage_success_fraction":0.0,"stage_steps_in_stage":720896,"stage_advanced_this_update":false}
{"type":"train_update","update":137,"global_step":2244608,"wall_s":3063.75,"sps":732.6,"loss":627.244234,"loss_ema":626.755408,"loss_plateau_delta":0.122207,"loss_plateau_count":0,"pg_loss":-0.001023,"v_loss":1254.478184,"entropy":-1.232543,"approx_kl":0.006821,"clipfrac":0.0657,"reward_mean":-6.1971,"reward_std":26.6173,"reward_min":-209.8517,"reward_max":0.6726,"reward_scale":1.0,"throttle_mean":0.7396,"throttle_min":0.0975,"throttle_max":0.9912,"spawn_curriculum_enabled":true,"spawn_curriculum_mode":"staged","spawn_curriculum_progress":0.3333,"spawn_xy_half_width_m":1.0,"spawn_stage_index":1,"spawn_num_stages":4,"stage_success_count":0,"stage_termination_count":286,"stage_success_fraction":0.0,"stage_steps_in_stage":737280,"stage_advanced_this_update":false}
{"type":"train_update","update":138,"global_step":2260992,"wall_s":3070.26,"sps":736.4,"loss":673.882887,"loss_ema":636.180904,"loss_plateau_delta":9.425496,"loss_plateau_count":0,"pg_loss":-0.000323,"v_loss":1347.754135,"entropy":-1.228773,"approx_kl":0.005147,"clipfrac":0.0463,"reward_mean":-6.3226,"reward_std":27.1013,"reward_min":-210.9699,"reward_max":0.6078,"reward_scale":1.0,"throttle_mean":0.7422,"throttle_min":0.062,"throttle_max":0.9909,"spawn_curriculum_enabled":true,"spawn_curriculum_mode":"staged","spawn_curriculum_progress":0.3333,"spawn_xy_half_width_m":1.0,"spawn_stage_index":1,"spawn_num_stages":4,"stage_success_count":0,"stage_termination_count":297,"stage_success_fraction":0.0,"stage_steps_in_stage":753664,"stage_advanced_this_update":false}
step=2,260,992 reward_mean=-6.323 kl=0.00515 clipfrac=0.046 eval={'landed_fraction': 0.0, 'crashed_fraction': 1.0, 'mean_touchdown_speed': nan, 'max_touchdown_speed': nan, 'mean_pad_distance': nan, 'max_pad_distance': nan, 'mean_delta_v_proxy': 17.0725040435791, 'mean_eval_throttle': 0.7895948539177576, 'max_eval_throttle': 0.8986283540725708, 'max_upward_speed': 15.14778995513916, 'max_downward_speed': 6.103243350982666, 'passed': False}
{"type":"train_update","update":139,"global_step":2277376,"wall_s":3123.6,"sps":729.1,"loss":467.319939,"loss_ema":602.408711,"loss_plateau_delta":33.772193,"loss_plateau_count":0,"pg_loss":-0.000464,"v_loss":934.628559,"entropy":-1.224852,"approx_kl":0.005226,"clipfrac":0.0605,"reward_mean":-4.4277,"reward_std":19.2622,"reward_min":-210.7098,"reward_max":0.7768,"reward_scale":1.0,"throttle_mean":0.7418,"throttle_min":0.0384,"throttle_max":0.991,"spawn_curriculum_enabled":true,"spawn_curriculum_mode":"staged","spawn_curriculum_progress":0.3333,"spawn_xy_half_width_m":1.0,"spawn_stage_index":1,"spawn_num_stages":4,"stage_success_count":0,"stage_termination_count":148,"stage_success_fraction":0.0,"stage_steps_in_stage":770048,"stage_advanced_this_update":false}
{"type":"train_update","update":140,"global_step":2293760,"wall_s":3130.38,"sps":732.7,"loss":573.078939,"loss_ema":596.542756,"loss_plateau_delta":5.865954,"loss_plateau_count":0,"pg_loss":-0.001731,"v_loss":1146.149178,"entropy":-1.216383,"approx_kl":0.004446,"clipfrac":0.0485,"reward_mean":-6.1155,"reward_std":26.5028,"reward_min":-209.1872,"reward_max":0.7557,"reward_scale":1.0,"throttle_mean":0.7396,"throttle_min":0.0715,"throttle_max":0.994,"spawn_curriculum_enabled":true,"spawn_curriculum_mode":"staged","spawn_curriculum_progress":0.3333,"spawn_xy_half_width_m":1.0,"spawn_stage_index":1,"spawn_num_stages":4,"stage_success_count":0,"stage_termination_count":284,"stage_success_fraction":0.0,"stage_steps_in_stage":786432,"stage_advanced_this_update":false}
{"type":"train_update","update":141,"global_step":2310144,"wall_s":3137.74,"sps":736.2,"loss":655.005941,"loss_ema":608.235393,"loss_plateau_delta":11.692637,"loss_plateau_count":0,"pg_loss":-0.000376,"v_loss":1310.00058,"entropy":-1.204934,"approx_kl":0.00568,"clipfrac":0.0609,"reward_mean":-6.3592,"reward_std":27.2768,"reward_min":-209.6976,"reward_max":0.6747,"reward_scale":1.0,"throttle_mean":0.738,"throttle_min":0.0973,"throttle_max":0.9921,"spawn_curriculum_enabled":true,"spawn_curriculum_mode":"staged","spawn_curriculum_progress":0.3333,"spawn_xy_half_width_m":1.0,"spawn_stage_index":1,"spawn_num_stages":4,"stage_success_count":0,"stage_termination_count":301,"stage_success_fraction":0.0,"stage_steps_in_stage":802816,"stage_advanced_this_update":false}
step=2,310,144 reward_mean=-6.359 kl=0.00568 clipfrac=0.061 eval={'landed_fraction': 0.0, 'crashed_fraction': 1.0, 'mean_touchdown_speed': nan, 'max_touchdown_speed': nan, 'mean_pad_distance': nan, 'max_pad_distance': nan, 'mean_delta_v_proxy': 16.59092140197754, 'mean_eval_throttle': 0.7795702385240131, 'max_eval_throttle': 0.8978198766708374, 'max_upward_speed': 15.199735641479492, 'max_downward_speed': 5.7202959060668945, 'passed': False}
{"type":"train_update","update":142,"global_step":2326528,"wall_s":3191.88,"sps":728.9,"loss":479.230171,"loss_ema":582.434349,"loss_plateau_delta":25.801044,"loss_plateau_count":0,"pg_loss":0.000849,"v_loss":958.446701,"entropy":-1.194356,"approx_kl":0.007949,"clipfrac":0.1142,"reward_mean":-4.659,"reward_std":20.5946,"reward_min":-210.7197,"reward_max":0.422,"reward_scale":1.0,"throttle_mean":0.7344,"throttle_min":0.0655,"throttle_max":0.9947,"spawn_curriculum_enabled":true,"spawn_curriculum_mode":"staged","spawn_curriculum_progress":0.3333,"spawn_xy_half_width_m":1.0,"spawn_stage_index":1,"spawn_num_stages":4,"stage_success_count":0,"stage_termination_count":170,"stage_success_fraction":0.0,"stage_steps_in_stage":819200,"stage_advanced_this_update":false}
{"type":"train_update","update":143,"global_step":2342912,"wall_s":3197.78,"sps":732.7,"loss":586.236994,"loss_ema":583.194878,"loss_plateau_delta":0.760529,"loss_plateau_count":0,"pg_loss":-0.001152,"v_loss":1172.464397,"entropy":-1.190096,"approx_kl":0.007472,"clipfrac":0.0666,"reward_mean":-6.1752,"reward_std":26.6169,"reward_min":-210.7712,"reward_max":0.4806,"reward_scale":1.0,"throttle_mean":0.7376,"throttle_min":0.0427,"throttle_max":0.9959,"spawn_curriculum_enabled":true,"spawn_curriculum_mode":"staged","spawn_curriculum_progress":0.3333,"spawn_xy_half_width_m":1.0,"spawn_stage_index":1,"spawn_num_stages":4,"stage_success_count":0,"stage_termination_count":286,"stage_success_fraction":0.0,"stage_steps_in_stage":835584,"stage_advanced_this_update":false}
{"type":"train_update","update":144,"global_step":2359296,"wall_s":3206.0,"sps":735.9,"loss":643.215889,"loss_ema":595.19908,"loss_plateau_delta":12.004202,"loss_plateau_count":0,"pg_loss":-0.00129,"v_loss":1286.422512,"entropy":-1.184091,"approx_kl":0.005784,"clipfrac":0.0627,"reward_mean":-6.2716,"reward_std":26.8895,"reward_min":-209.6242,"reward_max":0.781,"reward_scale":1.0,"throttle_mean":0.7467,"throttle_min":0.1144,"throttle_max":0.9927,"spawn_curriculum_enabled":true,"spawn_curriculum_mode":"staged","spawn_curriculum_progress":0.3333,"spawn_xy_half_width_m":1.0,"spawn_stage_index":1,"spawn_num_stages":4,"stage_success_count":0,"stage_termination_count":292,"stage_success_fraction":0.0,"stage_steps_in_stage":851968,"stage_advanced_this_update":false}
step=2,359,296 reward_mean=-6.272 kl=0.00578 clipfrac=0.063 eval={'landed_fraction': 0.0, 'crashed_fraction': 1.0, 'mean_touchdown_speed': nan, 'max_touchdown_speed': nan, 'mean_pad_distance': nan, 'max_pad_distance': nan, 'mean_delta_v_proxy': 17.15593910217285, 'mean_eval_throttle': 0.7908565311961704, 'max_eval_throttle': 0.9029943943023682, 'max_upward_speed': 14.535076141357422, 'max_downward_speed': 5.850804805755615, 'passed': False}
{"type":"train_update","update":145,"global_step":2375680,"wall_s":3259.33,"sps":728.9,"loss":432.429813,"loss_ema":562.645227,"loss_plateau_delta":32.553853,"loss_plateau_count":0,"pg_loss":0.001143,"v_loss":864.845491,"entropy":-1.184216,"approx_kl":0.005023,"clipfrac":0.1147,"reward_mean":-4.4254,"reward_std":19.3892,"reward_min":-209.2139,"reward_max":0.8075,"reward_scale":1.0,"throttle_mean":0.7435,"throttle_min":0.0932,"throttle_max":0.993,"spawn_curriculum_enabled":true,"spawn_curriculum_mode":"staged","spawn_curriculum_progress":0.3333,"spawn_xy_half_width_m":1.0,"spawn_stage_index":1,"spawn_num_stages":4,"stage_success_count":0,"stage_termination_count":150,"stage_success_fraction":0.0,"stage_steps_in_stage":868352,"stage_advanced_this_update":false}
{"type":"train_update","update":146,"global_step":2392064,"wall_s":3265.78,"sps":732.5,"loss":561.051153,"loss_ema":562.326412,"loss_plateau_delta":0.318815,"loss_plateau_count":0,"pg_loss":0.000796,"v_loss":1122.08884,"entropy":-1.186807,"approx_kl":0.005574,"clipfrac":0.1026,"reward_mean":-6.1853,"reward_std":26.5754,"reward_min":-210.3364,"reward_max":0.8237,"reward_scale":1.0,"throttle_mean":0.7392,"throttle_min":0.0798,"throttle_max":0.993,"spawn_curriculum_enabled":true,"spawn_curriculum_mode":"staged","spawn_curriculum_progress":0.3333,"spawn_xy_half_width_m":1.0,"spawn_stage_index":1,"spawn_num_stages":4,"stage_success_count":0,"stage_termination_count":285,"stage_success_fraction":0.0,"stage_steps_in_stage":884736,"stage_advanced_this_update":false}
{"type":"train_update","update":147,"global_step":2408448,"wall_s":3273.12,"sps":735.8,"loss":592.575066,"loss_ema":568.376143,"loss_plateau_delta":6.049731,"loss_plateau_count":0,"pg_loss":-0.001062,"v_loss":1185.140377,"entropy":-1.1869,"approx_kl":0.006285,"clipfrac":0.0869,"reward_mean":-6.2001,"reward_std":26.7487,"reward_min":-210.4048,"reward_max":0.7161,"reward_scale":1.0,"throttle_mean":0.744,"throttle_min":0.0753,"throttle_max":0.9967,"spawn_curriculum_enabled":true,"spawn_curriculum_mode":"staged","spawn_curriculum_progress":0.3333,"spawn_xy_half_width_m":1.0,"spawn_stage_index":1,"spawn_num_stages":4,"stage_success_count":0,"stage_termination_count":289,"stage_success_fraction":0.0,"stage_steps_in_stage":901120,"stage_advanced_this_update":false}
step=2,408,448 reward_mean=-6.200 kl=0.00629 clipfrac=0.087 eval={'landed_fraction': 0.0, 'crashed_fraction': 1.0, 'mean_touchdown_speed': nan, 'max_touchdown_speed': nan, 'mean_pad_distance': nan, 'max_pad_distance': nan, 'mean_delta_v_proxy': 17.193918228149414, 'mean_eval_throttle': 0.7884656716717614, 'max_eval_throttle': 0.908094048500061, 'max_upward_speed': 14.713910102844238, 'max_downward_speed': 5.9224934577941895, 'passed': False}
{"type":"train_update","update":148,"global_step":2424832,"wall_s":3326.6,"sps":728.9,"loss":406.410069,"loss_ema":535.982928,"loss_plateau_delta":32.393215,"loss_plateau_count":0,"pg_loss":-0.000322,"v_loss":812.808893,"entropy":-1.188302,"approx_kl":0.005522,"clipfrac":0.0786,"reward_mean":-4.3352,"reward_std":18.9387,"reward_min":-209.6892,"reward_max":0.647,"reward_scale":1.0,"throttle_mean":0.7354,"throttle_min":0.0497,"throttle_max":0.9924,"spawn_curriculum_enabled":true,"spawn_curriculum_mode":"staged","spawn_curriculum_progress":0.3333,"spawn_xy_half_width_m":1.0,"spawn_stage_index":1,"spawn_num_stages":4,"stage_success_count":0,"stage_termination_count":143,"stage_success_fraction":0.0,"stage_steps_in_stage":917504,"stage_advanced_this_update":false}
{"type":"train_update","update":149,"global_step":2441216,"wall_s":3333.02,"sps":732.4,"loss":502.657213,"loss_ema":529.317785,"loss_plateau_delta":6.665143,"loss_plateau_count":0,"pg_loss":-0.000789,"v_loss":1005.304113,"entropy":-1.190076,"approx_kl":0.006503,"clipfrac":0.0634,"reward_mean":-6.0231,"reward_std":26.051,"reward_min":-209.9209,"reward_max":0.6221,"reward_scale":1.0,"throttle_mean":0.7294,"throttle_min":0.0763,"throttle_max":0.992,"spawn_curriculum_enabled":true,"spawn_curriculum_mode":"staged","spawn_curriculum_progress":0.3333,"spawn_xy_half_width_m":1.0,"spawn_stage_index":1,"spawn_num_stages":4,"stage_success_count":0,"stage_termination_count":274,"stage_success_fraction":0.0,"stage_steps_in_stage":933888,"stage_advanced_this_update":false}
{"type":"train_update","update":150,"global_step":2457600,"wall_s":3339.05,"sps":736.0,"loss":561.132935,"loss_ema":535.680815,"loss_plateau_delta":6.36303,"loss_plateau_count":0,"pg_loss":-0.001326,"v_loss":1122.256649,"entropy":-1.185842,"approx_kl":0.006152,"clipfrac":0.0538,"reward_mean":-6.337,"reward_std":27.3032,"reward_min":-210.4887,"reward_max":0.7294,"reward_scale":1.0,"throttle_mean":0.7302,"throttle_min":0.0511,"throttle_max":0.993,"spawn_curriculum_enabled":true,"spawn_curriculum_mode":"staged","spawn_curriculum_progress":0.3333,"spawn_xy_half_width_m":1.0,"spawn_stage_index":1,"spawn_num_stages":4,"stage_success_count":0,"stage_termination_count":302,"stage_success_fraction":0.0,"stage_steps_in_stage":950272,"stage_advanced_this_update":false}
step=2,457,600 reward_mean=-6.337 kl=0.00615 clipfrac=0.054 eval={'landed_fraction': 0.0, 'crashed_fraction': 1.0, 'mean_touchdown_speed': nan, 'max_touchdown_speed': nan, 'mean_pad_distance': nan, 'max_pad_distance': nan, 'mean_delta_v_proxy': 16.6593017578125, 'mean_eval_throttle': 0.7782264508803686, 'max_eval_throttle': 0.9126670360565186, 'max_upward_speed': 15.968778610229492, 'max_downward_speed': 5.828369617462158, 'passed': False}
{"type":"train_update","update":151,"global_step":2473984,"wall_s":3393.77,"sps":729.0,"loss":417.909934,"loss_ema":512.126639,"loss_plateau_delta":23.554176,"loss_plateau_count":0,"pg_loss":-0.002036,"v_loss":835.812151,"entropy":-1.17911,"approx_kl":0.004406,"clipfrac":0.0541,"reward_mean":-4.5355,"reward_std":19.9418,"reward_min":-209.2604,"reward_max":0.5563,"reward_scale":1.0,"throttle_mean":0.7304,"throttle_min":0.0794,"throttle_max":0.9937,"spawn_curriculum_enabled":true,"spawn_curriculum_mode":"staged","spawn_curriculum_progress":0.3333,"spawn_xy_half_width_m":1.0,"spawn_stage_index":1,"spawn_num_stages":4,"stage_success_count":0,"stage_termination_count":159,"stage_success_fraction":0.0,"stage_steps_in_stage":966656,"stage_advanced_this_update":false}
{"type":"train_update","update":152,"global_step":2490368,"wall_s":3399.99,"sps":732.5,"loss":497.910418,"loss_ema":509.283395,"loss_plateau_delta":2.843244,"loss_plateau_count":0,"pg_loss":-0.001147,"v_loss":995.811415,"entropy":-1.17124,"approx_kl":0.005668,"clipfrac":0.0628,"reward_mean":-6.055,"reward_std":26.392,"reward_min":-209.9127,"reward_max":0.5991,"reward_scale":1.0,"throttle_mean":0.7241,"throttle_min":0.0661,"throttle_max":0.9941,"spawn_curriculum_enabled":true,"spawn_curriculum_mode":"staged","spawn_curriculum_progress":0.3333,"spawn_xy_half_width_m":1.0,"spawn_stage_index":1,"spawn_num_stages":4,"stage_success_count":0,"stage_termination_count":281,"stage_success_fraction":0.0,"stage_steps_in_stage":983040,"stage_advanced_this_update":false}
{"type":"train_update","update":153,"global_step":2506752,"wall_s":3406.29,"sps":735.9,"loss":557.843801,"loss_ema":518.995476,"loss_plateau_delta":9.712081,"loss_plateau_count":0,"pg_loss":-0.000968,"v_loss":1115.677856,"entropy":-1.168199,"approx_kl":0.006163,"clipfrac":0.0757,"reward_mean":-6.3156,"reward_std":27.2836,"reward_min":-210.5576,"reward_max":0.7862,"reward_scale":1.0,"throttle_mean":0.7292,"throttle_min":0.0862,"throttle_max":0.9944,"spawn_curriculum_enabled":true,"spawn_curriculum_mode":"staged","spawn_curriculum_progress":0.3333,"spawn_xy_half_width_m":1.0,"spawn_stage_index":1,"spawn_num_stages":4,"stage_success_count":0,"stage_termination_count":301,"stage_success_fraction":0.0,"stage_steps_in_stage":999424,"stage_advanced_this_update":false}
step=2,506,752 reward_mean=-6.316 kl=0.00616 clipfrac=0.076 eval={'landed_fraction': 0.0, 'crashed_fraction': 1.0, 'mean_touchdown_speed': nan, 'max_touchdown_speed': nan, 'mean_pad_distance': nan, 'max_pad_distance': nan, 'mean_delta_v_proxy': 16.495332717895508, 'mean_eval_throttle': 0.7744441170824898, 'max_eval_throttle': 0.9107178449630737, 'max_upward_speed': 14.788873672485352, 'max_downward_speed': 5.5633463859558105, 'passed': False}
{"type":"train_update","update":154,"global_step":2523136,"wall_s":3461.29,"sps":729.0,"loss":441.839645,"loss_ema":503.56431,"loss_plateau_delta":15.431166,"loss_plateau_count":0,"pg_loss":-0.001631,"v_loss":883.670872,"entropy":-1.168356,"approx_kl":0.005372,"clipfrac":0.0665,"reward_mean":-4.8703,"reward_std":21.721,"reward_min":-209.1269,"reward_max":0.6154,"reward_scale":1.0,"throttle_mean":0.7288,"throttle_min":0.0821,"throttle_max":0.9945,"spawn_curriculum_enabled":true,"spawn_curriculum_mode":"staged","spawn_curriculum_progress":0.3333,"spawn_xy_half_width_m":1.0,"spawn_stage_index":1,"spawn_num_stages":4,"stage_success_count":0,"stage_termination_count":189,"stage_success_fraction":0.0,"stage_steps_in_stage":1015808,"stage_advanced_this_update":false}
{"type":"train_update","update":155,"global_step":2539520,"wall_s":3467.76,"sps":732.3,"loss":516.68838,"loss_ema":506.189124,"loss_plateau_delta":2.624814,"loss_plateau_count":0,"pg_loss":0.001311,"v_loss":1033.362469,"entropy":-1.168026,"approx_kl":0.006407,"clipfrac":0.1136,"reward_mean":-6.1753,"reward_std":26.8254,"reward_min":-209.6358,"reward_max":0.4483,"reward_scale":1.0,"throttle_mean":0.7285,"throttle_min":0.0487,"throttle_max":0.9966,"spawn_curriculum_enabled":true,"spawn_curriculum_mode":"staged","spawn_curriculum_progress":0.3333,"spawn_xy_half_width_m":1.0,"spawn_stage_index":1,"spawn_num_stages":4,"stage_success_count":0,"stage_termination_count":291,"stage_success_fraction":0.0,"stage_steps_in_stage":1032192,"stage_advanced_this_update":false}
{"type":"train_update","update":156,"global_step":2555904,"wall_s":3474.17,"sps":735.7,"loss":522.617203,"loss_ema":509.47474,"loss_plateau_delta":3.285616,"loss_plateau_count":0,"pg_loss":-0.001098,"v_loss":1045.224861,"entropy":-1.174116,"approx_kl":0.004989,"clipfrac":0.064,"reward_mean":-5.9939,"reward_std":26.2793,"reward_min":-211.1584,"reward_max":0.6895,"reward_scale":1.0,"throttle_mean":0.7277,"throttle_min":0.0705,"throttle_max":0.9922,"spawn_curriculum_enabled":true,"spawn_curriculum_mode":"staged","spawn_curriculum_progress":0.3333,"spawn_xy_half_width_m":1.0,"spawn_stage_index":1,"spawn_num_stages":4,"stage_success_count":0,"stage_termination_count":279,"stage_success_fraction":0.0,"stage_steps_in_stage":1048576,"stage_advanced_this_update":false}
step=2,555,904 reward_mean=-5.994 kl=0.00499 clipfrac=0.064 eval={'landed_fraction': 0.0, 'crashed_fraction': 1.0, 'mean_touchdown_speed': nan, 'max_touchdown_speed': nan, 'mean_pad_distance': nan, 'max_pad_distance': nan, 'mean_delta_v_proxy': 16.90460968017578, 'mean_eval_throttle': 0.7830277982023027, 'max_eval_throttle': 0.908877432346344, 'max_upward_speed': 14.563096046447754, 'max_downward_speed': 6.175201892852783, 'passed': False}
{"type":"train_update","update":157,"global_step":2572288,"wall_s":3527.9,"sps":729.1,"loss":384.050257,"loss_ema":484.389843,"loss_plateau_delta":25.084897,"loss_plateau_count":0,"pg_loss":-0.001532,"v_loss":768.091896,"entropy":-1.168238,"approx_kl":0.00678,"clipfrac":0.0798,"reward_mean":-4.5358,"reward_std":19.9102,"reward_min":-208.3986,"reward_max":0.4318,"reward_scale":1.0,"throttle_mean":0.728,"throttle_min":0.0649,"throttle_max":0.9935,"spawn_curriculum_enabled":true,"spawn_curriculum_mode":"staged","spawn_curriculum_progress":0.3333,"spawn_xy_half_width_m":1.0,"spawn_stage_index":1,"spawn_num_stages":4,"stage_success_count":0,"stage_termination_count":159,"stage_success_fraction":0.0,"stage_steps_in_stage":1064960,"stage_advanced_this_update":false}
{"type":"train_update","update":158,"global_step":2588672,"wall_s":3535.3,"sps":732.2,"loss":490.710403,"loss_ema":485.653955,"loss_plateau_delta":1.264112,"loss_plateau_count":0,"pg_loss":-0.000281,"v_loss":981.409708,"entropy":-1.166495,"approx_kl":0.007385,"clipfrac":0.0858,"reward_mean":-6.3512,"reward_std":27.4685,"reward_min":-209.5941,"reward_max":0.8159,"reward_scale":1.0,"throttle_mean":0.7281,"throttle_min":0.104,"throttle_max":0.9931,"spawn_curriculum_enabled":true,"spawn_curriculum_mode":"staged","spawn_curriculum_progress":0.3333,"spawn_xy_half_width_m":1.0,"spawn_stage_index":1,"spawn_num_stages":4,"stage_success_count":0,"stage_termination_count":305,"stage_success_fraction":0.0,"stage_steps_in_stage":1081344,"stage_advanced_this_update":false}
{"type":"train_update","update":159,"global_step":2605056,"wall_s":3541.75,"sps":735.5,"loss":492.70702,"loss_ema":487.064568,"loss_plateau_delta":1.410613,"loss_plateau_count":0,"pg_loss":-0.001378,"v_loss":985.405106,"entropy":-1.169336,"approx_kl":0.006285,"clipfrac":0.0682,"reward_mean":-6.0481,"reward_std":26.4665,"reward_min":-209.5881,"reward_max":0.6901,"reward_scale":1.0,"throttle_mean":0.73,"throttle_min":0.0476,"throttle_max":0.9958,"spawn_curriculum_enabled":true,"spawn_curriculum_mode":"staged","spawn_curriculum_progress":0.3333,"spawn_xy_half_width_m":1.0,"spawn_stage_index":1,"spawn_num_stages":4,"stage_success_count":0,"stage_termination_count":283,"stage_success_fraction":0.0,"stage_steps_in_stage":1097728,"stage_advanced_this_update":false}
step=2,605,056 reward_mean=-6.048 kl=0.00628 clipfrac=0.068 eval={'landed_fraction': 0.0, 'crashed_fraction': 1.0, 'mean_touchdown_speed': nan, 'max_touchdown_speed': nan, 'mean_pad_distance': nan, 'max_pad_distance': nan, 'mean_delta_v_proxy': 16.628082275390625, 'mean_eval_throttle': 0.775748496916559, 'max_eval_throttle': 0.909952700138092, 'max_upward_speed': 14.925646781921387, 'max_downward_speed': 5.811671733856201, 'passed': False}
{"type":"train_update","update":160,"global_step":2621440,"wall_s":3594.67,"sps":729.3,"loss":376.345121,"loss_ema":464.920679,"loss_plateau_delta":22.143889,"loss_plateau_count":0,"pg_loss":-0.001467,"v_loss":752.681498,"entropy":-1.16808,"approx_kl":0.00736,"clipfrac":0.0652,"reward_mean":-4.5788,"reward_std":20.1039,"reward_min":-209.4511,"reward_max":0.4566,"reward_scale":1.0,"throttle_mean":0.7307,"throttle_min":0.0648,"throttle_max":0.9939,"spawn_curriculum_enabled":true,"spawn_curriculum_mode":"staged","spawn_curriculum_progress":0.3333,"spawn_xy_half_width_m":1.0,"spawn_stage_index":1,"spawn_num_stages":4,"stage_success_count":0,"stage_termination_count":162,"stage_success_fraction":0.0,"stage_steps_in_stage":1114112,"stage_advanced_this_update":false}
{"type":"train_update","update":161,"global_step":2637824,"wall_s":3602.91,"sps":732.1,"loss":464.212025,"loss_ema":464.778948,"loss_plateau_delta":0.141731,"loss_plateau_count":0,"pg_loss":-0.002082,"v_loss":928.416588,"entropy":-1.162163,"approx_kl":0.00692,"clipfrac":0.0724,"reward_mean":-6.2407,"reward_std":27.1026,"reward_min":-211.0221,"reward_max":0.8185,"reward_scale":1.0,"throttle_mean":0.7295,"throttle_min":0.0619,"throttle_max":0.994,"spawn_curriculum_enabled":true,"spawn_curriculum_mode":"staged","spawn_curriculum_progress":0.3333,"spawn_xy_half_width_m":1.0,"spawn_stage_index":1,"spawn_num_stages":4,"stage_success_count":0,"stage_termination_count":297,"stage_success_fraction":0.0,"stage_steps_in_stage":1130496,"stage_advanced_this_update":false}
{"type":"train_update","update":162,"global_step":2654208,"wall_s":3609.2,"sps":735.4,"loss":484.5541,"loss_ema":468.733978,"loss_plateau_delta":3.95503,"loss_plateau_count":0,"pg_loss":-0.000161,"v_loss":969.096983,"entropy":-1.153813,"approx_kl":0.005801,"clipfrac":0.0721,"reward_mean":-6.1311,"reward_std":26.6618,"reward_min":-210.0231,"reward_max":1.058,"reward_scale":1.0,"throttle_mean":0.7272,"throttle_min":0.0557,"throttle_max":0.9921,"spawn_curriculum_enabled":true,"spawn_curriculum_mode":"staged","spawn_curriculum_progress":0.3333,"spawn_xy_half_width_m":1.0,"spawn_stage_index":1,"spawn_num_stages":4,"stage_success_count":0,"stage_termination_count":287,"stage_success_fraction":0.0,"stage_steps_in_stage":1146880,"stage_advanced_this_update":false}
step=2,654,208 reward_mean=-6.131 kl=0.00580 clipfrac=0.072 eval={'landed_fraction': 0.0, 'crashed_fraction': 1.0, 'mean_touchdown_speed': nan, 'max_touchdown_speed': nan, 'mean_pad_distance': nan, 'max_pad_distance': nan, 'mean_delta_v_proxy': 16.906696319580078, 'mean_eval_throttle': 0.781894778807958, 'max_eval_throttle': 0.9077234268188477, 'max_upward_speed': 13.646297454833984, 'max_downward_speed': 5.890618324279785, 'passed': False}
{"type":"train_update","update":163,"global_step":2670592,"wall_s":3663.03,"sps":729.1,"loss":373.916889,"loss_ema":449.770561,"loss_plateau_delta":18.963418,"loss_plateau_count":0,"pg_loss":-0.000179,"v_loss":747.822624,"entropy":-1.15122,"approx_kl":0.004835,"clipfrac":0.067,"reward_mean":-4.6511,"reward_std":20.431,"reward_min":-209.9939,"reward_max":0.6812,"reward_scale":1.0,"throttle_mean":0.7349,"throttle_min":0.0466,"throttle_max":0.995,"spawn_curriculum_enabled":true,"spawn_curriculum_mode":"staged","spawn_curriculum_progress":0.3333,"spawn_xy_half_width_m":1.0,"spawn_stage_index":1,"spawn_num_stages":4,"stage_success_count":0,"stage_termination_count":167,"stage_success_fraction":0.0,"stage_steps_in_stage":1163264,"stage_advanced_this_update":false}
{"type":"train_update","update":164,"global_step":2686976,"wall_s":3670.26,"sps":732.1,"loss":450.048514,"loss_ema":449.826151,"loss_plateau_delta":0.055591,"loss_plateau_count":0,"pg_loss":-0.001057,"v_loss":900.087664,"entropy":-1.147858,"approx_kl":0.012017,"clipfrac":0.0842,"reward_mean":-6.1535,"reward_std":26.5891,"reward_min":-209.8504,"reward_max":0.7298,"reward_scale":1.0,"throttle_mean":0.7339,"throttle_min":0.0537,"throttle_max":0.9939,"spawn_curriculum_enabled":true,"spawn_curriculum_mode":"staged","spawn_curriculum_progress":0.3333,"spawn_xy_half_width_m":1.0,"spawn_stage_index":1,"spawn_num_stages":4,"stage_success_count":0,"stage_termination_count":285,"stage_success_fraction":0.0,"stage_steps_in_stage":1179648,"stage_advanced_this_update":false}
{"type":"train_update","update":165,"global_step":2703360,"wall_s":3677.16,"sps":735.2,"loss":476.844748,"loss_ema":455.229871,"loss_plateau_delta":5.403719,"loss_plateau_count":0,"pg_loss":-0.000588,"v_loss":953.679312,"entropy":-1.13541,"approx_kl":0.005521,"clipfrac":0.0553,"reward_mean":-6.2363,"reward_std":26.9341,"reward_min":-211.223,"reward_max":0.4639,"reward_scale":1.0,"throttle_mean":0.7318,"throttle_min":0.0413,"throttle_max":0.995,"spawn_curriculum_enabled":true,"spawn_curriculum_mode":"staged","spawn_curriculum_progress":0.3333,"spawn_xy_half_width_m":1.0,"spawn_stage_index":1,"spawn_num_stages":4,"stage_success_count":0,"stage_termination_count":293,"stage_success_fraction":0.0,"stage_steps_in_stage":1196032,"stage_advanced_this_update":false}
step=2,703,360 reward_mean=-6.236 kl=0.00552 clipfrac=0.055 eval={'landed_fraction': 0.0, 'crashed_fraction': 1.0, 'mean_touchdown_speed': nan, 'max_touchdown_speed': nan, 'mean_pad_distance': nan, 'max_pad_distance': nan, 'mean_delta_v_proxy': 16.40447235107422, 'mean_eval_throttle': 0.7695276502105924, 'max_eval_throttle': 0.910011351108551, 'max_upward_speed': 14.59761905670166, 'max_downward_speed': 5.976404190063477, 'passed': False}
{"type":"train_update","update":166,"global_step":2719744,"wall_s":3731.26,"sps":728.9,"loss":342.505653,"loss_ema":432.685027,"loss_plateau_delta":22.544843,"loss_plateau_count":0,"pg_loss":-0.00041,"v_loss":685.000895,"entropy":-1.123114,"approx_kl":0.004531,"clipfrac":0.0633,"reward_mean":-4.5402,"reward_std":20.0034,"reward_min":-210.1745,"reward_max":0.3579,"reward_scale":1.0,"throttle_mean":0.7298,"throttle_min":0.0713,"throttle_max":0.992,"spawn_curriculum_enabled":true,"spawn_curriculum_mode":"staged","spawn_curriculum_progress":0.3333,"spawn_xy_half_width_m":1.0,"spawn_stage_index":1,"spawn_num_stages":4,"stage_success_count":0,"stage_termination_count":160,"stage_success_fraction":0.0,"stage_steps_in_stage":1212416,"stage_advanced_this_update":false}
{"type":"train_update","update":167,"global_step":2736128,"wall_s":3737.49,"sps":732.1,"loss":402.744451,"loss_ema":426.696912,"loss_plateau_delta":5.988115,"loss_plateau_count":0,"pg_loss":-0.001179,"v_loss":805.480068,"entropy":-1.119043,"approx_kl":0.006649,"clipfrac":0.0518,"reward_mean":-6.1355,"reward_std":26.8615,"reward_min":-209.3458,"reward_max":0.759,"reward_scale":1.0,"throttle_mean":0.7239,"throttle_min":0.0634,"throttle_max":0.9947,"spawn_curriculum_enabled":true,"spawn_curriculum_mode":"staged","spawn_curriculum_progress":0.3333,"spawn_xy_half_width_m":1.0,"spawn_stage_index":1,"spawn_num_stages":4,"stage_success_count":0,"stage_termination_count":292,"stage_success_fraction":0.0,"stage_steps_in_stage":1228800,"stage_advanced_this_update":false}
{"type":"train_update","update":168,"global_step":2752512,"wall_s":3745.19,"sps":734.9,"loss":430.293323,"loss_ema":427.416194,"loss_plateau_delta":0.719282,"loss_plateau_count":0,"pg_loss":-0.001875,"v_loss":860.579174,"entropy":-1.121749,"approx_kl":0.005951,"clipfrac":0.0471,"reward_mean":-6.0616,"reward_std":26.4589,"reward_min":-211.1418,"reward_max":0.9548,"reward_scale":1.0,"throttle_mean":0.7217,"throttle_min":0.0437,"throttle_max":0.9936,"spawn_curriculum_enabled":true,"spawn_curriculum_mode":"staged","spawn_curriculum_progress":0.3333,"spawn_xy_half_width_m":1.0,"spawn_stage_index":1,"spawn_num_stages":4,"stage_success_count":0,"stage_termination_count":283,"stage_success_fraction":0.0,"stage_steps_in_stage":1245184,"stage_advanced_this_update":false}
step=2,752,512 reward_mean=-6.062 kl=0.00595 clipfrac=0.047 eval={'landed_fraction': 0.0, 'crashed_fraction': 1.0, 'mean_touchdown_speed': nan, 'max_touchdown_speed': nan, 'mean_pad_distance': nan, 'max_pad_distance': nan, 'mean_delta_v_proxy': 16.553096771240234, 'mean_eval_throttle': 0.7702238551113341, 'max_eval_throttle': 0.9023959636688232, 'max_upward_speed': 14.205565452575684, 'max_downward_speed': 6.0958476066589355, 'passed': False}
{"type":"train_update","update":169,"global_step":2768896,"wall_s":3798.92,"sps":728.9,"loss":327.432428,"loss_ema":407.419441,"loss_plateau_delta":19.996753,"loss_plateau_count":0,"pg_loss":-0.001053,"v_loss":654.855774,"entropy":-1.119168,"approx_kl":0.005947,"clipfrac":0.0722,"reward_mean":-4.5801,"reward_std":20.1883,"reward_min":-211.2677,"reward_max":0.703,"reward_scale":1.0,"throttle_mean":0.7287,"throttle_min":0.0684,"throttle_max":0.9933,"spawn_curriculum_enabled":true,"spawn_curriculum_mode":"staged","spawn_curriculum_progress":0.3333,"spawn_xy_half_width_m":1.0,"spawn_stage_index":1,"spawn_num_stages":4,"stage_success_count":0,"stage_termination_count":163,"stage_success_fraction":0.0,"stage_steps_in_stage":1261568,"stage_advanced_this_update":false}
{"type":"train_update","update":170,"global_step":2785280,"wall_s":3805.09,"sps":732.0,"loss":387.232908,"loss_ema":403.382134,"loss_plateau_delta":4.037307,"loss_plateau_count":0,"pg_loss":0.000347,"v_loss":774.453957,"entropy":-1.116945,"approx_kl":0.004987,"clipfrac":0.0884,"reward_mean":-6.0656,"reward_std":26.4227,"reward_min":-211.5392,"reward_max":0.7755,"reward_scale":1.0,"throttle_mean":0.7235,"throttle_min":0.0627,"throttle_max":0.9933,"spawn_curriculum_enabled":true,"spawn_curriculum_mode":"staged","spawn_curriculum_progress":0.3333,"spawn_xy_half_width_m":1.0,"spawn_stage_index":1,"spawn_num_stages":4,"stage_success_count":0,"stage_termination_count":282,"stage_success_fraction":0.0,"stage_steps_in_stage":1277952,"stage_advanced_this_update":false}
{"type":"train_update","update":171,"global_step":2801664,"wall_s":3813.0,"sps":734.8,"loss":421.460339,"loss_ema":406.997775,"loss_plateau_delta":3.615641,"loss_plateau_count":0,"pg_loss":-0.00126,"v_loss":842.912033,"entropy":-1.116478,"approx_kl":0.005373,"clipfrac":0.057,"reward_mean":-6.2349,"reward_std":27.0924,"reward_min":-211.3781,"reward_max":0.9802,"reward_scale":1.0,"throttle_mean":0.7239,"throttle_min":0.07,"throttle_max":0.9927,"spawn_curriculum_enabled":true,"spawn_curriculum_mode":"staged","spawn_curriculum_progress":0.3333,"spawn_xy_half_width_m":1.0,"spawn_stage_index":1,"spawn_num_stages":4,"stage_success_count":0,"stage_termination_count":297,"stage_success_fraction":0.0,"stage_steps_in_stage":1294336,"stage_advanced_this_update":false}
step=2,801,664 reward_mean=-6.235 kl=0.00537 clipfrac=0.057 eval={'landed_fraction': 0.0, 'crashed_fraction': 1.0, 'mean_touchdown_speed': nan, 'max_touchdown_speed': nan, 'mean_pad_distance': nan, 'max_pad_distance': nan, 'mean_delta_v_proxy': 16.05180549621582, 'mean_eval_throttle': 0.7579702764749527, 'max_eval_throttle': 0.903569221496582, 'max_upward_speed': 14.558423042297363, 'max_downward_speed': 5.98307466506958, 'passed': False}
{"type":"train_update","update":172,"global_step":2818048,"wall_s":3866.97,"sps":728.7,"loss":319.02562,"loss_ema":389.403344,"loss_plateau_delta":17.594431,"loss_plateau_count":0,"pg_loss":-0.00038,"v_loss":638.040863,"entropy":-1.11407,"approx_kl":0.005775,"clipfrac":0.0779,"reward_mean":-4.6099,"reward_std":20.4163,"reward_min":-211.1942,"reward_max":0.691,"reward_scale":1.0,"throttle_mean":0.7163,"throttle_min":0.0496,"throttle_max":0.9916,"spawn_curriculum_enabled":true,"spawn_curriculum_mode":"staged","spawn_curriculum_progress":0.3333,"spawn_xy_half_width_m":1.0,"spawn_stage_index":1,"spawn_num_stages":4,"stage_success_count":0,"stage_termination_count":167,"stage_success_fraction":0.0,"stage_steps_in_stage":1310720,"stage_advanced_this_update":false}
{"type":"train_update","update":173,"global_step":2834432,"wall_s":3873.33,"sps":731.8,"loss":391.699128,"loss_ema":389.862501,"loss_plateau_delta":0.459157,"loss_plateau_count":0,"pg_loss":-0.000487,"v_loss":783.388086,"entropy":-1.114346,"approx_kl":0.005178,"clipfrac":0.0824,"reward_mean":-6.2035,"reward_std":26.7255,"reward_min":-210.6432,"reward_max":0.5811,"reward_scale":1.0,"throttle_mean":0.7221,"throttle_min":0.0533,"throttle_max":0.9921,"spawn_curriculum_enabled":true,"spawn_curriculum_mode":"staged","spawn_curriculum_progress":0.3333,"spawn_xy_half_width_m":1.0,"spawn_stage_index":1,"spawn_num_stages":4,"stage_success_count":0,"stage_termination_count":289,"stage_success_fraction":0.0,"stage_steps_in_stage":1327104,"stage_advanced_this_update":false}
{"type":"train_update","update":174,"global_step":2850816,"wall_s":3880.42,"sps":734.7,"loss":395.846344,"loss_ema":391.05927,"loss_plateau_delta":1.196769,"loss_plateau_count":0,"pg_loss":-0.001394,"v_loss":791.684402,"entropy":-1.107058,"approx_kl":0.004874,"clipfrac":0.065,"reward_mean":-6.139,"reward_std":26.799,"reward_min":-209.9737,"reward_max":0.6675,"reward_scale":1.0,"throttle_mean":0.7128,"throttle_min":0.0543,"throttle_max":0.9899,"spawn_curriculum_enabled":true,"spawn_curriculum_mode":"staged","spawn_curriculum_progress":0.3333,"spawn_xy_half_width_m":1.0,"spawn_stage_index":1,"spawn_num_stages":4,"stage_success_count":0,"stage_termination_count":291,"stage_success_fraction":0.0,"stage_steps_in_stage":1343488,"stage_advanced_this_update":false}
step=2,850,816 reward_mean=-6.139 kl=0.00487 clipfrac=0.065 eval={'landed_fraction': 0.0, 'crashed_fraction': 1.0, 'mean_touchdown_speed': nan, 'max_touchdown_speed': nan, 'mean_pad_distance': nan, 'max_pad_distance': nan, 'mean_delta_v_proxy': 16.1125431060791, 'mean_eval_throttle': 0.7573800918128756, 'max_eval_throttle': 0.9103034138679504, 'max_upward_speed': 14.22055435180664, 'max_downward_speed': 6.213695049285889, 'passed': False}
{"type":"train_update","update":175,"global_step":2867200,"wall_s":3934.68,"sps":728.7,"loss":289.725283,"loss_ema":370.792472,"loss_plateau_delta":20.266797,"loss_plateau_count":0,"pg_loss":-0.000313,"v_loss":579.440189,"entropy":-1.100335,"approx_kl":0.004368,"clipfrac":0.045,"reward_mean":-4.4531,"reward_std":19.7443,"reward_min":-209.1501,"reward_max":0.3787,"reward_scale":1.0,"throttle_mean":0.7114,"throttle_min":0.0843,"throttle_max":0.9956,"spawn_curriculum_enabled":true,"spawn_curriculum_mode":"staged","spawn_curriculum_progress":0.3333,"spawn_xy_half_width_m":1.0,"spawn_stage_index":1,"spawn_num_stages":4,"stage_success_count":0,"stage_termination_count":156,"stage_success_fraction":0.0,"stage_steps_in_stage":1359872,"stage_advanced_this_update":false}
{"type":"train_update","update":176,"global_step":2883584,"wall_s":3941.38,"sps":731.6,"loss":339.433571,"loss_ema":364.520692,"loss_plateau_delta":6.27178,"loss_plateau_count":0,"pg_loss":-0.002213,"v_loss":678.860649,"entropy":-1.091817,"approx_kl":0.005882,"clipfrac":0.0601,"reward_mean":-5.996,"reward_std":26.3869,"reward_min":-210.1494,"reward_max":0.3449,"reward_scale":1.0,"throttle_mean":0.71,"throttle_min":0.0547,"throttle_max":0.995,"spawn_curriculum_enabled":true,"spawn_curriculum_mode":"staged","spawn_curriculum_progress":0.3333,"spawn_xy_half_width_m":1.0,"spawn_stage_index":1,"spawn_num_stages":4,"stage_success_count":0,"stage_termination_count":282,"stage_success_fraction":0.0,"stage_steps_in_stage":1376256,"stage_advanced_this_update":false}
{"type":"train_update","update":177,"global_step":2899968,"wall_s":3947.36,"sps":734.7,"loss":385.700604,"loss_ema":368.756674,"loss_plateau_delta":4.235983,"loss_plateau_count":0,"pg_loss":0.000396,"v_loss":771.38958,"entropy":-1.083659,"approx_kl":0.005816,"clipfrac":0.0705,"reward_mean":-6.2636,"reward_std":27.1419,"reward_min":-210.2437,"reward_max":0.786,"reward_scale":1.0,"throttle_mean":0.7122,"throttle_min":0.0313,"throttle_max":0.9952,"spawn_curriculum_enabled":true,"spawn_curriculum_mode":"staged","spawn_curriculum_progress":0.3333,"spawn_xy_half_width_m":1.0,"spawn_stage_index":1,"spawn_num_stages":4,"stage_success_count":0,"stage_termination_count":298,"stage_success_fraction":0.0,"stage_steps_in_stage":1392640,"stage_advanced_this_update":false}
{"type":"train_update","update":178,"global_step":2916352,"wall_s":3955.61,"sps":737.3,"loss":376.080709,"loss_ema":370.221481,"loss_plateau_delta":1.464807,"loss_plateau_count":0,"pg_loss":7.1e-05,"v_loss":752.150467,"entropy":-1.080482,"approx_kl":0.004487,"clipfrac":0.078,"reward_mean":-5.9601,"reward_std":26.1339,"reward_min":-209.9106,"reward_max":0.7304,"reward_scale":1.0,"throttle_mean":0.7182,"throttle_min":0.0436,"throttle_max":0.9917,"spawn_curriculum_enabled":true,"spawn_curriculum_mode":"staged","spawn_curriculum_progress":0.3333,"spawn_xy_half_width_m":1.0,"spawn_stage_index":1,"spawn_num_stages":4,"stage_success_count":0,"stage_termination_count":276,"stage_success_fraction":0.0,"stage_steps_in_stage":1409024,"stage_advanced_this_update":false}
step=2,916,352 reward_mean=-5.960 kl=0.00449 clipfrac=0.078 eval={'landed_fraction': 0.0, 'crashed_fraction': 1.0, 'mean_touchdown_speed': nan, 'max_touchdown_speed': nan, 'mean_pad_distance': nan, 'max_pad_distance': nan, 'mean_delta_v_proxy': 16.262041091918945, 'mean_eval_throttle': 0.7629080648554696, 'max_eval_throttle': 0.9041427373886108, 'max_upward_speed': 14.53421688079834, 'max_downward_speed': 6.141254425048828, 'passed': False}
{"type":"train_update","update":179,"global_step":2932736,"wall_s":4008.45,"sps":731.6,"loss":273.71507,"loss_ema":350.920199,"loss_plateau_delta":19.301282,"loss_plateau_count":0,"pg_loss":-0.001565,"v_loss":547.422516,"entropy":-1.075025,"approx_kl":0.005844,"clipfrac":0.0709,"reward_mean":-4.4281,"reward_std":19.6202,"reward_min":-210.2279,"reward_max":0.7518,"reward_scale":1.0,"throttle_mean":0.7178,"throttle_min":0.0639,"throttle_max":0.993,"spawn_curriculum_enabled":true,"spawn_curriculum_mode":"staged","spawn_curriculum_progress":0.3333,"spawn_xy_half_width_m":1.0,"spawn_stage_index":1,"spawn_num_stages":4,"stage_success_count":0,"stage_termination_count":154,"stage_success_fraction":0.0,"stage_steps_in_stage":1425408,"stage_advanced_this_update":false}
{"type":"train_update","update":180,"global_step":2949120,"wall_s":4014.75,"sps":734.6,"loss":340.965488,"loss_ema":348.929257,"loss_plateau_delta":1.990942,"loss_plateau_count":0,"pg_loss":-0.000557,"v_loss":681.921368,"entropy":-1.0725,"approx_kl":0.005655,"clipfrac":0.0649,"reward_mean":-6.1793,"reward_std":26.8501,"reward_min":-209.6671,"reward_max":0.7342,"reward_scale":1.0,"throttle_mean":0.7154,"throttle_min":0.0543,"throttle_max":0.9952,"spawn_curriculum_enabled":true,"spawn_curriculum_mode":"staged","spawn_curriculum_progress":0.3333,"spawn_xy_half_width_m":1.0,"spawn_stage_index":1,"spawn_num_stages":4,"stage_success_count":0,"stage_termination_count":292,"stage_success_fraction":0.0,"stage_steps_in_stage":1441792,"stage_advanced_this_update":false}
{"type":"train_update","update":181,"global_step":2965504,"wall_s":4022.45,"sps":737.2,"loss":353.316982,"loss_ema":349.806802,"loss_plateau_delta":0.877545,"loss_plateau_count":0,"pg_loss":-0.001683,"v_loss":706.626717,"entropy":-1.061448,"approx_kl":0.005577,"clipfrac":0.0515,"reward_mean":-6.1167,"reward_std":26.6554,"reward_min":-210.6318,"reward_max":0.2471,"reward_scale":1.0,"throttle_mean":0.7242,"throttle_min":0.0542,"throttle_max":0.994,"spawn_curriculum_enabled":true,"spawn_curriculum_mode":"staged","spawn_curriculum_progress":0.3333,"spawn_xy_half_width_m":1.0,"spawn_stage_index":1,"spawn_num_stages":4,"stage_success_count":0,"stage_termination_count":288,"stage_success_fraction":0.0,"stage_steps_in_stage":1458176,"stage_advanced_this_update":false}
step=2,965,504 reward_mean=-6.117 kl=0.00558 clipfrac=0.051 eval={'landed_fraction': 0.0, 'crashed_fraction': 1.0, 'mean_touchdown_speed': nan, 'max_touchdown_speed': nan, 'mean_pad_distance': nan, 'max_pad_distance': nan, 'mean_delta_v_proxy': 16.195871353149414, 'mean_eval_throttle': 0.7596051689651278, 'max_eval_throttle': 0.9058189392089844, 'max_upward_speed': 13.453140258789062, 'max_downward_speed': 6.33258056640625, 'passed': False}
{"type":"train_update","update":182,"global_step":2981888,"wall_s":4076.19,"sps":731.5,"loss":274.51638,"loss_ema":334.748718,"loss_plateau_delta":15.058084,"loss_plateau_count":0,"pg_loss":-0.001328,"v_loss":549.024902,"entropy":-1.051834,"approx_kl":0.004696,"clipfrac":0.064,"reward_mean":-4.558,"reward_std":20.1771,"reward_min":-210.9604,"reward_max":0.7461,"reward_scale":1.0,"throttle_mean":0.7135,"throttle_min":0.0499,"throttle_max":0.9932,"spawn_curriculum_enabled":true,"spawn_curriculum_mode":"staged","spawn_curriculum_progress":0.3333,"spawn_xy_half_width_m":1.0,"spawn_stage_index":1,"spawn_num_stages":4,"stage_success_count":0,"stage_termination_count":163,"stage_success_fraction":0.0,"stage_steps_in_stage":1474560,"stage_advanced_this_update":false}
{"type":"train_update","update":183,"global_step":2998272,"wall_s":4082.7,"sps":734.4,"loss":321.449377,"loss_ema":332.088849,"loss_plateau_delta":2.659868,"loss_plateau_count":0,"pg_loss":0.000556,"v_loss":642.887125,"entropy":-1.051941,"approx_kl":0.007157,"clipfrac":0.0895,"reward_mean":-6.0388,"reward_std":26.4008,"reward_min":-210.0966,"reward_max":0.5397,"reward_scale":1.0,"throttle_mean":0.7136,"throttle_min":0.0462,"throttle_max":0.9941,"spawn_curriculum_enabled":true,"spawn_curriculum_mode":"staged","spawn_curriculum_progress":0.3333,"spawn_xy_half_width_m":1.0,"spawn_stage_index":1,"spawn_num_stages":4,"stage_success_count":0,"stage_termination_count":282,"stage_success_fraction":0.0,"stage_steps_in_stage":1490944,"stage_advanced_this_update":false}
[curriculum] advanced to stage 2/3: xy_half_width=1.50 m (success_fraction at advance was based on prior stage's window)
{"type":"train_update","update":184,"global_step":3014656,"wall_s":4089.29,"sps":737.2,"loss":340.607533,"loss_ema":333.792586,"loss_plateau_delta":1.703737,"loss_plateau_count":0,"pg_loss":-0.000888,"v_loss":681.206316,"entropy":-1.052641,"approx_kl":0.006161,"clipfrac":0.0736,"reward_mean":-6.0309,"reward_std":26.3536,"reward_min":-209.8835,"reward_max":0.5872,"reward_scale":1.0,"throttle_mean":0.7237,"throttle_min":0.0684,"throttle_max":0.995,"spawn_curriculum_enabled":true,"spawn_curriculum_mode":"staged","spawn_curriculum_progress":0.6667,"spawn_xy_half_width_m":1.5,"spawn_stage_index":2,"spawn_num_stages":4,"stage_success_count":0,"stage_termination_count":281,"stage_success_fraction":0.0,"stage_steps_in_stage":0,"stage_advanced_this_update":true}
step=3,014,656 reward_mean=-6.031 kl=0.00616 clipfrac=0.074 eval={'landed_fraction': 0.0, 'crashed_fraction': 1.0, 'mean_touchdown_speed': nan, 'max_touchdown_speed': nan, 'mean_pad_distance': nan, 'max_pad_distance': nan, 'mean_delta_v_proxy': 15.833580017089844, 'mean_eval_throttle': 0.7517170491483477, 'max_eval_throttle': 0.9069626927375793, 'max_upward_speed': 13.53818130493164, 'max_downward_speed': 5.789572715759277, 'passed': False}
{"type":"train_update","update":185,"global_step":3031040,"wall_s":4143.62,"sps":731.5,"loss":275.608541,"loss_ema":322.155777,"loss_plateau_delta":11.636809,"loss_plateau_count":0,"pg_loss":-0.000674,"v_loss":551.207956,"entropy":-1.04724,"approx_kl":0.005559,"clipfrac":0.0652,"reward_mean":-4.7385,"reward_std":21.3104,"reward_min":-209.6299,"reward_max":0.8753,"reward_scale":1.0,"throttle_mean":0.708,"throttle_min":0.0328,"throttle_max":0.9937,"spawn_curriculum_enabled":true,"spawn_curriculum_mode":"staged","spawn_curriculum_progress":0.6667,"spawn_xy_half_width_m":1.5,"spawn_stage_index":2,"spawn_num_stages":4,"stage_success_count":0,"stage_termination_count":182,"stage_success_fraction":0.0,"stage_steps_in_stage":16384,"stage_advanced_this_update":false}
{"type":"train_update","update":186,"global_step":3047424,"wall_s":4150.03,"sps":734.3,"loss":314.703672,"loss_ema":320.665356,"loss_plateau_delta":1.490421,"loss_plateau_count":0,"pg_loss":0.000767,"v_loss":629.395382,"entropy":-1.042449,"approx_kl":0.004956,"clipfrac":0.0939,"reward_mean":-6.0634,"reward_std":26.6671,"reward_min":-209.5265,"reward_max":0.7218,"reward_scale":1.0,"throttle_mean":0.7091,"throttle_min":0.0472,"throttle_max":0.9942,"spawn_curriculum_enabled":true,"spawn_curriculum_mode":"staged","spawn_curriculum_progress":0.6667,"spawn_xy_half_width_m":1.5,"spawn_stage_index":2,"spawn_num_stages":4,"stage_success_count":0,"stage_termination_count":288,"stage_success_fraction":0.0,"stage_steps_in_stage":32768,"stage_advanced_this_update":false}
{"type":"train_update","update":187,"global_step":3063808,"wall_s":4156.33,"sps":737.1,"loss":323.158155,"loss_ema":321.163916,"loss_plateau_delta":0.49856,"loss_plateau_count":0,"pg_loss":0.000511,"v_loss":646.304926,"entropy":-1.036472,"approx_kl":0.006191,"clipfrac":0.1046,"reward_mean":-6.0036,"reward_std":26.4032,"reward_min":-209.6355,"reward_max":0.6376,"reward_scale":1.0,"throttle_mean":0.7086,"throttle_min":0.063,"throttle_max":0.9944,"spawn_curriculum_enabled":true,"spawn_curriculum_mode":"staged","spawn_curriculum_progress":0.6667,"spawn_xy_half_width_m":1.5,"spawn_stage_index":2,"spawn_num_stages":4,"stage_success_count":0,"stage_termination_count":282,"stage_success_fraction":0.0,"stage_steps_in_stage":49152,"stage_advanced_this_update":false}
step=3,063,808 reward_mean=-6.004 kl=0.00619 clipfrac=0.105 eval={'landed_fraction': 0.0, 'crashed_fraction': 1.0, 'mean_touchdown_speed': nan, 'max_touchdown_speed': nan, 'mean_pad_distance': nan, 'max_pad_distance': nan, 'mean_delta_v_proxy': 15.136270523071289, 'mean_eval_throttle': 0.7367566757731967, 'max_eval_throttle': 0.8982300758361816, 'max_upward_speed': 12.727009773254395, 'max_downward_speed': 5.756049633026123, 'passed': False}
{"type":"train_update","update":188,"global_step":3080192,"wall_s":4211.38,"sps":731.4,"loss":259.54407,"loss_ema":308.839947,"loss_plateau_delta":12.323969,"loss_plateau_count":0,"pg_loss":-0.000964,"v_loss":519.079645,"entropy":-1.042175,"approx_kl":0.005988,"clipfrac":0.0735,"reward_mean":-4.6946,"reward_std":21.1723,"reward_min":-209.2666,"reward_max":0.5048,"reward_scale":1.0,"throttle_mean":0.6985,"throttle_min":0.0654,"throttle_max":0.9932,"spawn_curriculum_enabled":true,"spawn_curriculum_mode":"staged","spawn_curriculum_progress":0.6667,"spawn_xy_half_width_m":1.5,"spawn_stage_index":2,"spawn_num_stages":4,"stage_success_count":0,"stage_termination_count":180,"stage_success_fraction":0.0,"stage_steps_in_stage":65536,"stage_advanced_this_update":false}
{"type":"train_update","update":189,"global_step":3096576,"wall_s":4217.59,"sps":734.2,"loss":314.498137,"loss_ema":309.971585,"loss_plateau_delta":1.131638,"loss_plateau_count":0,"pg_loss":-0.000416,"v_loss":628.986671,"entropy":-1.043313,"approx_kl":0.005827,"clipfrac":0.0817,"reward_mean":-6.2346,"reward_std":27.2631,"reward_min":-210.33,"reward_max":0.672,"reward_scale":1.0,"throttle_mean":0.7112,"throttle_min":0.0502,"throttle_max":0.9937,"spawn_curriculum_enabled":true,"spawn_curriculum_mode":"staged","spawn_curriculum_progress":0.6667,"spawn_xy_half_width_m":1.5,"spawn_stage_index":2,"spawn_num_stages":4,"stage_success_count":0,"stage_termination_count":301,"stage_success_fraction":0.0,"stage_steps_in_stage":81920,"stage_advanced_this_update":false}
{"type":"train_update","update":190,"global_step":3112960,"wall_s":4224.05,"sps":737.0,"loss":311.766457,"loss_ema":310.330559,"loss_plateau_delta":0.358974,"loss_plateau_count":0,"pg_loss":-0.000192,"v_loss":623.522856,"entropy":-1.043436,"approx_kl":0.005497,"clipfrac":0.0707,"reward_mean":-5.9463,"reward_std":26.1449,"reward_min":-210.0608,"reward_max":0.7591,"reward_scale":1.0,"throttle_mean":0.711,"throttle_min":0.0671,"throttle_max":0.9937,"spawn_curriculum_enabled":true,"spawn_curriculum_mode":"staged","spawn_curriculum_progress":0.6667,"spawn_xy_half_width_m":1.5,"spawn_stage_index":2,"spawn_num_stages":4,"stage_success_count":0,"stage_termination_count":277,"stage_success_fraction":0.0,"stage_steps_in_stage":98304,"stage_advanced_this_update":false}
step=3,112,960 reward_mean=-5.946 kl=0.00550 clipfrac=0.071 eval={'landed_fraction': 0.0, 'crashed_fraction': 1.0, 'mean_touchdown_speed': nan, 'max_touchdown_speed': nan, 'mean_pad_distance': nan, 'max_pad_distance': nan, 'mean_delta_v_proxy': 15.359042167663574, 'mean_eval_throttle': 0.7439048698875639, 'max_eval_throttle': 0.9025585055351257, 'max_upward_speed': 13.699161529541016, 'max_downward_speed': 6.906660556793213, 'passed': False}
{"type":"train_update","update":191,"global_step":3129344,"wall_s":4277.58,"sps":731.6,"loss":238.041801,"loss_ema":295.872808,"loss_plateau_delta":14.457752,"loss_plateau_count":0,"pg_loss":0.000265,"v_loss":476.07268,"entropy":-1.03895,"approx_kl":0.007931,"clipfrac":0.1071,"reward_mean":-4.6237,"reward_std":20.9986,"reward_min":-209.9262,"reward_max":0.7647,"reward_scale":1.0,"throttle_mean":0.7085,"throttle_min":0.0477,"throttle_max":0.994,"spawn_curriculum_enabled":true,"spawn_curriculum_mode":"staged","spawn_curriculum_progress":0.6667,"spawn_xy_half_width_m":1.5,"spawn_stage_index":2,"spawn_num_stages":4,"stage_success_count":0,"stage_termination_count":177,"stage_success_fraction":0.0,"stage_steps_in_stage":114688,"stage_advanced_this_update":false}
{"type":"train_update","update":192,"global_step":3145728,"wall_s":4284.62,"sps":734.2,"loss":286.468247,"loss_ema":293.991896,"loss_plateau_delta":1.880912,"loss_plateau_count":0,"pg_loss":-0.002431,"v_loss":572.931009,"entropy":-1.034348,"approx_kl":0.006593,"clipfrac":0.0505,"reward_mean":-6.1191,"reward_std":26.9313,"reward_min":-210.4145,"reward_max":0.7989,"reward_scale":1.0,"throttle_mean":0.7113,"throttle_min":0.0618,"throttle_max":0.9944,"spawn_curriculum_enabled":true,"spawn_curriculum_mode":"staged","spawn_curriculum_progress":0.6667,"spawn_xy_half_width_m":1.5,"spawn_stage_index":2,"spawn_num_stages":4,"stage_success_count":0,"stage_termination_count":294,"stage_success_fraction":0.0,"stage_steps_in_stage":131072,"stage_advanced_this_update":false}
{"type":"train_update","update":193,"global_step":3162112,"wall_s":4291.21,"sps":736.9,"loss":299.78716,"loss_ema":295.150949,"loss_plateau_delta":1.159053,"loss_plateau_count":0,"pg_loss":-0.000761,"v_loss":599.565525,"entropy":-1.032307,"approx_kl":0.006455,"clipfrac":0.0717,"reward_mean":-6.0273,"reward_std":26.6189,"reward_min":-211.3299,"reward_max":0.7801,"reward_scale":1.0,"throttle_mean":0.7177,"throttle_min":0.051,"throttle_max":0.9958,"spawn_curriculum_enabled":true,"spawn_curriculum_mode":"staged","spawn_curriculum_progress":0.6667,"spawn_xy_half_width_m":1.5,"spawn_stage_index":2,"spawn_num_stages":4,"stage_success_count":0,"stage_termination_count":287,"stage_success_fraction":0.0,"stage_steps_in_stage":147456,"stage_advanced_this_update":false}
step=3,162,112 reward_mean=-6.027 kl=0.00646 clipfrac=0.072 eval={'landed_fraction': 0.0, 'crashed_fraction': 1.0, 'mean_touchdown_speed': nan, 'max_touchdown_speed': nan, 'mean_pad_distance': nan, 'max_pad_distance': nan, 'mean_delta_v_proxy': 15.266069412231445, 'mean_eval_throttle': 0.7417716863420275, 'max_eval_throttle': 0.9109268188476562, 'max_upward_speed': 13.711913108825684, 'max_downward_speed': 6.417572498321533, 'passed': False}
{"type":"train_update","update":194,"global_step":3178496,"wall_s":4344.55,"sps":731.6,"loss":241.28278,"loss_ema":284.377315,"loss_plateau_delta":10.773634,"loss_plateau_count":0,"pg_loss":-0.000172,"v_loss":482.555571,"entropy":-1.03326,"approx_kl":0.007272,"clipfrac":0.0685,"reward_mean":-4.7739,"reward_std":21.7362,"reward_min":-210.4241,"reward_max":0.7165,"reward_scale":1.0,"throttle_mean":0.7066,"throttle_min":0.0415,"throttle_max":0.9968,"spawn_curriculum_enabled":true,"spawn_curriculum_mode":"staged","spawn_curriculum_progress":0.6667,"spawn_xy_half_width_m":1.5,"spawn_stage_index":2,"spawn_num_stages":4,"stage_success_count":0,"stage_termination_count":190,"stage_success_fraction":0.0,"stage_steps_in_stage":163840,"stage_advanced_this_update":false}
{"type":"train_update","update":195,"global_step":3194880,"wall_s":4352.56,"sps":734.0,"loss":281.500228,"loss_ema":283.801897,"loss_plateau_delta":0.575417,"loss_plateau_count":0,"pg_loss":-0.001435,"v_loss":562.993025,"entropy":-1.030041,"approx_kl":0.005739,"clipfrac":0.0513,"reward_mean":-6.0775,"reward_std":26.7504,"reward_min":-211.8963,"reward_max":0.9045,"reward_scale":1.0,"throttle_mean":0.7194,"throttle_min":0.0413,"throttle_max":0.9965,"spawn_curriculum_enabled":true,"spawn_curriculum_mode":"staged","spawn_curriculum_progress":0.6667,"spawn_xy_half_width_m":1.5,"spawn_stage_index":2,"spawn_num_stages":4,"stage_success_count":0,"stage_termination_count":290,"stage_success_fraction":0.0,"stage_steps_in_stage":180224,"stage_advanced_this_update":false}
{"type":"train_update","update":196,"global_step":3211264,"wall_s":4359.14,"sps":736.7,"loss":304.178302,"loss_ema":287.877178,"loss_plateau_delta":4.075281,"loss_plateau_count":0,"pg_loss":-0.000962,"v_loss":608.348293,"entropy":-1.023691,"approx_kl":0.005378,"clipfrac":0.0709,"reward_mean":-6.0949,"reward_std":26.5275,"reward_min":-211.0372,"reward_max":0.9726,"reward_scale":1.0,"throttle_mean":0.7276,"throttle_min":0.0501,"throttle_max":0.994,"spawn_curriculum_enabled":true,"spawn_curriculum_mode":"staged","spawn_curriculum_progress":0.6667,"spawn_xy_half_width_m":1.5,"spawn_stage_index":2,"spawn_num_stages":4,"stage_success_count":0,"stage_termination_count":285,"stage_success_fraction":0.0,"stage_steps_in_stage":196608,"stage_advanced_this_update":false}
step=3,211,264 reward_mean=-6.095 kl=0.00538 clipfrac=0.071 eval={'landed_fraction': 0.0, 'crashed_fraction': 1.0, 'mean_touchdown_speed': nan, 'max_touchdown_speed': nan, 'mean_pad_distance': nan, 'max_pad_distance': nan, 'mean_delta_v_proxy': 15.464244842529297, 'mean_eval_throttle': 0.7472333452436659, 'max_eval_throttle': 0.9155017137527466, 'max_upward_speed': 13.558841705322266, 'max_downward_speed': 5.586664199829102, 'passed': False}
{"type":"train_update","update":197,"global_step":3227648,"wall_s":4413.14,"sps":731.4,"loss":244.318829,"loss_ema":279.165508,"loss_plateau_delta":8.71167,"loss_plateau_count":0,"pg_loss":-0.000672,"v_loss":488.628787,"entropy":-1.021513,"approx_kl":0.004089,"clipfrac":0.0632,"reward_mean":-4.893,"reward_std":22.0676,"reward_min":-209.9358,"reward_max":0.75,"reward_scale":1.0,"throttle_mean":0.718,"throttle_min":0.0465,"throttle_max":0.9937,"spawn_curriculum_enabled":true,"spawn_curriculum_mode":"staged","spawn_curriculum_progress":0.6667,"spawn_xy_half_width_m":1.5,"spawn_stage_index":2,"spawn_num_stages":4,"stage_success_count":0,"stage_termination_count":196,"stage_success_fraction":0.0,"stage_steps_in_stage":212992,"stage_advanced_this_update":false}
{"type":"train_update","update":198,"global_step":3244032,"wall_s":4420.84,"sps":733.8,"loss":282.938321,"loss_ema":279.920071,"loss_plateau_delta":0.754563,"loss_plateau_count":0,"pg_loss":-0.000702,"v_loss":565.867773,"entropy":-1.027321,"approx_kl":0.004852,"clipfrac":0.0643,"reward_mean":-6.1938,"reward_std":27.2342,"reward_min":-210.3622,"reward_max":0.7947,"reward_scale":1.0,"throttle_mean":0.721,"throttle_min":0.0426,"throttle_max":0.9944,"spawn_curriculum_enabled":true,"spawn_curriculum_mode":"staged","spawn_curriculum_progress":0.6667,"spawn_xy_half_width_m":1.5,"spawn_stage_index":2,"spawn_num_stages":4,"stage_success_count":0,"stage_termination_count":301,"stage_success_fraction":0.0,"stage_steps_in_stage":229376,"stage_advanced_this_update":false}
{"type":"train_update","update":199,"global_step":3260416,"wall_s":4427.51,"sps":736.4,"loss":273.737823,"loss_ema":278.683621,"loss_plateau_delta":1.23645,"loss_plateau_count":0,"pg_loss":-0.001444,"v_loss":547.468187,"entropy":-1.034789,"approx_kl":0.008391,"clipfrac":0.0702,"reward_mean":-5.7756,"reward_std":25.6347,"reward_min":-210.3229,"reward_max":0.8507,"reward_scale":1.0,"throttle_mean":0.721,"throttle_min":0.0571,"throttle_max":0.993,"spawn_curriculum_enabled":true,"spawn_curriculum_mode":"staged","spawn_curriculum_progress":0.6667,"spawn_xy_half_width_m":1.5,"spawn_stage_index":2,"spawn_num_stages":4,"stage_success_count":0,"stage_termination_count":266,"stage_success_fraction":0.0,"stage_steps_in_stage":245760,"stage_advanced_this_update":false}
step=3,260,416 reward_mean=-5.776 kl=0.00839 clipfrac=0.070 eval={'landed_fraction': 0.0, 'crashed_fraction': 1.0, 'mean_touchdown_speed': nan, 'max_touchdown_speed': nan, 'mean_pad_distance': nan, 'max_pad_distance': nan, 'mean_delta_v_proxy': 15.49757194519043, 'mean_eval_throttle': 0.7495307732290691, 'max_eval_throttle': 0.9202231764793396, 'max_upward_speed': 12.981637954711914, 'max_downward_speed': 5.871280193328857, 'passed': False}
{"type":"train_update","update":200,"global_step":3276800,"wall_s":4481.85,"sps":731.1,"loss":218.842237,"loss_ema":266.715345,"loss_plateau_delta":11.968277,"loss_plateau_count":0,"pg_loss":-0.00065,"v_loss":437.675365,"entropy":-1.041056,"approx_kl":0.006212,"clipfrac":0.0749,"reward_mean":-4.7242,"reward_std":21.395,"reward_min":-210.0947,"reward_max":0.7853,"reward_scale":1.0,"throttle_mean":0.7185,"throttle_min":0.0516,"throttle_max":0.9962,"spawn_curriculum_enabled":true,"spawn_curriculum_mode":"staged","spawn_curriculum_progress":0.6667,"spawn_xy_half_width_m":1.5,"spawn_stage_index":2,"spawn_num_stages":4,"stage_success_count":0,"stage_termination_count":184,"stage_success_fraction":0.0,"stage_steps_in_stage":262144,"stage_advanced_this_update":false}
{"type":"train_update","update":201,"global_step":3293184,"wall_s":4488.65,"sps":733.7,"loss":262.672256,"loss_ema":265.906727,"loss_plateau_delta":0.808618,"loss_plateau_count":0,"pg_loss":0.000151,"v_loss":525.33381,"entropy":-1.039592,"approx_kl":0.009384,"clipfrac":0.1038,"reward_mean":-6.238,"reward_std":27.3626,"reward_min":-210.0017,"reward_max":0.8312,"reward_scale":1.0,"throttle_mean":0.7221,"throttle_min":0.0605,"throttle_max":0.9942,"spawn_curriculum_enabled":true,"spawn_curriculum_mode":"staged","spawn_curriculum_progress":0.6667,"spawn_xy_half_width_m":1.5,"spawn_stage_index":2,"spawn_num_stages":4,"stage_success_count":0,"stage_termination_count":304,"stage_success_fraction":0.0,"stage_steps_in_stage":278528,"stage_advanced_this_update":false}
{"type":"train_update","update":202,"global_step":3309568,"wall_s":4496.08,"sps":736.1,"loss":264.134793,"loss_ema":265.55234,"loss_plateau_delta":0.354387,"loss_plateau_count":0,"pg_loss":-0.000439,"v_loss":528.260131,"entropy":-1.033417,"approx_kl":0.005854,"clipfrac":0.0874,"reward_mean":-5.8839,"reward_std":25.9835,"reward_min":-210.231,"reward_max":0.6632,"reward_scale":1.0,"throttle_mean":0.7213,"throttle_min":0.0366,"throttle_max":0.9965,"spawn_curriculum_enabled":true,"spawn_curriculum_mode":"staged","spawn_curriculum_progress":0.6667,"spawn_xy_half_width_m":1.5,"spawn_stage_index":2,"spawn_num_stages":4,"stage_success_count":0,"stage_termination_count":274,"stage_success_fraction":0.0,"stage_steps_in_stage":294912,"stage_advanced_this_update":false}
step=3,309,568 reward_mean=-5.884 kl=0.00585 clipfrac=0.087 eval={'landed_fraction': 0.0, 'crashed_fraction': 1.0, 'mean_touchdown_speed': nan, 'max_touchdown_speed': nan, 'mean_pad_distance': nan, 'max_pad_distance': nan, 'mean_delta_v_proxy': 15.194401741027832, 'mean_eval_throttle': 0.7419955368174447, 'max_eval_throttle': 0.9226014614105225, 'max_upward_speed': 12.892928123474121, 'max_downward_speed': 6.049746036529541, 'passed': False}
{"type":"train_update","update":203,"global_step":3325952,"wall_s":4550.32,"sps":730.9,"loss":224.518898,"loss_ema":257.345652,"loss_plateau_delta":8.206688,"loss_plateau_count":0,"pg_loss":0.000698,"v_loss":449.026126,"entropy":-1.027195,"approx_kl":0.005865,"clipfrac":0.0946,"reward_mean":-5.0151,"reward_std":22.8416,"reward_min":-209.6129,"reward_max":0.8329,"reward_scale":1.0,"throttle_mean":0.7067,"throttle_min":0.0576,"throttle_max":0.9961,"spawn_curriculum_enabled":true,"spawn_curriculum_mode":"staged","spawn_curriculum_progress":0.6667,"spawn_xy_half_width_m":1.5,"spawn_stage_index":2,"spawn_num_stages":4,"stage_success_count":0,"stage_termination_count":210,"stage_success_fraction":0.0,"stage_steps_in_stage":311296,"stage_advanced_this_update":false}
{"type":"train_update","update":204,"global_step":3342336,"wall_s":4556.32,"sps":733.6,"loss":254.821064,"loss_ema":256.840734,"loss_plateau_delta":0.504917,"loss_plateau_count":0,"pg_loss":-0.000768,"v_loss":509.633441,"entropy":-1.022258,"approx_kl":0.008268,"clipfrac":0.0891,"reward_mean":-6.0381,"reward_std":26.6259,"reward_min":-210.3594,"reward_max":0.8248,"reward_scale":1.0,"throttle_mean":0.7169,"throttle_min":0.0567,"throttle_max":0.9932,"spawn_curriculum_enabled":true,"spawn_curriculum_mode":"staged","spawn_curriculum_progress":0.6667,"spawn_xy_half_width_m":1.5,"spawn_stage_index":2,"spawn_num_stages":4,"stage_success_count":0,"stage_termination_count":287,"stage_success_fraction":0.0,"stage_steps_in_stage":327680,"stage_advanced_this_update":false}
{"type":"train_update","update":205,"global_step":3358720,"wall_s":4564.46,"sps":735.8,"loss":241.08411,"loss_ema":253.689409,"loss_plateau_delta":3.151325,"loss_plateau_count":0,"pg_loss":0.002995,"v_loss":482.152048,"entropy":-1.018276,"approx_kl":0.006651,"clipfrac":0.1187,"reward_mean":-5.7567,"reward_std":25.7367,"reward_min":-210.1766,"reward_max":0.8644,"reward_scale":1.0,"throttle_mean":0.7141,"throttle_min":0.0311,"throttle_max":0.9955,"spawn_curriculum_enabled":true,"spawn_curriculum_mode":"staged","spawn_curriculum_progress":0.6667,"spawn_xy_half_width_m":1.5,"spawn_stage_index":2,"spawn_num_stages":4,"stage_success_count":0,"stage_termination_count":268,"stage_success_fraction":0.0,"stage_steps_in_stage":344064,"stage_advanced_this_update":false}
step=3,358,720 reward_mean=-5.757 kl=0.00665 clipfrac=0.119 eval={'landed_fraction': 0.0, 'crashed_fraction': 1.0, 'mean_touchdown_speed': nan, 'max_touchdown_speed': nan, 'mean_pad_distance': nan, 'max_pad_distance': nan, 'mean_delta_v_proxy': 15.27906322479248, 'mean_eval_throttle': 0.7452294112576379, 'max_eval_throttle': 0.9178785085678101, 'max_upward_speed': 13.645538330078125, 'max_downward_speed': 5.5940985679626465, 'passed': False}
{"type":"train_update","update":206,"global_step":3375104,"wall_s":4617.64,"sps":730.9,"loss":209.104544,"loss_ema":244.772436,"loss_plateau_delta":8.916973,"loss_plateau_count":0,"pg_loss":-0.001293,"v_loss":418.201492,"entropy":-1.018404,"approx_kl":0.004875,"clipfrac":0.0631,"reward_mean":-4.7035,"reward_std":20.9834,"reward_min":-211.1943,"reward_max":0.7543,"reward_scale":1.0,"throttle_mean":0.7157,"throttle_min":0.065,"throttle_max":0.9939,"spawn_curriculum_enabled":true,"spawn_curriculum_mode":"staged","spawn_curriculum_progress":0.6667,"spawn_xy_half_width_m":1.5,"spawn_stage_index":2,"spawn_num_stages":4,"stage_success_count":0,"stage_termination_count":177,"stage_success_fraction":0.0,"stage_steps_in_stage":360448,"stage_advanced_this_update":false}
{"type":"train_update","update":207,"global_step":3391488,"wall_s":4623.89,"sps":733.5,"loss":233.608579,"loss_ema":242.539665,"loss_plateau_delta":2.232772,"loss_plateau_count":0,"pg_loss":-0.001566,"v_loss":467.210125,"entropy":-1.016186,"approx_kl":0.007086,"clipfrac":0.0751,"reward_mean":-6.1238,"reward_std":27.0696,"reward_min":-210.6262,"reward_max":0.9086,"reward_scale":1.0,"throttle_mean":0.7172,"throttle_min":0.0477,"throttle_max":0.9927,"spawn_curriculum_enabled":true,"spawn_curriculum_mode":"staged","spawn_curriculum_progress":0.6667,"spawn_xy_half_width_m":1.5,"spawn_stage_index":2,"spawn_num_stages":4,"stage_success_count":0,"stage_termination_count":297,"stage_success_fraction":0.0,"stage_steps_in_stage":376832,"stage_advanced_this_update":false}
{"type":"train_update","update":208,"global_step":3407872,"wall_s":4631.03,"sps":735.9,"loss":236.749273,"loss_ema":241.381586,"loss_plateau_delta":1.158078,"loss_plateau_count":0,"pg_loss":-0.001007,"v_loss":473.490388,"entropy":-1.017104,"approx_kl":0.005358,"clipfrac":0.0698,"reward_mean":-5.9058,"reward_std":26.2099,"reward_min":-209.4528,"reward_max":0.8581,"reward_scale":1.0,"throttle_mean":0.7241,"throttle_min":0.0619,"throttle_max":0.9955,"spawn_curriculum_enabled":true,"spawn_curriculum_mode":"staged","spawn_curriculum_progress":0.6667,"spawn_xy_half_width_m":1.5,"spawn_stage_index":2,"spawn_num_stages":4,"stage_success_count":0,"stage_termination_count":278,"stage_success_fraction":0.0,"stage_steps_in_stage":393216,"stage_advanced_this_update":false}
step=3,407,872 reward_mean=-5.906 kl=0.00536 clipfrac=0.070 eval={'landed_fraction': 0.0, 'crashed_fraction': 1.0, 'mean_touchdown_speed': nan, 'max_touchdown_speed': nan, 'mean_pad_distance': nan, 'max_pad_distance': nan, 'mean_delta_v_proxy': 15.005322456359863, 'mean_eval_throttle': 0.7383924931950039, 'max_eval_throttle': 0.9202951788902283, 'max_upward_speed': 13.526732444763184, 'max_downward_speed': 5.837457180023193, 'passed': False}
{"type":"train_update","update":209,"global_step":3424256,"wall_s":4685.11,"sps":730.9,"loss":197.401589,"loss_ema":232.585587,"loss_plateau_delta":8.796,"loss_plateau_count":0,"pg_loss":-0.000324,"v_loss":394.793724,"entropy":-1.010191,"approx_kl":0.006514,"clipfrac":0.0794,"reward_mean":-4.7965,"reward_std":21.6773,"reward_min":-210.6653,"reward_max":0.8082,"reward_scale":1.0,"throttle_mean":0.7035,"throttle_min":0.0458,"throttle_max":0.9941,"spawn_curriculum_enabled":true,"spawn_curriculum_mode":"staged","spawn_curriculum_progress":0.6667,"spawn_xy_half_width_m":1.5,"spawn_stage_index":2,"spawn_num_stages":4,"stage_success_count":0,"stage_termination_count":189,"stage_success_fraction":0.0,"stage_steps_in_stage":409600,"stage_advanced_this_update":false}
{"type":"train_update","update":210,"global_step":3440640,"wall_s":4691.64,"sps":733.4,"loss":229.356538,"loss_ema":231.939777,"loss_plateau_delta":0.64581,"loss_plateau_count":0,"pg_loss":-0.001101,"v_loss":458.70521,"entropy":-1.007016,"approx_kl":0.004906,"clipfrac":0.0641,"reward_mean":-6.1889,"reward_std":27.1963,"reward_min":-210.1198,"reward_max":0.8312,"reward_scale":1.0,"throttle_mean":0.7108,"throttle_min":0.0258,"throttle_max":0.9958,"spawn_curriculum_enabled":true,"spawn_curriculum_mode":"staged","spawn_curriculum_progress":0.6667,"spawn_xy_half_width_m":1.5,"spawn_stage_index":2,"spawn_num_stages":4,"stage_success_count":0,"stage_termination_count":300,"stage_success_fraction":0.0,"stage_steps_in_stage":425984,"stage_advanced_this_update":false}
{"type":"train_update","update":211,"global_step":3457024,"wall_s":4697.84,"sps":735.9,"loss":223.940517,"loss_ema":230.339925,"loss_plateau_delta":1.599852,"loss_plateau_count":0,"pg_loss":-0.001379,"v_loss":447.87377,"entropy":-1.002313,"approx_kl":0.005935,"clipfrac":0.0627,"reward_mean":-5.8587,"reward_std":26.09,"reward_min":-210.031,"reward_max":0.9091,"reward_scale":1.0,"throttle_mean":0.7098,"throttle_min":0.0426,"throttle_max":0.9926,"spawn_curriculum_enabled":true,"spawn_curriculum_mode":"staged","spawn_curriculum_progress":0.6667,"spawn_xy_half_width_m":1.5,"spawn_stage_index":2,"spawn_num_stages":4,"stage_success_count":0,"stage_termination_count":276,"stage_success_fraction":0.0,"stage_steps_in_stage":442368,"stage_advanced_this_update":false}
step=3,457,024 reward_mean=-5.859 kl=0.00594 clipfrac=0.063 eval={'landed_fraction': 0.0, 'crashed_fraction': 1.0, 'mean_touchdown_speed': nan, 'max_touchdown_speed': nan, 'mean_pad_distance': nan, 'max_pad_distance': nan, 'mean_delta_v_proxy': 14.888290405273438, 'mean_eval_throttle': 0.7356262431542079, 'max_eval_throttle': 0.9207079410552979, 'max_upward_speed': 15.240470886230469, 'max_downward_speed': 6.0134596824646, 'passed': False}
{"type":"train_update","update":212,"global_step":3473408,"wall_s":4752.49,"sps":730.9,"loss":190.059957,"loss_ema":222.283932,"loss_plateau_delta":8.055994,"loss_plateau_count":0,"pg_loss":-0.001162,"v_loss":380.112154,"entropy":-1.008754,"approx_kl":0.004993,"clipfrac":0.0716,"reward_mean":-4.7053,"reward_std":21.1094,"reward_min":-210.1547,"reward_max":0.6686,"reward_scale":1.0,"throttle_mean":0.7061,"throttle_min":0.0435,"throttle_max":0.9958,"spawn_curriculum_enabled":true,"spawn_curriculum_mode":"staged","spawn_curriculum_progress":0.6667,"spawn_xy_half_width_m":1.5,"spawn_stage_index":2,"spawn_num_stages":4,"stage_success_count":0,"stage_termination_count":179,"stage_success_fraction":0.0,"stage_steps_in_stage":458752,"stage_advanced_this_update":false}
{"type":"train_update","update":213,"global_step":3489792,"wall_s":4758.73,"sps":733.3,"loss":208.787427,"loss_ema":219.584631,"loss_plateau_delta":2.699301,"loss_plateau_count":0,"pg_loss":-0.000484,"v_loss":417.565779,"entropy":-1.004279,"approx_kl":0.008398,"clipfrac":0.0684,"reward_mean":-6.1909,"reward_std":27.4023,"reward_min":-209.3995,"reward_max":0.7435,"reward_scale":1.0,"throttle_mean":0.708,"throttle_min":0.0611,"throttle_max":0.998,"spawn_curriculum_enabled":true,"spawn_curriculum_mode":"staged","spawn_curriculum_progress":0.6667,"spawn_xy_half_width_m":1.5,"spawn_stage_index":2,"spawn_num_stages":4,"stage_success_count":0,"stage_termination_count":305,"stage_success_fraction":0.0,"stage_steps_in_stage":475136,"stage_advanced_this_update":false}
{"type":"train_update","update":214,"global_step":3506176,"wall_s":4765.1,"sps":735.8,"loss":222.171152,"loss_ema":220.101935,"loss_plateau_delta":0.517304,"loss_plateau_count":0,"pg_loss":-0.001311,"v_loss":444.334919,"entropy":-1.00069,"approx_kl":0.009688,"clipfrac":0.0673,"reward_mean":-5.8964,"reward_std":26.0584,"reward_min":-209.9031,"reward_max":0.8828,"reward_scale":1.0,"throttle_mean":0.7139,"throttle_min":0.0258,"throttle_max":0.9943,"spawn_curriculum_enabled":true,"spawn_curriculum_mode":"staged","spawn_curriculum_progress":0.6667,"spawn_xy_half_width_m":1.5,"spawn_stage_index":2,"spawn_num_stages":4,"stage_success_count":0,"stage_termination_count":275,"stage_success_fraction":0.0,"stage_steps_in_stage":491520,"stage_advanced_this_update":false}
step=3,506,176 reward_mean=-5.896 kl=0.00969 clipfrac=0.067 eval={'landed_fraction': 0.0, 'crashed_fraction': 1.0, 'mean_touchdown_speed': nan, 'max_touchdown_speed': nan, 'mean_pad_distance': nan, 'max_pad_distance': nan, 'mean_delta_v_proxy': 14.321414947509766, 'mean_eval_throttle': 0.7229641255405214, 'max_eval_throttle': 0.9192079305648804, 'max_upward_speed': 14.541719436645508, 'max_downward_speed': 5.413689136505127, 'passed': False}
{"type":"train_update","update":215,"global_step":3522560,"wall_s":4819.78,"sps":730.9,"loss":189.32029,"loss_ema":213.945606,"loss_plateau_delta":6.156329,"loss_plateau_count":0,"pg_loss":0.000259,"v_loss":378.630098,"entropy":-0.996379,"approx_kl":0.006061,"clipfrac":0.0864,"reward_mean":-5.0161,"reward_std":22.7043,"reward_min":-210.8674,"reward_max":0.8516,"reward_scale":1.0,"throttle_mean":0.699,"throttle_min":0.0435,"throttle_max":0.9956,"spawn_curriculum_enabled":true,"spawn_curriculum_mode":"staged","spawn_curriculum_progress":0.6667,"spawn_xy_half_width_m":1.5,"spawn_stage_index":2,"spawn_num_stages":4,"stage_success_count":0,"stage_termination_count":208,"stage_success_fraction":0.0,"stage_steps_in_stage":507904,"stage_advanced_this_update":false}
{"type":"train_update","update":216,"global_step":3538944,"wall_s":4826.13,"sps":733.3,"loss":202.80692,"loss_ema":211.717869,"loss_plateau_delta":2.227737,"loss_plateau_count":0,"pg_loss":-0.002308,"v_loss":405.608497,"entropy":-0.995932,"approx_kl":0.006047,"clipfrac":0.0461,"reward_mean":-6.0672,"reward_std":26.9664,"reward_min":-209.5982,"reward_max":0.8569,"reward_scale":1.0,"throttle_mean":0.7078,"throttle_min":0.0361,"throttle_max":0.9936,"spawn_curriculum_enabled":true,"spawn_curriculum_mode":"staged","spawn_curriculum_progress":0.6667,"spawn_xy_half_width_m":1.5,"spawn_stage_index":2,"spawn_num_stages":4,"stage_success_count":0,"stage_termination_count":295,"stage_success_fraction":0.0,"stage_steps_in_stage":524288,"stage_advanced_this_update":false}
{"type":"train_update","update":217,"global_step":3555328,"wall_s":4832.64,"sps":735.7,"loss":197.385213,"loss_ema":208.851338,"loss_plateau_delta":2.866531,"loss_plateau_count":0,"pg_loss":0.000542,"v_loss":394.759398,"entropy":-0.994543,"approx_kl":0.005583,"clipfrac":0.0845,"reward_mean":-5.7363,"reward_std":25.7555,"reward_min":-210.141,"reward_max":0.8696,"reward_scale":1.0,"throttle_mean":0.6999,"throttle_min":0.0433,"throttle_max":0.9951,"spawn_curriculum_enabled":true,"spawn_curriculum_mode":"staged","spawn_curriculum_progress":0.6667,"spawn_xy_half_width_m":1.5,"spawn_stage_index":2,"spawn_num_stages":4,"stage_success_count":0,"stage_termination_count":269,"stage_success_fraction":0.0,"stage_steps_in_stage":540672,"stage_advanced_this_update":false}
step=3,555,328 reward_mean=-5.736 kl=0.00558 clipfrac=0.084 eval={'landed_fraction': 0.0, 'crashed_fraction': 1.0, 'mean_touchdown_speed': nan, 'max_touchdown_speed': nan, 'mean_pad_distance': nan, 'max_pad_distance': nan, 'mean_delta_v_proxy': 14.069389343261719, 'mean_eval_throttle': 0.7166220386823018, 'max_eval_throttle': 0.9248204827308655, 'max_upward_speed': 13.607341766357422, 'max_downward_speed': 5.367304801940918, 'passed': False}
{"type":"train_update","update":218,"global_step":3571712,"wall_s":4886.84,"sps":730.9,"loss":189.220039,"loss_ema":204.925078,"loss_plateau_delta":3.92626,"loss_plateau_count":0,"pg_loss":-0.001263,"v_loss":378.432671,"entropy":-0.993433,"approx_kl":0.005162,"clipfrac":0.0741,"reward_mean":-5.3211,"reward_std":24.223,"reward_min":-209.3908,"reward_max":0.7661,"reward_scale":1.0,"throttle_mean":0.6951,"throttle_min":0.0305,"throttle_max":0.9952,"spawn_curriculum_enabled":true,"spawn_curriculum_mode":"staged","spawn_curriculum_progress":0.6667,"spawn_xy_half_width_m":1.5,"spawn_stage_index":2,"spawn_num_stages":4,"stage_success_count":0,"stage_termination_count":237,"stage_success_fraction":0.0,"stage_steps_in_stage":557056,"stage_advanced_this_update":false}
{"type":"train_update","update":219,"global_step":3588096,"wall_s":4893.99,"sps":733.2,"loss":194.296588,"loss_ema":202.79938,"loss_plateau_delta":2.125698,"loss_plateau_count":0,"pg_loss":-0.000313,"v_loss":388.583878,"entropy":-0.992655,"approx_kl":0.00555,"clipfrac":0.0888,"reward_mean":-5.8351,"reward_std":26.0844,"reward_min":-210.1537,"reward_max":0.8372,"reward_scale":1.0,"throttle_mean":0.7024,"throttle_min":0.0593,"throttle_max":0.9944,"spawn_curriculum_enabled":true,"spawn_curriculum_mode":"staged","spawn_curriculum_progress":0.6667,"spawn_xy_half_width_m":1.5,"spawn_stage_index":2,"spawn_num_stages":4,"stage_success_count":0,"stage_termination_count":276,"stage_success_fraction":0.0,"stage_steps_in_stage":573440,"stage_advanced_this_update":false}
{"type":"train_update","update":220,"global_step":3604480,"wall_s":4900.77,"sps":735.5,"loss":191.352894,"loss_ema":200.510083,"loss_plateau_delta":2.289297,"loss_plateau_count":0,"pg_loss":-0.001886,"v_loss":382.699608,"entropy":-0.995329,"approx_kl":0.006947,"clipfrac":0.0517,"reward_mean":-5.7728,"reward_std":25.9505,"reward_min":-209.8437,"reward_max":0.7921,"reward_scale":1.0,"throttle_mean":0.6895,"throttle_min":0.0393,"throttle_max":0.9962,"spawn_curriculum_enabled":true,"spawn_curriculum_mode":"staged","spawn_curriculum_progress":0.6667,"spawn_xy_half_width_m":1.5,"spawn_stage_index":2,"spawn_num_stages":4,"stage_success_count":0,"stage_termination_count":273,"stage_success_fraction":0.0,"stage_steps_in_stage":589824,"stage_advanced_this_update":false}
step=3,604,480 reward_mean=-5.773 kl=0.00695 clipfrac=0.052 eval={'landed_fraction': 0.0, 'crashed_fraction': 1.0, 'mean_touchdown_speed': nan, 'max_touchdown_speed': nan, 'mean_pad_distance': nan, 'max_pad_distance': nan, 'mean_delta_v_proxy': 13.352992057800293, 'mean_eval_throttle': 0.6983744773599837, 'max_eval_throttle': 0.928831160068512, 'max_upward_speed': 14.01494026184082, 'max_downward_speed': 5.201796054840088, 'passed': False}
{"type":"train_update","update":221,"global_step":3620864,"wall_s":4954.86,"sps":730.8,"loss":181.875926,"loss_ema":196.783251,"loss_plateau_delta":3.726831,"loss_plateau_count":0,"pg_loss":-0.000909,"v_loss":363.743705,"entropy":-0.996385,"approx_kl":0.006735,"clipfrac":0.0728,"reward_mean":-5.3007,"reward_std":24.1621,"reward_min":-210.4511,"reward_max":0.8096,"reward_scale":1.0,"throttle_mean":0.6812,"throttle_min":0.0307,"throttle_max":0.9943,"spawn_curriculum_enabled":true,"spawn_curriculum_mode":"staged","spawn_curriculum_progress":0.6667,"spawn_xy_half_width_m":1.5,"spawn_stage_index":2,"spawn_num_stages":4,"stage_success_count":0,"stage_termination_count":236,"stage_success_fraction":0.0,"stage_steps_in_stage":606208,"stage_advanced_this_update":false}
{"type":"train_update","update":222,"global_step":3637248,"wall_s":4962.49,"sps":732.9,"loss":175.542267,"loss_ema":192.535055,"loss_plateau_delta":4.248197,"loss_plateau_count":0,"pg_loss":-0.000832,"v_loss":351.076231,"entropy":-0.997004,"approx_kl":0.00589,"clipfrac":0.0748,"reward_mean":-5.7229,"reward_std":25.9227,"reward_min":-210.7151,"reward_max":0.8994,"reward_scale":1.0,"throttle_mean":0.6897,"throttle_min":0.0404,"throttle_max":0.996,"spawn_curriculum_enabled":true,"spawn_curriculum_mode":"staged","spawn_curriculum_progress":0.6667,"spawn_xy_half_width_m":1.5,"spawn_stage_index":2,"spawn_num_stages":4,"stage_success_count":0,"stage_termination_count":272,"stage_success_fraction":0.0,"stage_steps_in_stage":622592,"stage_advanced_this_update":false}
{"type":"train_update","update":223,"global_step":3653632,"wall_s":4968.92,"sps":735.3,"loss":175.50955,"loss_ema":189.129954,"loss_plateau_delta":3.405101,"loss_plateau_count":0,"pg_loss":-4.3e-05,"v_loss":351.009218,"entropy":-0.996843,"approx_kl":0.006837,"clipfrac":0.1038,"reward_mean":-5.7086,"reward_std":25.8295,"reward_min":-209.8492,"reward_max":0.7639,"reward_scale":1.0,"throttle_mean":0.6667,"throttle_min":0.0383,"throttle_max":0.9945,"spawn_curriculum_enabled":true,"spawn_curriculum_mode":"staged","spawn_curriculum_progress":0.6667,"spawn_xy_half_width_m":1.5,"spawn_stage_index":2,"spawn_num_stages":4,"stage_success_count":0,"stage_termination_count":271,"stage_success_fraction":0.0,"stage_steps_in_stage":638976,"stage_advanced_this_update":false}
step=3,653,632 reward_mean=-5.709 kl=0.00684 clipfrac=0.104 eval={'landed_fraction': 0.0, 'crashed_fraction': 1.0, 'mean_touchdown_speed': nan, 'max_touchdown_speed': nan, 'mean_pad_distance': nan, 'max_pad_distance': nan, 'mean_delta_v_proxy': 12.981318473815918, 'mean_eval_throttle': 0.685178472896417, 'max_eval_throttle': 0.9304741621017456, 'max_upward_speed': 12.756922721862793, 'max_downward_speed': 5.2609357833862305, 'passed': False}
{"type":"train_update","update":224,"global_step":3670016,"wall_s":5022.67,"sps":730.7,"loss":165.425036,"loss_ema":184.38897,"loss_plateau_delta":4.740984,"loss_plateau_count":0,"pg_loss":0.000289,"v_loss":330.839575,"entropy":-0.991754,"approx_kl":0.007971,"clipfrac":0.0787,"reward_mean":-5.2599,"reward_std":24.1427,"reward_min":-209.282,"reward_max":1.0493,"reward_scale":1.0,"throttle_mean":0.6685,"throttle_min":0.0275,"throttle_max":0.9945,"spawn_curriculum_enabled":true,"spawn_curriculum_mode":"staged","spawn_curriculum_progress":0.6667,"spawn_xy_half_width_m":1.5,"spawn_stage_index":2,"spawn_num_stages":4,"stage_success_count":0,"stage_termination_count":236,"stage_success_fraction":0.0,"stage_steps_in_stage":655360,"stage_advanced_this_update":false}
{"type":"train_update","update":225,"global_step":3686400,"wall_s":5030.74,"sps":732.8,"loss":162.796059,"loss_ema":180.070388,"loss_plateau_delta":4.318582,"loss_plateau_count":0,"pg_loss":0.000167,"v_loss":325.581899,"entropy":-0.988352,"approx_kl":0.00621,"clipfrac":0.0679,"reward_mean":-5.734,"reward_std":26.0543,"reward_min":-209.3776,"reward_max":0.7396,"reward_scale":1.0,"throttle_mean":0.6767,"throttle_min":0.0382,"throttle_max":0.997,"spawn_curriculum_enabled":true,"spawn_curriculum_mode":"staged","spawn_curriculum_progress":0.6667,"spawn_xy_half_width_m":1.5,"spawn_stage_index":2,"spawn_num_stages":4,"stage_success_count":0,"stage_termination_count":276,"stage_success_fraction":0.0,"stage_steps_in_stage":671744,"stage_advanced_this_update":false}
{"type":"train_update","update":226,"global_step":3702784,"wall_s":5037.17,"sps":735.1,"loss":169.113422,"loss_ema":177.878995,"loss_plateau_delta":2.191393,"loss_plateau_count":0,"pg_loss":-1.6e-05,"v_loss":338.217055,"entropy":-0.982166,"approx_kl":0.004736,"clipfrac":0.0733,"reward_mean":-5.9009,"reward_std":26.5871,"reward_min":-209.7816,"reward_max":0.9482,"reward_scale":1.0,"throttle_mean":0.6542,"throttle_min":0.0169,"throttle_max":0.9959,"spawn_curriculum_enabled":true,"spawn_curriculum_mode":"staged","spawn_curriculum_progress":0.6667,"spawn_xy_half_width_m":1.5,"spawn_stage_index":2,"spawn_num_stages":4,"stage_success_count":0,"stage_termination_count":288,"stage_success_fraction":0.0,"stage_steps_in_stage":688128,"stage_advanced_this_update":false}
step=3,702,784 reward_mean=-5.901 kl=0.00474 clipfrac=0.073 eval={'landed_fraction': 0.0, 'crashed_fraction': 1.0, 'mean_touchdown_speed': nan, 'max_touchdown_speed': nan, 'mean_pad_distance': nan, 'max_pad_distance': nan, 'mean_delta_v_proxy': 12.567191123962402, 'mean_eval_throttle': 0.6764149009519154, 'max_eval_throttle': 0.9306454658508301, 'max_upward_speed': 15.156717300415039, 'max_downward_speed': 5.068751335144043, 'passed': False}
{"type":"train_update","update":227,"global_step":3719168,"wall_s":5092.04,"sps":730.4,"loss":157.522137,"loss_ema":173.807623,"loss_plateau_delta":4.071372,"loss_plateau_count":0,"pg_loss":0.002733,"v_loss":315.028968,"entropy":-0.983897,"approx_kl":0.003816,"clipfrac":0.1065,"reward_mean":-5.4394,"reward_std":25.0523,"reward_min":-210.5678,"reward_max":0.56,"reward_scale":1.0,"throttle_mean":0.6688,"throttle_min":0.0417,"throttle_max":0.9947,"spawn_curriculum_enabled":true,"spawn_curriculum_mode":"staged","spawn_curriculum_progress":0.6667,"spawn_xy_half_width_m":1.5,"spawn_stage_index":2,"spawn_num_stages":4,"stage_success_count":0,"stage_termination_count":255,"stage_success_fraction":0.0,"stage_steps_in_stage":704512,"stage_advanced_this_update":false}
{"type":"train_update","update":228,"global_step":3735552,"wall_s":5099.7,"sps":732.5,"loss":160.193527,"loss_ema":171.084804,"loss_plateau_delta":2.722819,"loss_plateau_count":0,"pg_loss":-0.000163,"v_loss":320.377515,"entropy":-0.986491,"approx_kl":0.004955,"clipfrac":0.0754,"reward_mean":-5.609,"reward_std":25.3844,"reward_min":-209.8413,"reward_max":0.4772,"reward_scale":1.0,"throttle_mean":0.6605,"throttle_min":0.0229,"throttle_max":0.9955,"spawn_curriculum_enabled":true,"spawn_curriculum_mode":"staged","spawn_curriculum_progress":0.6667,"spawn_xy_half_width_m":1.5,"spawn_stage_index":2,"spawn_num_stages":4,"stage_success_count":0,"stage_termination_count":262,"stage_success_fraction":0.0,"stage_steps_in_stage":720896,"stage_advanced_this_update":false}
{"type":"train_update","update":229,"global_step":3751936,"wall_s":5106.61,"sps":734.7,"loss":176.53386,"loss_ema":172.174615,"loss_plateau_delta":1.089811,"loss_plateau_count":0,"pg_loss":-3.3e-05,"v_loss":353.057954,"entropy":-0.983252,"approx_kl":0.008732,"clipfrac":0.0988,"reward_mean":-6.3446,"reward_std":27.9537,"reward_min":-210.2587,"reward_max":0.668,"reward_scale":1.0,"throttle_mean":0.6521,"throttle_min":0.0185,"throttle_max":0.9947,"spawn_curriculum_enabled":true,"spawn_curriculum_mode":"staged","spawn_curriculum_progress":0.6667,"spawn_xy_half_width_m":1.5,"spawn_stage_index":2,"spawn_num_stages":4,"stage_success_count":0,"stage_termination_count":319,"stage_success_fraction":0.0,"stage_steps_in_stage":737280,"stage_advanced_this_update":false}
step=3,751,936 reward_mean=-6.345 kl=0.00873 clipfrac=0.099 eval={'landed_fraction': 0.0, 'crashed_fraction': 1.0, 'mean_touchdown_speed': nan, 'max_touchdown_speed': nan, 'mean_pad_distance': nan, 'max_pad_distance': nan, 'mean_delta_v_proxy': 12.603351593017578, 'mean_eval_throttle': 0.673738853070471, 'max_eval_throttle': 0.9302812814712524, 'max_upward_speed': 13.723615646362305, 'max_downward_speed': 5.141091823577881, 'passed': False}
{"type":"train_update","update":230,"global_step":3768320,"wall_s":5161.21,"sps":730.1,"loss":149.298882,"loss_ema":167.599468,"loss_plateau_delta":4.575147,"loss_plateau_count":0,"pg_loss":0.001942,"v_loss":298.584064,"entropy":-0.981256,"approx_kl":0.004604,"clipfrac":0.1255,"reward_mean":-5.3079,"reward_std":24.5322,"reward_min":-209.0958,"reward_max":0.2712,"reward_scale":1.0,"throttle_mean":0.663,"throttle_min":0.0372,"throttle_max":0.9986,"spawn_curriculum_enabled":true,"spawn_curriculum_mode":"staged","spawn_curriculum_progress":0.6667,"spawn_xy_half_width_m":1.5,"spawn_stage_index":2,"spawn_num_stages":4,"stage_success_count":0,"stage_termination_count":244,"stage_success_fraction":0.0,"stage_steps_in_stage":753664,"stage_advanced_this_update":false}
{"type":"train_update","update":231,"global_step":3784704,"wall_s":5167.95,"sps":732.3,"loss":159.210241,"loss_ema":165.921623,"loss_plateau_delta":1.677846,"loss_plateau_count":0,"pg_loss":0.001401,"v_loss":318.407855,"entropy":-0.982463,"approx_kl":0.004682,"clipfrac":0.0979,"reward_mean":-5.687,"reward_std":25.609,"reward_min":-209.7195,"reward_max":0.8961,"reward_scale":1.0,"throttle_mean":0.6725,"throttle_min":0.0371,"throttle_max":0.9953,"spawn_curriculum_enabled":true,"spawn_curriculum_mode":"staged","spawn_curriculum_progress":0.6667,"spawn_xy_half_width_m":1.5,"spawn_stage_index":2,"spawn_num_stages":4,"stage_success_count":0,"stage_termination_count":266,"stage_success_fraction":0.0,"stage_steps_in_stage":770048,"stage_advanced_this_update":false}
{"type":"train_update","update":232,"global_step":3801088,"wall_s":5175.5,"sps":734.4,"loss":158.197145,"loss_ema":164.376727,"loss_plateau_delta":1.544896,"loss_plateau_count":0,"pg_loss":-0.001454,"v_loss":316.387331,"entropy":-0.986586,"approx_kl":0.006388,"clipfrac":0.0515,"reward_mean":-5.9271,"reward_std":26.5493,"reward_min":-209.7099,"reward_max":0.8948,"reward_scale":1.0,"throttle_mean":0.6457,"throttle_min":0.0257,"throttle_max":0.9935,"spawn_curriculum_enabled":true,"spawn_curriculum_mode":"staged","spawn_curriculum_progress":0.6667,"spawn_xy_half_width_m":1.5,"spawn_stage_index":2,"spawn_num_stages":4,"stage_success_count":0,"stage_termination_count":287,"stage_success_fraction":0.0,"stage_steps_in_stage":786432,"stage_advanced_this_update":false}
step=3,801,088 reward_mean=-5.927 kl=0.00639 clipfrac=0.052 eval={'landed_fraction': 0.0, 'crashed_fraction': 1.0, 'mean_touchdown_speed': nan, 'max_touchdown_speed': nan, 'mean_pad_distance': nan, 'max_pad_distance': nan, 'mean_delta_v_proxy': 12.546130180358887, 'mean_eval_throttle': 0.6709751095374425, 'max_eval_throttle': 0.9302603602409363, 'max_upward_speed': 12.657000541687012, 'max_downward_speed': 5.111725807189941, 'passed': False}
{"type":"train_update","update":233,"global_step":3817472,"wall_s":5230.08,"sps":729.9,"loss":143.227656,"loss_ema":160.146913,"loss_plateau_delta":4.229814,"loss_plateau_count":0,"pg_loss":0.000426,"v_loss":286.4446,"entropy":-0.986008,"approx_kl":0.004042,"clipfrac":0.0851,"reward_mean":-5.2258,"reward_std":24.0446,"reward_min":-209.8154,"reward_max":0.4701,"reward_scale":1.0,"throttle_mean":0.6523,"throttle_min":0.041,"throttle_max":0.9952,"spawn_curriculum_enabled":true,"spawn_curriculum_mode":"staged","spawn_curriculum_progress":0.6667,"spawn_xy_half_width_m":1.5,"spawn_stage_index":2,"spawn_num_stages":4,"stage_success_count":0,"stage_termination_count":234,"stage_success_fraction":0.0,"stage_steps_in_stage":802816,"stage_advanced_this_update":false}
{"type":"train_update","update":234,"global_step":3833856,"wall_s":5236.22,"sps":732.2,"loss":151.717906,"loss_ema":158.461111,"loss_plateau_delta":1.685801,"loss_plateau_count":0,"pg_loss":0.002164,"v_loss":303.421662,"entropy":-0.982096,"approx_kl":0.027846,"clipfrac":0.1242,"reward_mean":-5.8235,"reward_std":26.1589,"reward_min":-209.1735,"reward_max":0.5431,"reward_scale":1.0,"throttle_mean":0.6687,"throttle_min":0.0186,"throttle_max":0.9964,"spawn_curriculum_enabled":true,"spawn_curriculum_mode":"staged","spawn_curriculum_progress":0.6667,"spawn_xy_half_width_m":1.5,"spawn_stage_index":2,"spawn_num_stages":4,"stage_success_count":0,"stage_termination_count":278,"stage_success_fraction":0.0,"stage_steps_in_stage":819200,"stage_advanced_this_update":false}
{"type":"train_update","update":235,"global_step":3850240,"wall_s":5244.13,"sps":734.2,"loss":150.565161,"loss_ema":156.881921,"loss_plateau_delta":1.57919,"loss_plateau_count":0,"pg_loss":0.003408,"v_loss":301.11367,"entropy":-0.983189,"approx_kl":0.005932,"clipfrac":0.1402,"reward_mean":-5.6829,"reward_std":25.6358,"reward_min":-211.263,"reward_max":0.92,"reward_scale":1.0,"throttle_mean":0.6715,"throttle_min":0.0326,"throttle_max":0.9961,"spawn_curriculum_enabled":true,"spawn_curriculum_mode":"staged","spawn_curriculum_progress":0.6667,"spawn_xy_half_width_m":1.5,"spawn_stage_index":2,"spawn_num_stages":4,"stage_success_count":0,"stage_termination_count":266,"stage_success_fraction":0.0,"stage_steps_in_stage":835584,"stage_advanced_this_update":false}
step=3,850,240 reward_mean=-5.683 kl=0.00593 clipfrac=0.140 eval={'landed_fraction': 0.0, 'crashed_fraction': 1.0, 'mean_touchdown_speed': nan, 'max_touchdown_speed': nan, 'mean_pad_distance': nan, 'max_pad_distance': nan, 'mean_delta_v_proxy': 13.752920150756836, 'mean_eval_throttle': 0.7041863750749164, 'max_eval_throttle': 0.9288619756698608, 'max_upward_speed': 13.262200355529785, 'max_downward_speed': 5.321132183074951, 'passed': False}
{"type":"train_update","update":236,"global_step":3866624,"wall_s":5297.87,"sps":729.8,"loss":140.367789,"loss_ema":153.579095,"loss_plateau_delta":3.302826,"loss_plateau_count":0,"pg_loss":0.001293,"v_loss":280.723163,"entropy":-0.982868,"approx_kl":0.006875,"clipfrac":0.11,"reward_mean":-4.9355,"reward_std":22.5116,"reward_min":-210.2392,"reward_max":0.872,"reward_scale":1.0,"throttle_mean":0.6707,"throttle_min":0.0406,"throttle_max":0.9969,"spawn_curriculum_enabled":true,"spawn_curriculum_mode":"staged","spawn_curriculum_progress":0.6667,"spawn_xy_half_width_m":1.5,"spawn_stage_index":2,"spawn_num_stages":4,"stage_success_count":0,"stage_termination_count":204,"stage_success_fraction":0.0,"stage_steps_in_stage":851968,"stage_advanced_this_update":false}
{"type":"train_update","update":237,"global_step":3883008,"wall_s":5304.28,"sps":732.1,"loss":148.835169,"loss_ema":152.63031,"loss_plateau_delta":0.948785,"loss_plateau_count":0,"pg_loss":-0.000691,"v_loss":297.661889,"entropy":-0.983038,"approx_kl":0.004725,"clipfrac":0.0565,"reward_mean":-6.0966,"reward_std":27.1796,"reward_min":-210.4155,"reward_max":0.9398,"reward_scale":1.0,"throttle_mean":0.6773,"throttle_min":0.0305,"throttle_max":0.9967,"spawn_curriculum_enabled":true,"spawn_curriculum_mode":"staged","spawn_curriculum_progress":0.6667,"spawn_xy_half_width_m":1.5,"spawn_stage_index":2,"spawn_num_stages":4,"stage_success_count":0,"stage_termination_count":300,"stage_success_fraction":0.0,"stage_steps_in_stage":868352,"stage_advanced_this_update":false}
{"type":"train_update","update":238,"global_step":3899392,"wall_s":5311.67,"sps":734.1,"loss":147.386028,"loss_ema":151.581453,"loss_plateau_delta":1.048856,"loss_plateau_count":0,"pg_loss":0.000544,"v_loss":294.761133,"entropy":-0.98336,"approx_kl":0.005135,"clipfrac":0.0699,"reward_mean":-5.7113,"reward_std":25.6642,"reward_min":-209.8324,"reward_max":0.8321,"reward_scale":1.0,"throttle_mean":0.6659,"throttle_min":0.0224,"throttle_max":0.9942,"spawn_curriculum_enabled":true,"spawn_curriculum_mode":"staged","spawn_curriculum_progress":0.6667,"spawn_xy_half_width_m":1.5,"spawn_stage_index":2,"spawn_num_stages":4,"stage_success_count":0,"stage_termination_count":267,"stage_success_fraction":0.0,"stage_steps_in_stage":884736,"stage_advanced_this_update":false}
{"type":"train_update","update":239,"global_step":3915776,"wall_s":5318.49,"sps":736.3,"loss":143.698069,"loss_ema":150.004776,"loss_plateau_delta":1.576677,"loss_plateau_count":0,"pg_loss":0.000297,"v_loss":287.385707,"entropy":-0.98377,"approx_kl":0.006959,"clipfrac":0.0903,"reward_mean":-6.0082,"reward_std":26.9621,"reward_min":-211.2714,"reward_max":0.6179,"reward_scale":1.0,"throttle_mean":0.6571,"throttle_min":0.0252,"throttle_max":0.9945,"spawn_curriculum_enabled":true,"spawn_curriculum_mode":"staged","spawn_curriculum_progress":0.6667,"spawn_xy_half_width_m":1.5,"spawn_stage_index":2,"spawn_num_stages":4,"stage_success_count":0,"stage_termination_count":295,"stage_success_fraction":0.0,"stage_steps_in_stage":901120,"stage_advanced_this_update":false}
step=3,915,776 reward_mean=-6.008 kl=0.00696 clipfrac=0.090 eval={'landed_fraction': 0.0, 'crashed_fraction': 1.0, 'mean_touchdown_speed': nan, 'max_touchdown_speed': nan, 'mean_pad_distance': nan, 'max_pad_distance': nan, 'mean_delta_v_proxy': 12.428495407104492, 'mean_eval_throttle': 0.6672428686088986, 'max_eval_throttle': 0.9313299655914307, 'max_upward_speed': 12.186580657958984, 'max_downward_speed': 5.075751304626465, 'passed': False}
{"type":"train_update","update":240,"global_step":3932160,"wall_s":5372.8,"sps":731.9,"loss":133.410135,"loss_ema":146.685848,"loss_plateau_delta":3.318928,"loss_plateau_count":0,"pg_loss":0.00166,"v_loss":266.807129,"entropy":-0.982397,"approx_kl":0.006748,"clipfrac":0.1113,"reward_mean":-5.3927,"reward_std":24.8497,"reward_min":-209.9628,"reward_max":0.7082,"reward_scale":1.0,"throttle_mean":0.6583,"throttle_min":0.0326,"throttle_max":0.9949,"spawn_curriculum_enabled":true,"spawn_curriculum_mode":"staged","spawn_curriculum_progress":0.6667,"spawn_xy_half_width_m":1.5,"spawn_stage_index":2,"spawn_num_stages":4,"stage_success_count":0,"stage_termination_count":250,"stage_success_fraction":0.0,"stage_steps_in_stage":917504,"stage_advanced_this_update":false}
{"type":"train_update","update":241,"global_step":3948544,"wall_s":5379.74,"sps":734.0,"loss":135.50598,"loss_ema":144.449874,"loss_plateau_delta":2.235974,"loss_plateau_count":0,"pg_loss":0.002343,"v_loss":270.997458,"entropy":-0.981507,"approx_kl":0.004074,"clipfrac":0.1229,"reward_mean":-5.8216,"reward_std":26.3142,"reward_min":-209.7358,"reward_max":0.9167,"reward_scale":1.0,"throttle_mean":0.6542,"throttle_min":0.0313,"throttle_max":0.9974,"spawn_curriculum_enabled":true,"spawn_curriculum_mode":"staged","spawn_curriculum_progress":0.6667,"spawn_xy_half_width_m":1.5,"spawn_stage_index":2,"spawn_num_stages":4,"stage_success_count":0,"stage_termination_count":282,"stage_success_fraction":0.0,"stage_steps_in_stage":933888,"stage_advanced_this_update":false}
{"type":"train_update","update":242,"global_step":3964928,"wall_s":5387.18,"sps":736.0,"loss":136.683221,"loss_ema":142.896544,"loss_plateau_delta":1.553331,"loss_plateau_count":0,"pg_loss":1e-05,"v_loss":273.356621,"entropy":-0.980118,"approx_kl":0.005224,"clipfrac":0.0716,"reward_mean":-6.2401,"reward_std":27.7869,"reward_min":-209.4464,"reward_max":1.0568,"reward_scale":1.0,"throttle_mean":0.644,"throttle_min":0.0313,"throttle_max":0.9944,"spawn_curriculum_enabled":true,"spawn_curriculum_mode":"staged","spawn_curriculum_progress":0.6667,"spawn_xy_half_width_m":1.5,"spawn_stage_index":2,"spawn_num_stages":4,"stage_success_count":0,"stage_termination_count":316,"stage_success_fraction":0.0,"stage_steps_in_stage":950272,"stage_advanced_this_update":false}
step=3,964,928 reward_mean=-6.240 kl=0.00522 clipfrac=0.072 eval={'landed_fraction': 0.0, 'crashed_fraction': 1.0, 'mean_touchdown_speed': nan, 'max_touchdown_speed': nan, 'mean_pad_distance': nan, 'max_pad_distance': nan, 'mean_delta_v_proxy': 12.097850799560547, 'mean_eval_throttle': 0.6572047779957454, 'max_eval_throttle': 0.932958722114563, 'max_upward_speed': 11.763757705688477, 'max_downward_speed': 5.143795013427734, 'passed': False}
{"type":"train_update","update":243,"global_step":3981312,"wall_s":5441.89,"sps":731.6,"loss":121.670902,"loss_ema":138.651415,"loss_plateau_delta":4.245128,"loss_plateau_count":0,"pg_loss":-0.000516,"v_loss":243.333014,"entropy":-0.982293,"approx_kl":0.006666,"clipfrac":0.0534,"reward_mean":-5.4226,"reward_std":24.9725,"reward_min":-210.5182,"reward_max":0.7828,"reward_scale":1.0,"throttle_mean":0.6513,"throttle_min":0.0216,"throttle_max":0.9976,"spawn_curriculum_enabled":true,"spawn_curriculum_mode":"staged","spawn_curriculum_progress":0.6667,"spawn_xy_half_width_m":1.5,"spawn_stage_index":2,"spawn_num_stages":4,"stage_success_count":0,"stage_termination_count":254,"stage_success_fraction":0.0,"stage_steps_in_stage":966656,"stage_advanced_this_update":false}
{"type":"train_update","update":244,"global_step":3997696,"wall_s":5447.92,"sps":733.8,"loss":120.200064,"loss_ema":134.961145,"loss_plateau_delta":3.69027,"loss_plateau_count":0,"pg_loss":0.000546,"v_loss":240.389189,"entropy":-0.984606,"approx_kl":0.005854,"clipfrac":0.0909,"reward_mean":-5.6604,"reward_std":25.8117,"reward_min":-210.7554,"reward_max":0.9861,"reward_scale":1.0,"throttle_mean":0.6344,"throttle_min":0.0217,"throttle_max":0.9962,"spawn_curriculum_enabled":true,"spawn_curriculum_mode":"staged","spawn_curriculum_progress":0.6667,"spawn_xy_half_width_m":1.5,"spawn_stage_index":2,"spawn_num_stages":4,"stage_success_count":0,"stage_termination_count":272,"stage_success_fraction":0.0,"stage_steps_in_stage":983040,"stage_advanced_this_update":false}
{"type":"train_update","update":245,"global_step":4014080,"wall_s":5455.82,"sps":735.7,"loss":126.869842,"loss_ema":133.342884,"loss_plateau_delta":1.618261,"loss_plateau_count":0,"pg_loss":-0.00124,"v_loss":253.732337,"entropy":-0.982397,"approx_kl":0.006079,"clipfrac":0.0509,"reward_mean":-6.3038,"reward_std":28.0684,"reward_min":-209.0254,"reward_max":0.6907,"reward_scale":1.0,"throttle_mean":0.6324,"throttle_min":0.0079,"throttle_max":0.9964,"spawn_curriculum_enabled":true,"spawn_curriculum_mode":"staged","spawn_curriculum_progress":0.6667,"spawn_xy_half_width_m":1.5,"spawn_stage_index":2,"spawn_num_stages":4,"stage_success_count":0,"stage_termination_count":323,"stage_success_fraction":0.0,"stage_steps_in_stage":999424,"stage_advanced_this_update":false}
step=4,014,080 reward_mean=-6.304 kl=0.00608 clipfrac=0.051 eval={'landed_fraction': 0.0, 'crashed_fraction': 1.0, 'mean_touchdown_speed': nan, 'max_touchdown_speed': nan, 'mean_pad_distance': nan, 'max_pad_distance': nan, 'mean_delta_v_proxy': 12.110414505004883, 'mean_eval_throttle': 0.6576604066954719, 'max_eval_throttle': 0.9391684532165527, 'max_upward_speed': 12.43680191040039, 'max_downward_speed': 5.1573662757873535, 'passed': False}
{"type":"train_update","update":246,"global_step":4030464,"wall_s":5510.01,"sps":731.5,"loss":118.52319,"loss_ema":130.378946,"loss_plateau_delta":2.963939,"loss_plateau_count":0,"pg_loss":-3e-05,"v_loss":237.036648,"entropy":-0.979232,"approx_kl":0.005391,"clipfrac":0.0857,"reward_mean":-5.3729,"reward_std":24.7453,"reward_min":-209.1447,"reward_max":0.9904,"reward_scale":1.0,"throttle_mean":0.649,"throttle_min":0.0264,"throttle_max":0.9966,"spawn_curriculum_enabled":true,"spawn_curriculum_mode":"staged","spawn_curriculum_progress":0.6667,"spawn_xy_half_width_m":1.5,"spawn_stage_index":2,"spawn_num_stages":4,"stage_success_count":0,"stage_termination_count":249,"stage_success_fraction":0.0,"stage_steps_in_stage":1015808,"stage_advanced_this_update":false}
{"type":"train_update","update":247,"global_step":4046848,"wall_s":5516.3,"sps":733.6,"loss":121.913521,"loss_ema":128.685861,"loss_plateau_delta":1.693085,"loss_plateau_count":0,"pg_loss":0.000128,"v_loss":243.817064,"entropy":-0.972158,"approx_kl":0.008939,"clipfrac":0.071,"reward_mean":-5.6982,"reward_std":25.7985,"reward_min":-209.9862,"reward_max":0.9705,"reward_scale":1.0,"throttle_mean":0.6482,"throttle_min":0.0222,"throttle_max":0.994,"spawn_curriculum_enabled":true,"spawn_curriculum_mode":"staged","spawn_curriculum_progress":0.6667,"spawn_xy_half_width_m":1.5,"spawn_stage_index":2,"spawn_num_stages":4,"stage_success_count":0,"stage_termination_count":271,"stage_success_fraction":0.0,"stage_steps_in_stage":1032192,"stage_advanced_this_update":false}
{"type":"train_update","update":248,"global_step":4063232,"wall_s":5524.14,"sps":735.5,"loss":123.373706,"loss_ema":127.62343,"loss_plateau_delta":1.062431,"loss_plateau_count":0,"pg_loss":0.000913,"v_loss":246.735912,"entropy":-0.967182,"approx_kl":0.00572,"clipfrac":0.096,"reward_mean":-6.1699,"reward_std":27.6351,"reward_min":-210.5804,"reward_max":0.9374,"reward_scale":1.0,"throttle_mean":0.6455,"throttle_min":0.0342,"throttle_max":0.9964,"spawn_curriculum_enabled":true,"spawn_curriculum_mode":"staged","spawn_curriculum_progress":0.6667,"spawn_xy_half_width_m":1.5,"spawn_stage_index":2,"spawn_num_stages":4,"stage_success_count":0,"stage_termination_count":312,"stage_success_fraction":0.0,"stage_steps_in_stage":1048576,"stage_advanced_this_update":false}
step=4,063,232 reward_mean=-6.170 kl=0.00572 clipfrac=0.096 eval={'landed_fraction': 0.0, 'crashed_fraction': 1.0, 'mean_touchdown_speed': nan, 'max_touchdown_speed': nan, 'mean_pad_distance': nan, 'max_pad_distance': nan, 'mean_delta_v_proxy': 12.278045654296875, 'mean_eval_throttle': 0.6614457639720704, 'max_eval_throttle': 0.9399946331977844, 'max_upward_speed': 12.70250415802002, 'max_downward_speed': 5.165959358215332, 'passed': False}
{"type":"train_update","update":249,"global_step":4079616,"wall_s":5578.19,"sps":731.4,"loss":111.946272,"loss_ema":124.487998,"loss_plateau_delta":3.135432,"loss_plateau_count":0,"pg_loss":0.003472,"v_loss":223.875947,"entropy":-0.965193,"approx_kl":0.016626,"clipfrac":0.1334,"reward_mean":-5.342,"reward_std":24.7944,"reward_min":-210.989,"reward_max":0.889,"reward_scale":1.0,"throttle_mean":0.6475,"throttle_min":0.0309,"throttle_max":0.9952,"spawn_curriculum_enabled":true,"spawn_curriculum_mode":"staged","spawn_curriculum_progress":0.6667,"spawn_xy_half_width_m":1.5,"spawn_stage_index":2,"spawn_num_stages":4,"stage_success_count":0,"stage_termination_count":250,"stage_success_fraction":0.0,"stage_steps_in_stage":1064960,"stage_advanced_this_update":false}
{"type":"train_update","update":250,"global_step":4096000,"wall_s":5584.63,"sps":733.4,"loss":114.677817,"loss_ema":122.525962,"loss_plateau_delta":1.962036,"loss_plateau_count":0,"pg_loss":0.005122,"v_loss":229.335748,"entropy":-0.964335,"approx_kl":0.008744,"clipfrac":0.1405,"reward_mean":-5.5994,"reward_std":25.4653,"reward_min":-210.5058,"reward_max":0.6987,"reward_scale":1.0,"throttle_mean":0.656,"throttle_min":0.0288,"throttle_max":0.9968,"spawn_curriculum_enabled":true,"spawn_curriculum_mode":"staged","spawn_curriculum_progress":0.6667,"spawn_xy_half_width_m":1.5,"spawn_stage_index":2,"spawn_num_stages":4,"stage_success_count":0,"stage_termination_count":264,"stage_success_fraction":0.0,"stage_steps_in_stage":1081344,"stage_advanced_this_update":false}
{"type":"train_update","update":251,"global_step":4112384,"wall_s":5591.54,"sps":735.5,"loss":118.320065,"loss_ema":121.684782,"loss_plateau_delta":0.841179,"loss_plateau_count":0,"pg_loss":0.001409,"v_loss":236.627648,"entropy":-0.966402,"approx_kl":0.004036,"clipfrac":0.0972,"reward_mean":-5.7867,"reward_std":26.1276,"reward_min":-209.97,"reward_max":0.9994,"reward_scale":1.0,"throttle_mean":0.6388,"throttle_min":0.0234,"throttle_max":0.9977,"spawn_curriculum_enabled":true,"spawn_curriculum_mode":"staged","spawn_curriculum_progress":0.6667,"spawn_xy_half_width_m":1.5,"spawn_stage_index":2,"spawn_num_stages":4,"stage_success_count":0,"stage_termination_count":278,"stage_success_fraction":0.0,"stage_steps_in_stage":1097728,"stage_advanced_this_update":false}
step=4,112,384 reward_mean=-5.787 kl=0.00404 clipfrac=0.097 eval={'landed_fraction': 0.0, 'crashed_fraction': 1.0, 'mean_touchdown_speed': nan, 'max_touchdown_speed': nan, 'mean_pad_distance': nan, 'max_pad_distance': nan, 'mean_delta_v_proxy': 12.261852264404297, 'mean_eval_throttle': 0.6597225207752652, 'max_eval_throttle': 0.9442436099052429, 'max_upward_speed': 14.173097610473633, 'max_downward_speed': 5.158982753753662, 'passed': False}
{"type":"train_update","update":252,"global_step":4128768,"wall_s":5645.43,"sps":731.3,"loss":109.782856,"loss_ema":119.304397,"loss_plateau_delta":2.380385,"loss_plateau_count":0,"pg_loss":-0.000888,"v_loss":219.557847,"entropy":-0.964189,"approx_kl":0.011335,"clipfrac":0.0694,"reward_mean":-5.1539,"reward_std":23.7107,"reward_min":-209.7533,"reward_max":0.8776,"reward_scale":1.0,"throttle_mean":0.643,"throttle_min":0.0147,"throttle_max":0.9972,"spawn_curriculum_enabled":true,"spawn_curriculum_mode":"staged","spawn_curriculum_progress":0.6667,"spawn_xy_half_width_m":1.5,"spawn_stage_index":2,"spawn_num_stages":4,"stage_success_count":0,"stage_termination_count":228,"stage_success_fraction":0.0,"stage_steps_in_stage":1114112,"stage_advanced_this_update":false}
{"type":"train_update","update":253,"global_step":4145152,"wall_s":5651.99,"sps":733.4,"loss":113.612962,"loss_ema":118.16611,"loss_plateau_delta":1.138287,"loss_plateau_count":0,"pg_loss":8.9e-05,"v_loss":227.216152,"entropy":-0.959348,"approx_kl":0.008663,"clipfrac":0.0804,"reward_mean":-5.8278,"reward_std":26.2854,"reward_min":-211.0107,"reward_max":0.5377,"reward_scale":1.0,"throttle_mean":0.6588,"throttle_min":0.0244,"throttle_max":0.9979,"spawn_curriculum_enabled":true,"spawn_curriculum_mode":"staged","spawn_curriculum_progress":0.6667,"spawn_xy_half_width_m":1.5,"spawn_stage_index":2,"spawn_num_stages":4,"stage_success_count":0,"stage_termination_count":281,"stage_success_fraction":0.0,"stage_steps_in_stage":1130496,"stage_advanced_this_update":false}
{"type":"train_update","update":254,"global_step":4161536,"wall_s":5658.0,"sps":735.5,"loss":109.638026,"loss_ema":116.460493,"loss_plateau_delta":1.705617,"loss_plateau_count":0,"pg_loss":-8.9e-05,"v_loss":219.266649,"entropy":-0.958191,"approx_kl":0.006091,"clipfrac":0.0825,"reward_mean":-5.615,"reward_std":25.5629,"reward_min":-209.8019,"reward_max":0.4383,"reward_scale":1.0,"throttle_mean":0.6419,"throttle_min":0.0242,"throttle_max":0.9947,"spawn_curriculum_enabled":true,"spawn_curriculum_mode":"staged","spawn_curriculum_progress":0.6667,"spawn_xy_half_width_m":1.5,"spawn_stage_index":2,"spawn_num_stages":4,"stage_success_count":0,"stage_termination_count":266,"stage_success_fraction":0.0,"stage_steps_in_stage":1146880,"stage_advanced_this_update":false}
step=4,161,536 reward_mean=-5.615 kl=0.00609 clipfrac=0.083 eval={'landed_fraction': 0.0, 'crashed_fraction': 1.0, 'mean_touchdown_speed': nan, 'max_touchdown_speed': nan, 'mean_pad_distance': nan, 'max_pad_distance': nan, 'mean_delta_v_proxy': 12.375664710998535, 'mean_eval_throttle': 0.6641685253050592, 'max_eval_throttle': 0.9444947242736816, 'max_upward_speed': 12.33806037902832, 'max_downward_speed': 5.0988593101501465, 'passed': False}
{"type":"train_update","update":255,"global_step":4177920,"wall_s":5713.52,"sps":731.2,"loss":105.980712,"loss_ema":114.364537,"loss_plateau_delta":2.095956,"loss_plateau_count":0,"pg_loss":-0.000455,"v_loss":211.952767,"entropy":-0.956659,"approx_kl":0.00829,"clipfrac":0.067,"reward_mean":-5.345,"reward_std":24.6327,"reward_min":-210.472,"reward_max":0.406,"reward_scale":1.0,"throttle_mean":0.6508,"throttle_min":0.0131,"throttle_max":0.9965,"spawn_curriculum_enabled":true,"spawn_curriculum_mode":"staged","spawn_curriculum_progress":0.6667,"spawn_xy_half_width_m":1.5,"spawn_stage_index":2,"spawn_num_stages":4,"stage_success_count":0,"stage_termination_count":246,"stage_success_fraction":0.0,"stage_steps_in_stage":1163264,"stage_advanced_this_update":false}
{"type":"train_update","update":256,"global_step":4194304,"wall_s":5719.75,"sps":733.3,"loss":102.678045,"loss_ema":112.027239,"loss_plateau_delta":2.337298,"loss_plateau_count":0,"pg_loss":0.000187,"v_loss":205.346224,"entropy":-0.949335,"approx_kl":0.005971,"clipfrac":0.0885,"reward_mean":-5.648,"reward_std":25.7631,"reward_min":-209.7708,"reward_max":0.5866,"reward_scale":1.0,"throttle_mean":0.6555,"throttle_min":0.0176,"throttle_max":0.997,"spawn_curriculum_enabled":true,"spawn_curriculum_mode":"staged","spawn_curriculum_progress":0.6667,"spawn_xy_half_width_m":1.5,"spawn_stage_index":2,"spawn_num_stages":4,"stage_success_count":0,"stage_termination_count":270,"stage_success_fraction":0.0,"stage_steps_in_stage":1179648,"stage_advanced_this_update":false}
{"type":"train_update","update":257,"global_step":4210688,"wall_s":5726.09,"sps":735.4,"loss":107.290843,"loss_ema":111.07996,"loss_plateau_delta":0.947279,"loss_plateau_count":0,"pg_loss":-0.000834,"v_loss":214.573891,"entropy":-0.946481,"approx_kl":0.009769,"clipfrac":0.0696,"reward_mean":-5.7464,"reward_std":26.0285,"reward_min":-210.606,"reward_max":0.8009,"reward_scale":1.0,"throttle_mean":0.6427,"throttle_min":0.0312,"throttle_max":0.9958,"spawn_curriculum_enabled":true,"spawn_curriculum_mode":"staged","spawn_curriculum_progress":0.6667,"spawn_xy_half_width_m":1.5,"spawn_stage_index":2,"spawn_num_stages":4,"stage_success_count":0,"stage_termination_count":275,"stage_success_fraction":0.0,"stage_steps_in_stage":1196032,"stage_advanced_this_update":false}
step=4,210,688 reward_mean=-5.746 kl=0.00977 clipfrac=0.070 eval={'landed_fraction': 0.0, 'crashed_fraction': 1.0, 'mean_touchdown_speed': nan, 'max_touchdown_speed': nan, 'mean_pad_distance': nan, 'max_pad_distance': nan, 'mean_delta_v_proxy': 12.285261154174805, 'mean_eval_throttle': 0.6603703373008304, 'max_eval_throttle': 0.9458475112915039, 'max_upward_speed': 12.46835994720459, 'max_downward_speed': 5.166393756866455, 'passed': False}
{"type":"train_update","update":258,"global_step":4227072,"wall_s":5780.69,"sps":731.2,"loss":101.440561,"loss_ema":109.15208,"loss_plateau_delta":1.92788,"loss_plateau_count":0,"pg_loss":-0.001332,"v_loss":202.874348,"entropy":-0.943841,"approx_kl":0.009441,"clipfrac":0.0638,"reward_mean":-5.2503,"reward_std":24.299,"reward_min":-210.849,"reward_max":0.3817,"reward_scale":1.0,"throttle_mean":0.6419,"throttle_min":0.0232,"throttle_max":0.9978,"spawn_curriculum_enabled":true,"spawn_curriculum_mode":"staged","spawn_curriculum_progress":0.6667,"spawn_xy_half_width_m":1.5,"spawn_stage_index":2,"spawn_num_stages":4,"stage_success_count":0,"stage_termination_count":239,"stage_success_fraction":0.0,"stage_steps_in_stage":1212416,"stage_advanced_this_update":false}
{"type":"train_update","update":259,"global_step":4243456,"wall_s":5787.43,"sps":733.2,"loss":89.896448,"loss_ema":105.300954,"loss_plateau_delta":3.851126,"loss_plateau_count":0,"pg_loss":7.8e-05,"v_loss":179.783324,"entropy":-0.941652,"approx_kl":0.005511,"clipfrac":0.0549,"reward_mean":-5.6088,"reward_std":25.892,"reward_min":-210.0085,"reward_max":0.7992,"reward_scale":1.0,"throttle_mean":0.645,"throttle_min":0.0277,"throttle_max":0.9974,"spawn_curriculum_enabled":true,"spawn_curriculum_mode":"staged","spawn_curriculum_progress":0.6667,"spawn_xy_half_width_m":1.5,"spawn_stage_index":2,"spawn_num_stages":4,"stage_success_count":0,"stage_termination_count":273,"stage_success_fraction":0.0,"stage_steps_in_stage":1228800,"stage_advanced_this_update":false}
{"type":"train_update","update":260,"global_step":4259840,"wall_s":5794.01,"sps":735.2,"loss":94.383312,"loss_ema":103.117425,"loss_plateau_delta":2.183528,"loss_plateau_count":0,"pg_loss":-0.000167,"v_loss":188.757542,"entropy":-0.941685,"approx_kl":0.005626,"clipfrac":0.0762,"reward_mean":-5.663,"reward_std":26.0048,"reward_min":-209.6027,"reward_max":0.9939,"reward_scale":1.0,"throttle_mean":0.6273,"throttle_min":0.027,"throttle_max":0.998,"spawn_curriculum_enabled":true,"spawn_curriculum_mode":"staged","spawn_curriculum_progress":0.6667,"spawn_xy_half_width_m":1.5,"spawn_stage_index":2,"spawn_num_stages":4,"stage_success_count":0,"stage_termination_count":275,"stage_success_fraction":0.0,"stage_steps_in_stage":1245184,"stage_advanced_this_update":false}
step=4,259,840 reward_mean=-5.663 kl=0.00563 clipfrac=0.076 eval={'landed_fraction': 0.0, 'crashed_fraction': 1.0, 'mean_touchdown_speed': nan, 'max_touchdown_speed': nan, 'mean_pad_distance': nan, 'max_pad_distance': nan, 'mean_delta_v_proxy': 11.755224227905273, 'mean_eval_throttle': 0.647958441707823, 'max_eval_throttle': 0.9490227699279785, 'max_upward_speed': 12.249574661254883, 'max_downward_speed': 5.080795764923096, 'passed': False}
{"type":"train_update","update":261,"global_step":4276224,"wall_s":5848.21,"sps":731.2,"loss":91.058002,"loss_ema":100.705541,"loss_plateau_delta":2.411885,"loss_plateau_count":0,"pg_loss":-0.001472,"v_loss":182.109521,"entropy":-0.942614,"approx_kl":0.006566,"clipfrac":0.0636,"reward_mean":-5.3751,"reward_std":24.9239,"reward_min":-209.8537,"reward_max":0.848,"reward_scale":1.0,"throttle_mean":0.641,"throttle_min":0.0128,"throttle_max":0.996,"spawn_curriculum_enabled":true,"spawn_curriculum_mode":"staged","spawn_curriculum_progress":0.6667,"spawn_xy_half_width_m":1.5,"spawn_stage_index":2,"spawn_num_stages":4,"stage_success_count":0,"stage_termination_count":253,"stage_success_fraction":0.0,"stage_steps_in_stage":1261568,"stage_advanced_this_update":false}
{"type":"train_update","update":262,"global_step":4292608,"wall_s":5855.48,"sps":733.1,"loss":86.685669,"loss_ema":97.901566,"loss_plateau_delta":2.803974,"loss_plateau_count":0,"pg_loss":0.003211,"v_loss":173.355487,"entropy":-0.942707,"approx_kl":0.00554,"clipfrac":0.1163,"reward_mean":-5.466,"reward_std":25.2095,"reward_min":-210.3992,"reward_max":0.6597,"reward_scale":1.0,"throttle_mean":0.6281,"throttle_min":0.0165,"throttle_max":0.9966,"spawn_curriculum_enabled":true,"spawn_curriculum_mode":"staged","spawn_curriculum_progress":0.6667,"spawn_xy_half_width_m":1.5,"spawn_stage_index":2,"spawn_num_stages":4,"stage_success_count":0,"stage_termination_count":259,"stage_success_fraction":0.0,"stage_steps_in_stage":1277952,"stage_advanced_this_update":false}
{"type":"train_update","update":263,"global_step":4308992,"wall_s":5862.14,"sps":735.1,"loss":88.438147,"loss_ema":96.008882,"loss_plateau_delta":1.892684,"loss_plateau_count":0,"pg_loss":-0.001419,"v_loss":176.869737,"entropy":-0.939314,"approx_kl":0.005812,"clipfrac":0.039,"reward_mean":-5.8715,"reward_std":26.7901,"reward_min":-209.7493,"reward_max":0.7916,"reward_scale":1.0,"throttle_mean":0.6148,"throttle_min":0.0226,"throttle_max":0.9965,"spawn_curriculum_enabled":true,"spawn_curriculum_mode":"staged","spawn_curriculum_progress":0.6667,"spawn_xy_half_width_m":1.5,"spawn_stage_index":2,"spawn_num_stages":4,"stage_success_count":0,"stage_termination_count":293,"stage_success_fraction":0.0,"stage_steps_in_stage":1294336,"stage_advanced_this_update":false}
step=4,308,992 reward_mean=-5.872 kl=0.00581 clipfrac=0.039 eval={'landed_fraction': 0.0, 'crashed_fraction': 1.0, 'mean_touchdown_speed': nan, 'max_touchdown_speed': nan, 'mean_pad_distance': nan, 'max_pad_distance': nan, 'mean_delta_v_proxy': 11.445999145507812, 'mean_eval_throttle': 0.6395063334041171, 'max_eval_throttle': 0.9485020041465759, 'max_upward_speed': 12.477856636047363, 'max_downward_speed': 5.014108180999756, 'passed': False}
{"type":"train_update","update":264,"global_step":4325376,"wall_s":5915.46,"sps":731.2,"loss":87.482382,"loss_ema":94.303582,"loss_plateau_delta":1.7053,"loss_plateau_count":0,"pg_loss":-0.000569,"v_loss":174.956564,"entropy":-0.933845,"approx_kl":0.005613,"clipfrac":0.0681,"reward_mean":-5.2284,"reward_std":24.1333,"reward_min":-210.2964,"reward_max":0.7817,"reward_scale":1.0,"throttle_mean":0.6271,"throttle_min":0.0194,"throttle_max":0.997,"spawn_curriculum_enabled":true,"spawn_curriculum_mode":"staged","spawn_curriculum_progress":0.6667,"spawn_xy_half_width_m":1.5,"spawn_stage_index":2,"spawn_num_stages":4,"stage_success_count":0,"stage_termination_count":237,"stage_success_fraction":0.0,"stage_steps_in_stage":1310720,"stage_advanced_this_update":false}
{"type":"train_update","update":265,"global_step":4341760,"wall_s":5923.62,"sps":733.0,"loss":82.981632,"loss_ema":92.039192,"loss_plateau_delta":2.26439,"loss_plateau_count":0,"pg_loss":0.000613,"v_loss":165.952761,"entropy":-0.927756,"approx_kl":0.005912,"clipfrac":0.078,"reward_mean":-5.6658,"reward_std":26.0075,"reward_min":-210.4852,"reward_max":0.804,"reward_scale":1.0,"throttle_mean":0.6345,"throttle_min":0.0243,"throttle_max":0.9975,"spawn_curriculum_enabled":true,"spawn_curriculum_mode":"staged","spawn_curriculum_progress":0.6667,"spawn_xy_half_width_m":1.5,"spawn_stage_index":2,"spawn_num_stages":4,"stage_success_count":0,"stage_termination_count":276,"stage_success_fraction":0.0,"stage_steps_in_stage":1327104,"stage_advanced_this_update":false}
{"type":"train_update","update":266,"global_step":4358144,"wall_s":5930.01,"sps":734.9,"loss":84.847427,"loss_ema":90.600839,"loss_plateau_delta":1.438353,"loss_plateau_count":0,"pg_loss":-0.000227,"v_loss":169.686022,"entropy":-0.928286,"approx_kl":0.005392,"clipfrac":0.0781,"reward_mean":-5.5418,"reward_std":25.5428,"reward_min":-210.585,"reward_max":0.8214,"reward_scale":1.0,"throttle_mean":0.6125,"throttle_min":0.0234,"throttle_max":0.996,"spawn_curriculum_enabled":true,"spawn_curriculum_mode":"staged","spawn_curriculum_progress":0.6667,"spawn_xy_half_width_m":1.5,"spawn_stage_index":2,"spawn_num_stages":4,"stage_success_count":0,"stage_termination_count":265,"stage_success_fraction":0.0,"stage_steps_in_stage":1343488,"stage_advanced_this_update":false}
step=4,358,144 reward_mean=-5.542 kl=0.00539 clipfrac=0.078 eval={'landed_fraction': 0.0, 'crashed_fraction': 1.0, 'mean_touchdown_speed': nan, 'max_touchdown_speed': nan, 'mean_pad_distance': nan, 'max_pad_distance': nan, 'mean_delta_v_proxy': 11.387996673583984, 'mean_eval_throttle': 0.6367429383926921, 'max_eval_throttle': 0.947888195514679, 'max_upward_speed': 12.00937271118164, 'max_downward_speed': 4.938310146331787, 'passed': False}
{"type":"train_update","update":267,"global_step":4374528,"wall_s":5983.73,"sps":731.1,"loss":78.553818,"loss_ema":88.191435,"loss_plateau_delta":2.409404,"loss_plateau_count":0,"pg_loss":-0.000254,"v_loss":157.098878,"entropy":-0.92664,"approx_kl":0.007124,"clipfrac":0.0636,"reward_mean":-5.1836,"reward_std":24.2621,"reward_min":-209.2576,"reward_max":0.9851,"reward_scale":1.0,"throttle_mean":0.6302,"throttle_min":0.021,"throttle_max":0.9973,"spawn_curriculum_enabled":true,"spawn_curriculum_mode":"staged","spawn_curriculum_progress":0.6667,"spawn_xy_half_width_m":1.5,"spawn_stage_index":2,"spawn_num_stages":4,"stage_success_count":0,"stage_termination_count":239,"stage_success_fraction":0.0,"stage_steps_in_stage":1359872,"stage_advanced_this_update":false}
{"type":"train_update","update":268,"global_step":4390912,"wall_s":5991.38,"sps":732.9,"loss":79.640362,"loss_ema":86.48122,"loss_plateau_delta":1.710215,"loss_plateau_count":0,"pg_loss":-0.001159,"v_loss":159.273824,"entropy":-0.921769,"approx_kl":0.007355,"clipfrac":0.0678,"reward_mean":-5.6608,"reward_std":26.0527,"reward_min":-210.1914,"reward_max":1.0349,"reward_scale":1.0,"throttle_mean":0.6251,"throttle_min":0.0143,"throttle_max":0.9977,"spawn_curriculum_enabled":true,"spawn_curriculum_mode":"staged","spawn_curriculum_progress":0.6667,"spawn_xy_half_width_m":1.5,"spawn_stage_index":2,"spawn_num_stages":4,"stage_success_count":0,"stage_termination_count":277,"stage_success_fraction":0.0,"stage_steps_in_stage":1376256,"stage_advanced_this_update":false}
{"type":"train_update","update":269,"global_step":4407296,"wall_s":5998.21,"sps":734.8,"loss":83.867967,"loss_ema":85.95857,"loss_plateau_delta":0.522651,"loss_plateau_count":0,"pg_loss":-0.001761,"v_loss":167.730283,"entropy":-0.917455,"approx_kl":0.005739,"clipfrac":0.0373,"reward_mean":-5.7721,"reward_std":26.3487,"reward_min":-209.9824,"reward_max":0.655,"reward_scale":1.0,"throttle_mean":0.6039,"throttle_min":0.0268,"throttle_max":0.9977,"spawn_curriculum_enabled":true,"spawn_curriculum_mode":"staged","spawn_curriculum_progress":0.6667,"spawn_xy_half_width_m":1.5,"spawn_stage_index":2,"spawn_num_stages":4,"stage_success_count":0,"stage_termination_count":283,"stage_success_fraction":0.0,"stage_steps_in_stage":1392640,"stage_advanced_this_update":false}
step=4,407,296 reward_mean=-5.772 kl=0.00574 clipfrac=0.037 eval={'landed_fraction': 0.0, 'crashed_fraction': 1.0, 'mean_touchdown_speed': nan, 'max_touchdown_speed': nan, 'mean_pad_distance': nan, 'max_pad_distance': nan, 'mean_delta_v_proxy': 10.889931678771973, 'mean_eval_throttle': 0.6201296623879009, 'max_eval_throttle': 0.9508131742477417, 'max_upward_speed': 13.840588569641113, 'max_downward_speed': 4.976417064666748, 'passed': False}
{"type":"train_update","update":270,"global_step":4423680,"wall_s":6052.37,"sps":730.9,"loss":77.713663,"loss_ema":84.309588,"loss_plateau_delta":1.648981,"loss_plateau_count":0,"pg_loss":0.003367,"v_loss":155.41139,"entropy":-0.920293,"approx_kl":0.019174,"clipfrac":0.1364,"reward_mean":-5.2941,"reward_std":24.6108,"reward_min":-208.8921,"reward_max":0.9649,"reward_scale":1.0,"throttle_mean":0.6243,"throttle_min":0.0189,"throttle_max":0.9973,"spawn_curriculum_enabled":true,"spawn_curriculum_mode":"staged","spawn_curriculum_progress":0.6667,"spawn_xy_half_width_m":1.5,"spawn_stage_index":2,"spawn_num_stages":4,"stage_success_count":0,"stage_termination_count":247,"stage_success_fraction":0.0,"stage_steps_in_stage":1409024,"stage_advanced_this_update":false}
{"type":"train_update","update":271,"global_step":4440064,"wall_s":6059.34,"sps":732.8,"loss":76.07521,"loss_ema":82.662713,"loss_plateau_delta":1.646876,"loss_plateau_count":0,"pg_loss":0.002604,"v_loss":152.136004,"entropy":-0.920735,"approx_kl":0.005817,"clipfrac":0.1283,"reward_mean":-5.5405,"reward_std":25.5564,"reward_min":-208.6878,"reward_max":0.9881,"reward_scale":1.0,"throttle_mean":0.6142,"throttle_min":0.0238,"throttle_max":0.997,"spawn_curriculum_enabled":true,"spawn_curriculum_mode":"staged","spawn_curriculum_progress":0.6667,"spawn_xy_half_width_m":1.5,"spawn_stage_index":2,"spawn_num_stages":4,"stage_success_count":0,"stage_termination_count":266,"stage_success_fraction":0.0,"stage_steps_in_stage":1425408,"stage_advanced_this_update":false}
{"type":"train_update","update":272,"global_step":4456448,"wall_s":6066.81,"sps":734.6,"loss":80.757544,"loss_ema":82.281679,"loss_plateau_delta":0.381034,"loss_plateau_count":0,"pg_loss":-0.001275,"v_loss":161.508441,"entropy":-0.919859,"approx_kl":0.0059,"clipfrac":0.0576,"reward_mean":-6.1759,"reward_std":27.8387,"reward_min":-210.3128,"reward_max":0.8867,"reward_scale":1.0,"throttle_mean":0.5996,"throttle_min":0.0144,"throttle_max":0.9967,"spawn_curriculum_enabled":true,"spawn_curriculum_mode":"staged","spawn_curriculum_progress":0.6667,"spawn_xy_half_width_m":1.5,"spawn_stage_index":2,"spawn_num_stages":4,"stage_success_count":0,"stage_termination_count":317,"stage_success_fraction":0.0,"stage_steps_in_stage":1441792,"stage_advanced_this_update":false}
step=4,456,448 reward_mean=-6.176 kl=0.00590 clipfrac=0.058 eval={'landed_fraction': 0.0, 'crashed_fraction': 1.0, 'mean_touchdown_speed': nan, 'max_touchdown_speed': nan, 'mean_pad_distance': nan, 'max_pad_distance': nan, 'mean_delta_v_proxy': 10.71666145324707, 'mean_eval_throttle': 0.6125387297405137, 'max_eval_throttle': 0.9532211422920227, 'max_upward_speed': 11.660064697265625, 'max_downward_speed': 5.11599588394165, 'passed': False}
{"type":"train_update","update":273,"global_step":4472832,"wall_s":6121.25,"sps":730.7,"loss":72.562553,"loss_ema":80.337854,"loss_plateau_delta":1.943825,"loss_plateau_count":0,"pg_loss":0.002491,"v_loss":145.110907,"entropy":-0.921624,"approx_kl":0.006166,"clipfrac":0.1209,"reward_mean":-5.3593,"reward_std":24.9278,"reward_min":-209.4485,"reward_max":0.2408,"reward_scale":1.0,"throttle_mean":0.6171,"throttle_min":0.0135,"throttle_max":0.997,"spawn_curriculum_enabled":true,"spawn_curriculum_mode":"staged","spawn_curriculum_progress":0.6667,"spawn_xy_half_width_m":1.5,"spawn_stage_index":2,"spawn_num_stages":4,"stage_success_count":0,"stage_termination_count":253,"stage_success_fraction":0.0,"stage_steps_in_stage":1458176,"stage_advanced_this_update":false}
{"type":"train_update","update":274,"global_step":4489216,"wall_s":6127.25,"sps":732.7,"loss":64.518665,"loss_ema":77.174016,"loss_plateau_delta":3.163838,"loss_plateau_count":0,"pg_loss":-0.001041,"v_loss":129.030218,"entropy":-0.919315,"approx_kl":0.009525,"clipfrac":0.0748,"reward_mean":-5.5255,"reward_std":25.6668,"reward_min":-209.7239,"reward_max":1.0785,"reward_scale":1.0,"throttle_mean":0.595,"throttle_min":0.02,"throttle_max":0.9954,"spawn_curriculum_enabled":true,"spawn_curriculum_mode":"staged","spawn_curriculum_progress":0.6667,"spawn_xy_half_width_m":1.5,"spawn_stage_index":2,"spawn_num_stages":4,"stage_success_count":0,"stage_termination_count":270,"stage_success_fraction":0.0,"stage_steps_in_stage":1474560,"stage_advanced_this_update":false}
{"type":"train_update","update":275,"global_step":4505600,"wall_s":6135.48,"sps":734.4,"loss":69.896373,"loss_ema":75.718487,"loss_plateau_delta":1.455529,"loss_plateau_count":0,"pg_loss":0.000418,"v_loss":139.78274,"entropy":-0.916986,"approx_kl":0.005577,"clipfrac":0.0872,"reward_mean":-6.39,"reward_std":28.7714,"reward_min":-209.8898,"reward_max":0.7602,"reward_scale":1.0,"throttle_mean":0.591,"throttle_min":0.0111,"throttle_max":0.9969,"spawn_curriculum_enabled":true,"spawn_curriculum_mode":"staged","spawn_curriculum_progress":0.6667,"spawn_xy_half_width_m":1.5,"spawn_stage_index":2,"spawn_num_stages":4,"stage_success_count":0,"stage_termination_count":341,"stage_success_fraction":0.0,"stage_steps_in_stage":1490944,"stage_advanced_this_update":false}
step=4,505,600 reward_mean=-6.390 kl=0.00558 clipfrac=0.087 eval={'landed_fraction': 0.0, 'crashed_fraction': 1.0, 'mean_touchdown_speed': nan, 'max_touchdown_speed': nan, 'mean_pad_distance': nan, 'max_pad_distance': nan, 'mean_delta_v_proxy': 10.250495910644531, 'mean_eval_throttle': 0.5941306295659807, 'max_eval_throttle': 0.9581549167633057, 'max_upward_speed': 11.483894348144531, 'max_downward_speed': 5.058539867401123, 'passed': False}
[curriculum] advanced to stage 3/3: xy_half_width=2.00 m (success_fraction at advance was based on prior stage's window)
{"type":"train_update","update":276,"global_step":4521984,"wall_s":6190.31,"sps":730.5,"loss":61.876461,"loss_ema":72.950082,"loss_plateau_delta":2.768405,"loss_plateau_count":0,"pg_loss":0.002005,"v_loss":123.739741,"entropy":-0.917037,"approx_kl":0.006015,"clipfrac":0.1164,"reward_mean":-5.3408,"reward_std":25.0671,"reward_min":-209.0949,"reward_max":0.7086,"reward_scale":1.0,"throttle_mean":0.6113,"throttle_min":0.0221,"throttle_max":0.9978,"spawn_curriculum_enabled":true,"spawn_curriculum_mode":"staged","spawn_curriculum_progress":1.0,"spawn_xy_half_width_m":2.0,"spawn_stage_index":3,"spawn_num_stages":4,"stage_success_count":0,"stage_termination_count":257,"stage_success_fraction":0.0,"stage_steps_in_stage":0,"stage_advanced_this_update":true}
{"type":"train_update","update":277,"global_step":4538368,"wall_s":6197.14,"sps":732.3,"loss":63.685638,"loss_ema":71.097193,"loss_plateau_delta":1.852889,"loss_plateau_count":0,"pg_loss":0.004613,"v_loss":127.352899,"entropy":-0.915125,"approx_kl":0.01142,"clipfrac":0.1255,"reward_mean":-5.9662,"reward_std":27.3915,"reward_min":-208.5466,"reward_max":0.813,"reward_scale":1.0,"throttle_mean":0.5804,"throttle_min":0.0091,"throttle_max":0.9968,"spawn_curriculum_enabled":true,"spawn_curriculum_mode":"staged","spawn_curriculum_progress":1.0,"spawn_xy_half_width_m":2.0,"spawn_stage_index":3,"spawn_num_stages":4,"stage_success_count":0,"stage_termination_count":309,"stage_success_fraction":0.0,"stage_steps_in_stage":16384,"stage_advanced_this_update":false}
{"type":"train_update","update":278,"global_step":4554752,"wall_s":6205.59,"sps":734.0,"loss":66.691719,"loss_ema":70.216098,"loss_plateau_delta":0.881095,"loss_plateau_count":0,"pg_loss":-0.000572,"v_loss":133.37544,"entropy":-0.914136,"approx_kl":0.00396,"clipfrac":0.0527,"reward_mean":-6.3199,"reward_std":28.4686,"reward_min":-210.2781,"reward_max":0.9906,"reward_scale":1.0,"throttle_mean":0.6024,"throttle_min":0.0149,"throttle_max":0.997,"spawn_curriculum_enabled":true,"spawn_curriculum_mode":"staged","spawn_curriculum_progress":1.0,"spawn_xy_half_width_m":2.0,"spawn_stage_index":3,"spawn_num_stages":4,"stage_success_count":0,"stage_termination_count":333,"stage_success_fraction":0.0,"stage_steps_in_stage":32768,"stage_advanced_this_update":false}
step=4,554,752 reward_mean=-6.320 kl=0.00396 clipfrac=0.053 eval={'landed_fraction': 0.0, 'crashed_fraction': 1.0, 'mean_touchdown_speed': nan, 'max_touchdown_speed': nan, 'mean_pad_distance': nan, 'max_pad_distance': nan, 'mean_delta_v_proxy': 10.175287246704102, 'mean_eval_throttle': 0.5912233964602153, 'max_eval_throttle': 0.9617183208465576, 'max_upward_speed': 11.88245677947998, 'max_downward_speed': 5.25209903717041, 'passed': False}
{"type":"train_update","update":279,"global_step":4571136,"wall_s":6262.19,"sps":730.0,"loss":59.775485,"loss_ema":68.127976,"loss_plateau_delta":2.088123,"loss_plateau_count":0,"pg_loss":0.000335,"v_loss":119.541178,"entropy":-0.912007,"approx_kl":0.005677,"clipfrac":0.0864,"reward_mean":-5.3629,"reward_std":25.0966,"reward_min":-208.7016,"reward_max":1.1217,"reward_scale":1.0,"throttle_mean":0.6139,"throttle_min":0.0142,"throttle_max":0.9961,"spawn_curriculum_enabled":true,"spawn_curriculum_mode":"staged","spawn_curriculum_progress":1.0,"spawn_xy_half_width_m":2.0,"spawn_stage_index":3,"spawn_num_stages":4,"stage_success_count":0,"stage_termination_count":258,"stage_success_fraction":0.0,"stage_steps_in_stage":49152,"stage_advanced_this_update":false}
{"type":"train_update","update":280,"global_step":4587520,"wall_s":6269.88,"sps":731.7,"loss":63.064421,"loss_ema":67.115265,"loss_plateau_delta":1.012711,"loss_plateau_count":0,"pg_loss":-0.000453,"v_loss":126.120676,"entropy":-0.907288,"approx_kl":0.007654,"clipfrac":0.0823,"reward_mean":-5.7583,"reward_std":26.4435,"reward_min":-209.4834,"reward_max":0.9643,"reward_scale":1.0,"throttle_mean":0.5852,"throttle_min":0.0111,"throttle_max":0.9981,"spawn_curriculum_enabled":true,"spawn_curriculum_mode":"staged","spawn_curriculum_progress":1.0,"spawn_xy_half_width_m":2.0,"spawn_stage_index":3,"spawn_num_stages":4,"stage_success_count":0,"stage_termination_count":287,"stage_success_fraction":0.0,"stage_steps_in_stage":65536,"stage_advanced_this_update":false}
{"type":"train_update","update":281,"global_step":4603904,"wall_s":6277.1,"sps":733.4,"loss":64.93496,"loss_ema":66.679204,"loss_plateau_delta":0.436061,"loss_plateau_count":0,"pg_loss":7.8e-05,"v_loss":129.860706,"entropy":-0.905839,"approx_kl":0.005294,"clipfrac":0.0729,"reward_mean":-6.3654,"reward_std":28.5819,"reward_min":-209.7909,"reward_max":1.0303,"reward_scale":1.0,"throttle_mean":0.5978,"throttle_min":0.0146,"throttle_max":0.9964,"spawn_curriculum_enabled":true,"spawn_curriculum_mode":"staged","spawn_curriculum_progress":1.0,"spawn_xy_half_width_m":2.0,"spawn_stage_index":3,"spawn_num_stages":4,"stage_success_count":0,"stage_termination_count":336,"stage_success_fraction":0.0,"stage_steps_in_stage":81920,"stage_advanced_this_update":false}
step=4,603,904 reward_mean=-6.365 kl=0.00529 clipfrac=0.073 eval={'landed_fraction': 0.0, 'crashed_fraction': 1.0, 'mean_touchdown_speed': nan, 'max_touchdown_speed': nan, 'mean_pad_distance': nan, 'max_pad_distance': nan, 'mean_delta_v_proxy': 10.021865844726562, 'mean_eval_throttle': 0.5840357108579741, 'max_eval_throttle': 0.960991621017456, 'max_upward_speed': 11.16965103149414, 'max_downward_speed': 5.030454635620117, 'passed': False}
{"type":"train_update","update":282,"global_step":4620288,"wall_s":6334.26,"sps":729.4,"loss":49.795475,"loss_ema":63.302458,"loss_plateau_delta":3.376746,"loss_plateau_count":0,"pg_loss":-0.0006,"v_loss":99.58307,"entropy":-0.90803,"approx_kl":0.005925,"clipfrac":0.0501,"reward_mean":-5.3362,"reward_std":25.2053,"reward_min":-208.6412,"reward_max":0.9641,"reward_scale":1.0,"throttle_mean":0.6124,"throttle_min":0.0143,"throttle_max":0.9963,"spawn_curriculum_enabled":true,"spawn_curriculum_mode":"staged","spawn_curriculum_progress":1.0,"spawn_xy_half_width_m":2.0,"spawn_stage_index":3,"spawn_num_stages":4,"stage_success_count":0,"stage_termination_count":261,"stage_success_fraction":0.0,"stage_steps_in_stage":98304,"stage_advanced_this_update":false}
{"type":"train_update","update":283,"global_step":4636672,"wall_s":6342.39,"sps":731.1,"loss":52.70903,"loss_ema":61.183772,"loss_plateau_delta":2.118686,"loss_plateau_count":0,"pg_loss":-0.001168,"v_loss":105.411324,"entropy":-0.907279,"approx_kl":0.007429,"clipfrac":0.0436,"reward_mean":-5.8841,"reward_std":27.1744,"reward_min":-209.1647,"reward_max":0.9494,"reward_scale":1.0,"throttle_mean":0.5755,"throttle_min":0.013,"throttle_max":0.9963,"spawn_curriculum_enabled":true,"spawn_curriculum_mode":"staged","spawn_curriculum_progress":1.0,"spawn_xy_half_width_m":2.0,"spawn_stage_index":3,"spawn_num_stages":4,"stage_success_count":0,"stage_termination_count":304,"stage_success_fraction":0.0,"stage_steps_in_stage":114688,"stage_advanced_this_update":false}
{"type":"train_update","update":284,"global_step":4653056,"wall_s":6349.33,"sps":732.8,"loss":59.238335,"loss_ema":60.794685,"loss_plateau_delta":0.389087,"loss_plateau_count":0,"pg_loss":0.004129,"v_loss":118.459365,"entropy":-0.904713,"approx_kl":0.024986,"clipfrac":0.1238,"reward_mean":-6.4096,"reward_std":28.7222,"reward_min":-209.2807,"reward_max":0.9488,"reward_scale":1.0,"throttle_mean":0.5897,"throttle_min":0.0136,"throttle_max":0.9969,"spawn_curriculum_enabled":true,"spawn_curriculum_mode":"staged","spawn_curriculum_progress":1.0,"spawn_xy_half_width_m":2.0,"spawn_stage_index":3,"spawn_num_stages":4,"stage_success_count":0,"stage_termination_count":340,"stage_success_fraction":0.0,"stage_steps_in_stage":131072,"stage_advanced_this_update":false}
step=4,653,056 reward_mean=-6.410 kl=0.02499 clipfrac=0.124 eval={'landed_fraction': 0.0, 'crashed_fraction': 1.0, 'mean_touchdown_speed': nan, 'max_touchdown_speed': nan, 'mean_pad_distance': nan, 'max_pad_distance': nan, 'mean_delta_v_proxy': 10.046104431152344, 'mean_eval_throttle': 0.5872188341948721, 'max_eval_throttle': 0.9622693657875061, 'max_upward_speed': 11.78696346282959, 'max_downward_speed': 4.846797466278076, 'passed': False}
{"type":"train_update","update":285,"global_step":4669440,"wall_s":6407.28,"sps":728.8,"loss":56.48081,"loss_ema":59.93191,"loss_plateau_delta":0.862775,"loss_plateau_count":0,"pg_loss":0.018885,"v_loss":112.914804,"entropy":-0.90451,"approx_kl":0.055075,"clipfrac":0.2899,"reward_mean":-5.4022,"reward_std":25.0926,"reward_min":-209.1053,"reward_max":0.6904,"reward_scale":1.0,"throttle_mean":0.614,"throttle_min":0.0154,"throttle_max":0.9978,"spawn_curriculum_enabled":true,"spawn_curriculum_mode":"staged","spawn_curriculum_progress":1.0,"spawn_xy_half_width_m":2.0,"spawn_stage_index":3,"spawn_num_stages":4,"stage_success_count":0,"stage_termination_count":258,"stage_success_fraction":0.0,"stage_steps_in_stage":147456,"stage_advanced_this_update":false}
{"type":"train_update","update":286,"global_step":4685824,"wall_s":6414.4,"sps":730.5,"loss":48.009935,"loss_ema":57.547515,"loss_plateau_delta":2.384395,"loss_plateau_count":0,"pg_loss":0.000401,"v_loss":96.01002,"entropy":-0.904939,"approx_kl":0.004267,"clipfrac":0.0659,"reward_mean":-6.0826,"reward_std":28.0021,"reward_min":-208.6908,"reward_max":0.9908,"reward_scale":1.0,"throttle_mean":0.5618,"throttle_min":0.0122,"throttle_max":0.9969,"spawn_curriculum_enabled":true,"spawn_curriculum_mode":"staged","spawn_curriculum_progress":1.0,"spawn_xy_half_width_m":2.0,"spawn_stage_index":3,"spawn_num_stages":4,"stage_success_count":0,"stage_termination_count":324,"stage_success_fraction":0.0,"stage_steps_in_stage":163840,"stage_advanced_this_update":false}
{"type":"train_update","update":287,"global_step":4702208,"wall_s":6421.4,"sps":732.3,"loss":47.394637,"loss_ema":55.516939,"loss_plateau_delta":2.030576,"loss_plateau_count":0,"pg_loss":0.001164,"v_loss":94.777884,"entropy":-0.906203,"approx_kl":0.004948,"clipfrac":0.066,"reward_mean":-6.582,"reward_std":29.4869,"reward_min":-208.6689,"reward_max":0.9556,"reward_scale":1.0,"throttle_mean":0.5744,"throttle_min":0.0156,"throttle_max":0.9961,"spawn_curriculum_enabled":true,"spawn_curriculum_mode":"staged","spawn_curriculum_progress":1.0,"spawn_xy_half_width_m":2.0,"spawn_stage_index":3,"spawn_num_stages":4,"stage_success_count":0,"stage_termination_count":361,"stage_success_fraction":0.0,"stage_steps_in_stage":180224,"stage_advanced_this_update":false}
step=4,702,208 reward_mean=-6.582 kl=0.00495 clipfrac=0.066 eval={'landed_fraction': 0.0, 'crashed_fraction': 1.0, 'mean_touchdown_speed': nan, 'max_touchdown_speed': nan, 'mean_pad_distance': nan, 'max_pad_distance': nan, 'mean_delta_v_proxy': 9.163044929504395, 'mean_eval_throttle': 0.5562345121800899, 'max_eval_throttle': 0.9609485268592834, 'max_upward_speed': 11.177468299865723, 'max_downward_speed': 4.839562892913818, 'passed': False}
{"type":"train_update","update":288,"global_step":4718592,"wall_s":6481.18,"sps":728.0,"loss":38.181329,"loss_ema":52.049817,"loss_plateau_delta":3.467122,"loss_plateau_count":0,"pg_loss":0.0003,"v_loss":76.352978,"entropy":-0.907941,"approx_kl":0.004901,"clipfrac":0.1151,"reward_mean":-5.4746,"reward_std":25.8834,"reward_min":-207.9882,"reward_max":0.5876,"reward_scale":1.0,"throttle_mean":0.5916,"throttle_min":0.0128,"throttle_max":0.9959,"spawn_curriculum_enabled":true,"spawn_curriculum_mode":"staged","spawn_curriculum_progress":1.0,"spawn_xy_half_width_m":2.0,"spawn_stage_index":3,"spawn_num_stages":4,"stage_success_count":0,"stage_termination_count":277,"stage_success_fraction":0.0,"stage_steps_in_stage":196608,"stage_advanced_this_update":false}
{"type":"train_update","update":289,"global_step":4734976,"wall_s":6488.04,"sps":729.8,"loss":43.584623,"loss_ema":50.356778,"loss_plateau_delta":1.693039,"loss_plateau_count":0,"pg_loss":0.001236,"v_loss":87.157705,"entropy":-0.906908,"approx_kl":0.003912,"clipfrac":0.0926,"reward_mean":-6.5791,"reward_std":29.6469,"reward_min":-209.997,"reward_max":0.738,"reward_scale":1.0,"throttle_mean":0.5581,"throttle_min":0.013,"throttle_max":0.9968,"spawn_curriculum_enabled":true,"spawn_curriculum_mode":"staged","spawn_curriculum_progress":1.0,"spawn_xy_half_width_m":2.0,"spawn_stage_index":3,"spawn_num_stages":4,"stage_success_count":0,"stage_termination_count":365,"stage_success_fraction":0.0,"stage_steps_in_stage":212992,"stage_advanced_this_update":false}
{"type":"train_update","update":290,"global_step":4751360,"wall_s":6494.58,"sps":731.6,"loss":38.749576,"loss_ema":48.035338,"loss_plateau_delta":2.321441,"loss_plateau_count":0,"pg_loss":0.00139,"v_loss":77.487284,"entropy":-0.908693,"approx_kl":0.007501,"clipfrac":0.0813,"reward_mean":-6.2033,"reward_std":28.5245,"reward_min":-209.267,"reward_max":0.6499,"reward_scale":1.0,"throttle_mean":0.5572,"throttle_min":0.0141,"throttle_max":0.9962,"spawn_curriculum_enabled":true,"spawn_curriculum_mode":"staged","spawn_curriculum_progress":1.0,"spawn_xy_half_width_m":2.0,"spawn_stage_index":3,"spawn_num_stages":4,"stage_success_count":0,"stage_termination_count":337,"stage_success_fraction":0.0,"stage_steps_in_stage":229376,"stage_advanced_this_update":false}
step=4,751,360 reward_mean=-6.203 kl=0.00750 clipfrac=0.081 eval={'landed_fraction': 0.0, 'crashed_fraction': 1.0, 'mean_touchdown_speed': nan, 'max_touchdown_speed': nan, 'mean_pad_distance': nan, 'max_pad_distance': nan, 'mean_delta_v_proxy': 8.938020706176758, 'mean_eval_throttle': 0.5496169056826168, 'max_eval_throttle': 0.9582293033599854, 'max_upward_speed': 11.398913383483887, 'max_downward_speed': 5.009167194366455, 'passed': False}
{"type":"train_update","update":291,"global_step":4767744,"wall_s":6553.73,"sps":727.5,"loss":36.195282,"loss_ema":45.667327,"loss_plateau_delta":2.368011,"loss_plateau_count":0,"pg_loss":0.017248,"v_loss":72.34697,"entropy":-0.909678,"approx_kl":0.031645,"clipfrac":0.2588,"reward_mean":-5.3262,"reward_std":25.1982,"reward_min":-207.7659,"reward_max":0.6986,"reward_scale":1.0,"throttle_mean":0.582,"throttle_min":0.0098,"throttle_max":0.9972,"spawn_curriculum_enabled":true,"spawn_curriculum_mode":"staged","spawn_curriculum_progress":1.0,"spawn_xy_half_width_m":2.0,"spawn_stage_index":3,"spawn_num_stages":4,"stage_success_count":0,"stage_termination_count":262,"stage_success_fraction":0.0,"stage_steps_in_stage":245760,"stage_advanced_this_update":false}
{"type":"train_update","update":292,"global_step":4784128,"wall_s":6560.64,"sps":729.2,"loss":36.32736,"loss_ema":43.799333,"loss_plateau_delta":1.867993,"loss_plateau_count":0,"pg_loss":0.010733,"v_loss":72.624153,"entropy":-0.909968,"approx_kl":0.031173,"clipfrac":0.2108,"reward_mean":-6.3827,"reward_std":29.1563,"reward_min":-208.5339,"reward_max":0.4683,"reward_scale":1.0,"throttle_mean":0.531,"throttle_min":0.0099,"throttle_max":0.9937,"spawn_curriculum_enabled":true,"spawn_curriculum_mode":"staged","spawn_curriculum_progress":1.0,"spawn_xy_half_width_m":2.0,"spawn_stage_index":3,"spawn_num_stages":4,"stage_success_count":0,"stage_termination_count":353,"stage_success_fraction":0.0,"stage_steps_in_stage":262144,"stage_advanced_this_update":false}
{"type":"train_update","update":293,"global_step":4800512,"wall_s":6568.31,"sps":730.9,"loss":39.191203,"loss_ema":42.877707,"loss_plateau_delta":0.921626,"loss_plateau_count":0,"pg_loss":-5.4e-05,"v_loss":78.373415,"entropy":-0.909929,"approx_kl":0.001919,"clipfrac":0.0621,"reward_mean":-6.1686,"reward_std":28.2288,"reward_min":-209.3736,"reward_max":0.9703,"reward_scale":1.0,"throttle_mean":0.5698,"throttle_min":0.0142,"throttle_max":0.9978,"spawn_curriculum_enabled":true,"spawn_curriculum_mode":"staged","spawn_curriculum_progress":1.0,"spawn_xy_half_width_m":2.0,"spawn_stage_index":3,"spawn_num_stages":4,"stage_success_count":0,"stage_termination_count":329,"stage_success_fraction":0.0,"stage_steps_in_stage":278528,"stage_advanced_this_update":false}
step=4,800,512 reward_mean=-6.169 kl=0.00192 clipfrac=0.062 eval={'landed_fraction': 0.0, 'crashed_fraction': 1.0, 'mean_touchdown_speed': nan, 'max_touchdown_speed': nan, 'mean_pad_distance': nan, 'max_pad_distance': nan, 'mean_delta_v_proxy': 9.239154815673828, 'mean_eval_throttle': 0.5600091419617335, 'max_eval_throttle': 0.9586187601089478, 'max_upward_speed': 10.929855346679688, 'max_downward_speed': 4.880144119262695, 'passed': False}
{"type":"train_update","update":294,"global_step":4816896,"wall_s":6626.49,"sps":726.9,"loss":35.778864,"loss_ema":41.457939,"loss_plateau_delta":1.419769,"loss_plateau_count":0,"pg_loss":0.001357,"v_loss":71.545926,"entropy":-0.908916,"approx_kl":0.003378,"clipfrac":0.0852,"reward_mean":-5.2919,"reward_std":24.9706,"reward_min":-209.9121,"reward_max":0.6541,"reward_scale":1.0,"throttle_mean":0.5897,"throttle_min":0.0151,"throttle_max":0.9989,"spawn_curriculum_enabled":true,"spawn_curriculum_mode":"staged","spawn_curriculum_progress":1.0,"spawn_xy_half_width_m":2.0,"spawn_stage_index":3,"spawn_num_stages":4,"stage_success_count":0,"stage_termination_count":256,"stage_success_fraction":0.0,"stage_steps_in_stage":294912,"stage_advanced_this_update":false}
{"type":"train_update","update":295,"global_step":4833280,"wall_s":6633.03,"sps":728.7,"loss":34.931093,"loss_ema":40.15257,"loss_plateau_delta":1.305369,"loss_plateau_count":0,"pg_loss":-0.000582,"v_loss":69.854253,"entropy":-0.909832,"approx_kl":0.002912,"clipfrac":0.0357,"reward_mean":-5.7486,"reward_std":26.9045,"reward_min":-208.4137,"reward_max":1.017,"reward_scale":1.0,"throttle_mean":0.5437,"throttle_min":0.0167,"throttle_max":0.996,"spawn_curriculum_enabled":true,"spawn_curriculum_mode":"staged","spawn_curriculum_progress":1.0,"spawn_xy_half_width_m":2.0,"spawn_stage_index":3,"spawn_num_stages":4,"stage_success_count":0,"stage_termination_count":298,"stage_success_fraction":0.0,"stage_steps_in_stage":311296,"stage_advanced_this_update":false}
{"type":"train_update","update":296,"global_step":4849664,"wall_s":6641.64,"sps":730.2,"loss":35.842649,"loss_ema":39.290585,"loss_plateau_delta":0.861984,"loss_plateau_count":0,"pg_loss":-0.001807,"v_loss":71.679809,"entropy":-0.910149,"approx_kl":0.006719,"clipfrac":0.0417,"reward_mean":-6.4398,"reward_std":29.0532,"reward_min":-209.9995,"reward_max":0.9621,"reward_scale":1.0,"throttle_mean":0.5784,"throttle_min":0.0097,"throttle_max":0.9964,"spawn_curriculum_enabled":true,"spawn_curriculum_mode":"staged","spawn_curriculum_progress":1.0,"spawn_xy_half_width_m":2.0,"spawn_stage_index":3,"spawn_num_stages":4,"stage_success_count":0,"stage_termination_count":349,"stage_success_fraction":0.0,"stage_steps_in_stage":327680,"stage_advanced_this_update":false}
{"type":"train_update","update":297,"global_step":4866048,"wall_s":6648.56,"sps":731.9,"loss":36.704344,"loss_ema":38.773337,"loss_plateau_delta":0.517248,"loss_plateau_count":0,"pg_loss":-0.000985,"v_loss":73.401578,"entropy":-0.907989,"approx_kl":0.008023,"clipfrac":0.053,"reward_mean":-6.0534,"reward_std":27.8418,"reward_min":-209.5751,"reward_max":0.9417,"reward_scale":1.0,"throttle_mean":0.5659,"throttle_min":0.0099,"throttle_max":0.997,"spawn_curriculum_enabled":true,"spawn_curriculum_mode":"staged","spawn_curriculum_progress":1.0,"spawn_xy_half_width_m":2.0,"spawn_stage_index":3,"spawn_num_stages":4,"stage_success_count":0,"stage_termination_count":319,"stage_success_fraction":0.0,"stage_steps_in_stage":344064,"stage_advanced_this_update":false}
step=4,866,048 reward_mean=-6.053 kl=0.00802 clipfrac=0.053 eval={'landed_fraction': 0.0, 'crashed_fraction': 1.0, 'mean_touchdown_speed': nan, 'max_touchdown_speed': nan, 'mean_pad_distance': nan, 'max_pad_distance': nan, 'mean_delta_v_proxy': 9.37678050994873, 'mean_eval_throttle': 0.5664782253404458, 'max_eval_throttle': 0.9553090929985046, 'max_upward_speed': 10.845800399780273, 'max_downward_speed': 4.868149757385254, 'passed': False}
{"type":"train_update","update":298,"global_step":4882432,"wall_s":6706.58,"sps":728.0,"loss":31.783526,"loss_ema":37.375375,"loss_plateau_delta":1.397962,"loss_plateau_count":0,"pg_loss":0.000598,"v_loss":63.556803,"entropy":-0.905491,"approx_kl":0.003647,"clipfrac":0.0647,"reward_mean":-5.302,"reward_std":24.9661,"reward_min":-209.4731,"reward_max":1.0603,"reward_scale":1.0,"throttle_mean":0.5942,"throttle_min":0.0117,"throttle_max":0.9974,"spawn_curriculum_enabled":true,"spawn_curriculum_mode":"staged","spawn_curriculum_progress":1.0,"spawn_xy_half_width_m":2.0,"spawn_stage_index":3,"spawn_num_stages":4,"stage_success_count":0,"stage_termination_count":256,"stage_success_fraction":0.0,"stage_steps_in_stage":360448,"stage_advanced_this_update":false}
{"type":"train_update","update":299,"global_step":4898816,"wall_s":6714.46,"sps":729.6,"loss":33.897776,"loss_ema":36.679855,"loss_plateau_delta":0.69552,"loss_plateau_count":0,"pg_loss":-0.001561,"v_loss":67.789645,"entropy":-0.90298,"approx_kl":0.005704,"clipfrac":0.0457,"reward_mean":-5.6869,"reward_std":26.4683,"reward_min":-209.1175,"reward_max":1.001,"reward_scale":1.0,"throttle_mean":0.5555,"throttle_min":0.011,"throttle_max":0.997,"spawn_curriculum_enabled":true,"spawn_curriculum_mode":"staged","spawn_curriculum_progress":1.0,"spawn_xy_half_width_m":2.0,"spawn_stage_index":3,"spawn_num_stages":4,"stage_success_count":0,"stage_termination_count":288,"stage_success_fraction":0.0,"stage_steps_in_stage":376832,"stage_advanced_this_update":false}
{"type":"train_update","update":300,"global_step":4915200,"wall_s":6721.4,"sps":731.3,"loss":31.00707,"loss_ema":35.545298,"loss_plateau_delta":1.134557,"loss_plateau_count":0,"pg_loss":-0.001217,"v_loss":62.007566,"entropy":-0.90065,"approx_kl":0.004301,"clipfrac":0.032,"reward_mean":-6.4424,"reward_std":29.28,"reward_min":-210.2728,"reward_max":1.0115,"reward_scale":1.0,"throttle_mean":0.5709,"throttle_min":0.0147,"throttle_max":0.9972,"spawn_curriculum_enabled":true,"spawn_curriculum_mode":"staged","spawn_curriculum_progress":1.0,"spawn_xy_half_width_m":2.0,"spawn_stage_index":3,"spawn_num_stages":4,"stage_success_count":0,"stage_termination_count":354,"stage_success_fraction":0.0,"stage_steps_in_stage":393216,"stage_advanced_this_update":false}
step=4,915,200 reward_mean=-6.442 kl=0.00430 clipfrac=0.032 eval={'landed_fraction': 0.0, 'crashed_fraction': 1.0, 'mean_touchdown_speed': nan, 'max_touchdown_speed': nan, 'mean_pad_distance': nan, 'max_pad_distance': nan, 'mean_delta_v_proxy': 8.967971801757812, 'mean_eval_throttle': 0.5509573818080955, 'max_eval_throttle': 0.9528494477272034, 'max_upward_speed': 11.005197525024414, 'max_downward_speed': 4.771158218383789, 'passed': False}
{"type":"train_update","update":301,"global_step":4931584,"wall_s":6779.58,"sps":727.4,"loss":28.680829,"loss_ema":34.172404,"loss_plateau_delta":1.372894,"loss_plateau_count":0,"pg_loss":-0.000864,"v_loss":57.354385,"entropy":-0.900122,"approx_kl":0.006229,"clipfrac":0.0453,"reward_mean":-5.2433,"reward_std":24.9522,"reward_min":-208.3576,"reward_max":0.8012,"reward_scale":1.0,"throttle_mean":0.5815,"throttle_min":0.0091,"throttle_max":0.9952,"spawn_curriculum_enabled":true,"spawn_curriculum_mode":"staged","spawn_curriculum_progress":1.0,"spawn_xy_half_width_m":2.0,"spawn_stage_index":3,"spawn_num_stages":4,"stage_success_count":0,"stage_termination_count":256,"stage_success_fraction":0.0,"stage_steps_in_stage":409600,"stage_advanced_this_update":false}
{"type":"train_update","update":302,"global_step":4947968,"wall_s":6786.69,"sps":729.1,"loss":29.731246,"loss_ema":33.284173,"loss_plateau_delta":0.888232,"loss_plateau_count":0,"pg_loss":-0.000648,"v_loss":59.454782,"entropy":-0.900498,"approx_kl":0.005095,"clipfrac":0.0602,"reward_mean":-5.7814,"reward_std":26.9807,"reward_min":-208.7151,"reward_max":0.8739,"reward_scale":1.0,"throttle_mean":0.5432,"throttle_min":0.0125,"throttle_max":0.9964,"spawn_curriculum_enabled":true,"spawn_curriculum_mode":"staged","spawn_curriculum_progress":1.0,"spawn_xy_half_width_m":2.0,"spawn_stage_index":3,"spawn_num_stages":4,"stage_success_count":0,"stage_termination_count":300,"stage_success_fraction":0.0,"stage_steps_in_stage":425984,"stage_advanced_this_update":false}
{"type":"train_update","update":303,"global_step":4964352,"wall_s":6793.51,"sps":730.7,"loss":29.935987,"loss_ema":32.614536,"loss_plateau_delta":0.669637,"loss_plateau_count":0,"pg_loss":-0.001492,"v_loss":59.865946,"entropy":-0.901355,"approx_kl":0.005695,"clipfrac":0.0387,"reward_mean":-6.3595,"reward_std":28.8331,"reward_min":-208.602,"reward_max":1.0079,"reward_scale":1.0,"throttle_mean":0.5733,"throttle_min":0.0095,"throttle_max":0.9985,"spawn_curriculum_enabled":true,"spawn_curriculum_mode":"staged","spawn_curriculum_progress":1.0,"spawn_xy_half_width_m":2.0,"spawn_stage_index":3,"spawn_num_stages":4,"stage_success_count":0,"stage_termination_count":344,"stage_success_fraction":0.0,"stage_steps_in_stage":442368,"stage_advanced_this_update":false}
step=4,964,352 reward_mean=-6.359 kl=0.00570 clipfrac=0.039 eval={'landed_fraction': 0.0, 'crashed_fraction': 1.0, 'mean_touchdown_speed': nan, 'max_touchdown_speed': nan, 'mean_pad_distance': nan, 'max_pad_distance': nan, 'mean_delta_v_proxy': 9.112358093261719, 'mean_eval_throttle': 0.5555787153542042, 'max_eval_throttle': 0.9572991132736206, 'max_upward_speed': 10.772348403930664, 'max_downward_speed': 4.9035210609436035, 'passed': False}
{"type":"train_update","update":304,"global_step":4980736,"wall_s":6851.72,"sps":726.9,"loss":27.085142,"loss_ema":31.508657,"loss_plateau_delta":1.105879,"loss_plateau_count":0,"pg_loss":-0.002329,"v_loss":54.165917,"entropy":-0.902363,"approx_kl":0.005023,"clipfrac":0.0417,"reward_mean":-5.3013,"reward_std":24.9688,"reward_min":-208.8402,"reward_max":0.9761,"reward_scale":1.0,"throttle_mean":0.5851,"throttle_min":0.0116,"throttle_max":0.9972,"spawn_curriculum_enabled":true,"spawn_curriculum_mode":"staged","spawn_curriculum_progress":1.0,"spawn_xy_half_width_m":2.0,"spawn_stage_index":3,"spawn_num_stages":4,"stage_success_count":0,"stage_termination_count":257,"stage_success_fraction":0.0,"stage_steps_in_stage":458752,"stage_advanced_this_update":false}
{"type":"train_update","update":305,"global_step":4997120,"wall_s":6858.62,"sps":728.6,"loss":26.11625,"loss_ema":30.430175,"loss_plateau_delta":1.078481,"loss_plateau_count":0,"pg_loss":-0.001812,"v_loss":52.227075,"entropy":-0.904849,"approx_kl":0.005657,"clipfrac":0.0342,"reward_mean":-6.0576,"reward_std":28.0409,"reward_min":-207.983,"reward_max":0.9902,"reward_scale":1.0,"throttle_mean":0.5378,"throttle_min":0.0072,"throttle_max":0.9964,"spawn_curriculum_enabled":true,"spawn_curriculum_mode":"staged","spawn_curriculum_progress":1.0,"spawn_xy_half_width_m":2.0,"spawn_stage_index":3,"spawn_num_stages":4,"stage_success_count":0,"stage_termination_count":326,"stage_success_fraction":0.0,"stage_steps_in_stage":475136,"stage_advanced_this_update":false}
{"type":"train_update","update":306,"global_step":5013504,"wall_s":6865.31,"sps":730.3,"loss":25.514577,"loss_ema":29.447056,"loss_plateau_delta":0.98312,"loss_plateau_count":0,"pg_loss":-0.001021,"v_loss":51.022176,"entropy":-0.902058,"approx_kl":0.005765,"clipfrac":0.0443,"reward_mean":-6.298,"reward_std":28.7139,"reward_min":-209.9724,"reward_max":1.0142,"reward_scale":1.0,"throttle_mean":0.5557,"throttle_min":0.0103,"throttle_max":0.9982,"spawn_curriculum_enabled":true,"spawn_curriculum_mode":"staged","spawn_curriculum_progress":1.0,"spawn_xy_half_width_m":2.0,"spawn_stage_index":3,"spawn_num_stages":4,"stage_success_count":0,"stage_termination_count":342,"stage_success_fraction":0.0,"stage_steps_in_stage":491520,"stage_advanced_this_update":false}
step=5,013,504 reward_mean=-6.298 kl=0.00576 clipfrac=0.044 eval={'landed_fraction': 0.0, 'crashed_fraction': 1.0, 'mean_touchdown_speed': nan, 'max_touchdown_speed': nan, 'mean_pad_distance': nan, 'max_pad_distance': nan, 'mean_delta_v_proxy': 8.60483169555664, 'mean_eval_throttle': 0.5366113311549028, 'max_eval_throttle': 0.9599062204360962, 'max_upward_speed': 10.571929931640625, 'max_downward_speed': 4.847421646118164, 'passed': False}
{"type":"train_update","update":307,"global_step":5029888,"wall_s":6924.14,"sps":726.4,"loss":23.18216,"loss_ema":28.194077,"loss_plateau_delta":1.252979,"loss_plateau_count":0,"pg_loss":1.7e-05,"v_loss":46.35527,"entropy":-0.901525,"approx_kl":0.007656,"clipfrac":0.0583,"reward_mean":-5.2668,"reward_std":24.943,"reward_min":-208.1413,"reward_max":1.0399,"reward_scale":1.0,"throttle_mean":0.5688,"throttle_min":0.0121,"throttle_max":0.9979,"spawn_curriculum_enabled":true,"spawn_curriculum_mode":"staged","spawn_curriculum_progress":1.0,"spawn_xy_half_width_m":2.0,"spawn_stage_index":3,"spawn_num_stages":4,"stage_success_count":0,"stage_termination_count":257,"stage_success_fraction":0.0,"stage_steps_in_stage":507904,"stage_advanced_this_update":false}
{"type":"train_update","update":308,"global_step":5046272,"wall_s":6931.27,"sps":728.0,"loss":21.54622,"loss_ema":26.864505,"loss_plateau_delta":1.329571,"loss_plateau_count":0,"pg_loss":0.002771,"v_loss":43.077893,"entropy":-0.900587,"approx_kl":0.009584,"clipfrac":0.1299,"reward_mean":-5.9031,"reward_std":27.6629,"reward_min":-207.6812,"reward_max":1.0385,"reward_scale":1.0,"throttle_mean":0.5238,"throttle_min":0.0103,"throttle_max":0.9957,"spawn_curriculum_enabled":true,"spawn_curriculum_mode":"staged","spawn_curriculum_progress":1.0,"spawn_xy_half_width_m":2.0,"spawn_stage_index":3,"spawn_num_stages":4,"stage_success_count":0,"stage_termination_count":317,"stage_success_fraction":0.0,"stage_steps_in_stage":524288,"stage_advanced_this_update":false}
{"type":"train_update","update":309,"global_step":5062656,"wall_s":6938.19,"sps":729.7,"loss":23.316599,"loss_ema":26.154924,"loss_plateau_delta":0.709581,"loss_plateau_count":0,"pg_loss":0.000437,"v_loss":46.623335,"entropy":-0.89896,"approx_kl":0.005381,"clipfrac":0.0745,"reward_mean":-6.2145,"reward_std":28.3868,"reward_min":-207.7568,"reward_max":0.6371,"reward_scale":1.0,"throttle_mean":0.55,"throttle_min":0.0054,"throttle_max":0.9971,"spawn_curriculum_enabled":true,"spawn_curriculum_mode":"staged","spawn_curriculum_progress":1.0,"spawn_xy_half_width_m":2.0,"spawn_stage_index":3,"spawn_num_stages":4,"stage_success_count":0,"stage_termination_count":334,"stage_success_fraction":0.0,"stage_steps_in_stage":540672,"stage_advanced_this_update":false}
step=5,062,656 reward_mean=-6.214 kl=0.00538 clipfrac=0.074 eval={'landed_fraction': 0.0, 'crashed_fraction': 1.0, 'mean_touchdown_speed': nan, 'max_touchdown_speed': nan, 'mean_pad_distance': nan, 'max_pad_distance': nan, 'mean_delta_v_proxy': 8.716144561767578, 'mean_eval_throttle': 0.5389144585529964, 'max_eval_throttle': 0.96137535572052, 'max_upward_speed': 10.786317825317383, 'max_downward_speed': 4.740602970123291, 'passed': False}
{"type":"train_update","update":310,"global_step":5079040,"wall_s":6997.75,"sps":725.8,"loss":21.454665,"loss_ema":25.214872,"loss_plateau_delta":0.940052,"loss_plateau_count":0,"pg_loss":0.001537,"v_loss":42.89728,"entropy":-0.897707,"approx_kl":0.006184,"clipfrac":0.0869,"reward_mean":-5.2403,"reward_std":24.9248,"reward_min":-208.1539,"reward_max":1.1558,"reward_scale":1.0,"throttle_mean":0.5724,"throttle_min":0.0118,"throttle_max":0.9967,"spawn_curriculum_enabled":true,"spawn_curriculum_mode":"staged","spawn_curriculum_progress":1.0,"spawn_xy_half_width_m":2.0,"spawn_stage_index":3,"spawn_num_stages":4,"stage_success_count":0,"stage_termination_count":256,"stage_success_fraction":0.0,"stage_steps_in_stage":557056,"stage_advanced_this_update":false}
{"type":"train_update","update":311,"global_step":5095424,"wall_s":7005.33,"sps":727.4,"loss":18.490589,"loss_ema":23.870016,"loss_plateau_delta":1.344857,"loss_plateau_count":0,"pg_loss":-0.002037,"v_loss":36.976268,"entropy":-0.898442,"approx_kl":0.006974,"clipfrac":0.0312,"reward_mean":-5.9556,"reward_std":27.8801,"reward_min":-208.8,"reward_max":1.1047,"reward_scale":1.0,"throttle_mean":0.5274,"throttle_min":0.0144,"throttle_max":0.9968,"spawn_curriculum_enabled":true,"spawn_curriculum_mode":"staged","spawn_curriculum_progress":1.0,"spawn_xy_half_width_m":2.0,"spawn_stage_index":3,"spawn_num_stages":4,"stage_success_count":0,"stage_termination_count":322,"stage_success_fraction":0.0,"stage_steps_in_stage":573440,"stage_advanced_this_update":false}
{"type":"train_update","update":312,"global_step":5111808,"wall_s":7013.44,"sps":728.9,"loss":20.487766,"loss_ema":23.193566,"loss_plateau_delta":0.67645,"loss_plateau_count":0,"pg_loss":-0.000663,"v_loss":40.967852,"entropy":-0.900556,"approx_kl":0.004088,"clipfrac":0.0615,"reward_mean":-6.317,"reward_std":28.9237,"reward_min":-208.6497,"reward_max":0.8049,"reward_scale":1.0,"throttle_mean":0.5493,"throttle_min":0.0131,"throttle_max":0.997,"spawn_curriculum_enabled":true,"spawn_curriculum_mode":"staged","spawn_curriculum_progress":1.0,"spawn_xy_half_width_m":2.0,"spawn_stage_index":3,"spawn_num_stages":4,"stage_success_count":0,"stage_termination_count":347,"stage_success_fraction":0.0,"stage_steps_in_stage":589824,"stage_advanced_this_update":false}
step=5,111,808 reward_mean=-6.317 kl=0.00409 clipfrac=0.062 eval={'landed_fraction': 0.0, 'crashed_fraction': 1.0, 'mean_touchdown_speed': nan, 'max_touchdown_speed': nan, 'mean_pad_distance': nan, 'max_pad_distance': nan, 'mean_delta_v_proxy': 8.622203826904297, 'mean_eval_throttle': 0.534391442073716, 'max_eval_throttle': 0.9620897769927979, 'max_upward_speed': 10.463785171508789, 'max_downward_speed': 4.880646228790283, 'passed': False}
{"type":"train_update","update":313,"global_step":5128192,"wall_s":7073.8,"sps":725.0,"loss":17.353756,"loss_ema":22.025604,"loss_plateau_delta":1.167962,"loss_plateau_count":0,"pg_loss":-0.001717,"v_loss":34.701956,"entropy":-0.89898,"approx_kl":0.003852,"clipfrac":0.0354,"reward_mean":-5.2148,"reward_std":25.0177,"reward_min":-209.6498,"reward_max":0.8428,"reward_scale":1.0,"throttle_mean":0.5674,"throttle_min":0.0147,"throttle_max":0.9971,"spawn_curriculum_enabled":true,"spawn_curriculum_mode":"staged","spawn_curriculum_progress":1.0,"spawn_xy_half_width_m":2.0,"spawn_stage_index":3,"spawn_num_stages":4,"stage_success_count":0,"stage_termination_count":258,"stage_success_fraction":0.0,"stage_steps_in_stage":606208,"stage_advanced_this_update":false}
{"type":"train_update","update":314,"global_step":5144576,"wall_s":7082.07,"sps":726.4,"loss":19.219635,"loss_ema":21.46441,"loss_plateau_delta":0.561194,"loss_plateau_count":0,"pg_loss":-6.5e-05,"v_loss":38.430425,"entropy":-0.897573,"approx_kl":0.004004,"clipfrac":0.0519,"reward_mean":-6.003,"reward_std":27.9545,"reward_min":-208.2186,"reward_max":0.9747,"reward_scale":1.0,"throttle_mean":0.5183,"throttle_min":0.0081,"throttle_max":0.9968,"spawn_curriculum_enabled":true,"spawn_curriculum_mode":"staged","spawn_curriculum_progress":1.0,"spawn_xy_half_width_m":2.0,"spawn_stage_index":3,"spawn_num_stages":4,"stage_success_count":0,"stage_termination_count":324,"stage_success_fraction":0.0,"stage_steps_in_stage":622592,"stage_advanced_this_update":false}
{"type":"train_update","update":315,"global_step":5160960,"wall_s":7090.42,"sps":727.9,"loss":17.459337,"loss_ema":20.663396,"loss_plateau_delta":0.801015,"loss_plateau_count":0,"pg_loss":-0.00016,"v_loss":34.910026,"entropy":-0.896793,"approx_kl":0.006683,"clipfrac":0.0597,"reward_mean":-6.4876,"reward_std":29.5464,"reward_min":-209.0884,"reward_max":0.6861,"reward_scale":1.0,"throttle_mean":0.5411,"throttle_min":0.0093,"throttle_max":0.9963,"spawn_curriculum_enabled":true,"spawn_curriculum_mode":"staged","spawn_curriculum_progress":1.0,"spawn_xy_half_width_m":2.0,"spawn_stage_index":3,"spawn_num_stages":4,"stage_success_count":0,"stage_termination_count":363,"stage_success_fraction":0.0,"stage_steps_in_stage":638976,"stage_advanced_this_update":false}
step=5,160,960 reward_mean=-6.488 kl=0.00668 clipfrac=0.060 eval={'landed_fraction': 0.0, 'crashed_fraction': 1.0, 'mean_touchdown_speed': nan, 'max_touchdown_speed': nan, 'mean_pad_distance': nan, 'max_pad_distance': nan, 'mean_delta_v_proxy': 8.278630256652832, 'mean_eval_throttle': 0.5173027364081807, 'max_eval_throttle': 0.9627465605735779, 'max_upward_speed': 10.926534652709961, 'max_downward_speed': 4.765501499176025, 'passed': False}
{"type":"train_update","update":316,"global_step":5177344,"wall_s":7152.34,"sps":723.9,"loss":16.412825,"loss_ema":19.813281,"loss_plateau_delta":0.850114,"loss_plateau_count":0,"pg_loss":-0.000634,"v_loss":32.817948,"entropy":-0.897046,"approx_kl":0.007729,"clipfrac":0.0444,"reward_mean":-5.2134,"reward_std":24.9472,"reward_min":-208.5444,"reward_max":0.372,"reward_scale":1.0,"throttle_mean":0.5566,"throttle_min":0.0093,"throttle_max":0.998,"spawn_curriculum_enabled":true,"spawn_curriculum_mode":"staged","spawn_curriculum_progress":1.0,"spawn_xy_half_width_m":2.0,"spawn_stage_index":3,"spawn_num_stages":4,"stage_success_count":0,"stage_termination_count":257,"stage_success_fraction":0.0,"stage_steps_in_stage":655360,"stage_advanced_this_update":false}
{"type":"train_update","update":317,"global_step":5193728,"wall_s":7159.66,"sps":725.4,"loss":15.488614,"loss_ema":18.948348,"loss_plateau_delta":0.864934,"loss_plateau_count":0,"pg_loss":-0.001471,"v_loss":30.971203,"entropy":-0.896723,"approx_kl":0.004502,"clipfrac":0.0382,"reward_mean":-6.0604,"reward_std":28.312,"reward_min":-208.1553,"reward_max":0.589,"reward_scale":1.0,"throttle_mean":0.4989,"throttle_min":0.0099,"throttle_max":0.9963,"spawn_curriculum_enabled":true,"spawn_curriculum_mode":"staged","spawn_curriculum_progress":1.0,"spawn_xy_half_width_m":2.0,"spawn_stage_index":3,"spawn_num_stages":4,"stage_success_count":0,"stage_termination_count":333,"stage_success_fraction":0.0,"stage_steps_in_stage":671744,"stage_advanced_this_update":false}
{"type":"train_update","update":318,"global_step":5210112,"wall_s":7167.57,"sps":726.9,"loss":16.836186,"loss_ema":18.525916,"loss_plateau_delta":0.422432,"loss_plateau_count":0,"pg_loss":-0.00221,"v_loss":33.667836,"entropy":-0.895619,"approx_kl":0.004184,"clipfrac":0.0396,"reward_mean":-6.2502,"reward_std":28.7536,"reward_min":-209.3698,"reward_max":0.7773,"reward_scale":1.0,"throttle_mean":0.5169,"throttle_min":0.0077,"throttle_max":0.9974,"spawn_curriculum_enabled":true,"spawn_curriculum_mode":"staged","spawn_curriculum_progress":1.0,"spawn_xy_half_width_m":2.0,"spawn_stage_index":3,"spawn_num_stages":4,"stage_success_count":0,"stage_termination_count":344,"stage_success_fraction":0.0,"stage_steps_in_stage":688128,"stage_advanced_this_update":false}
step=5,210,112 reward_mean=-6.250 kl=0.00418 clipfrac=0.040 eval={'landed_fraction': 0.0, 'crashed_fraction': 1.0, 'mean_touchdown_speed': nan, 'max_touchdown_speed': nan, 'mean_pad_distance': nan, 'max_pad_distance': nan, 'mean_delta_v_proxy': 7.920522689819336, 'mean_eval_throttle': 0.5013159911168946, 'max_eval_throttle': 0.9653337001800537, 'max_upward_speed': 10.201879501342773, 'max_downward_speed': 4.871016502380371, 'passed': False}
{"type":"train_update","update":319,"global_step":5226496,"wall_s":7225.07,"sps":723.4,"loss":15.246163,"loss_ema":17.869965,"loss_plateau_delta":0.655951,"loss_plateau_count":0,"pg_loss":-0.001471,"v_loss":30.48633,"entropy":-0.893741,"approx_kl":0.005365,"clipfrac":0.0524,"reward_mean":-5.2622,"reward_std":25.2257,"reward_min":-208.4036,"reward_max":0.9626,"reward_scale":1.0,"throttle_mean":0.5441,"throttle_min":0.0068,"throttle_max":0.9968,"spawn_curriculum_enabled":true,"spawn_curriculum_mode":"staged","spawn_curriculum_progress":1.0,"spawn_xy_half_width_m":2.0,"spawn_stage_index":3,"spawn_num_stages":4,"stage_success_count":0,"stage_termination_count":264,"stage_success_fraction":0.0,"stage_steps_in_stage":704512,"stage_advanced_this_update":false}
{"type":"train_update","update":320,"global_step":5242880,"wall_s":7233.6,"sps":724.8,"loss":14.57004,"loss_ema":17.20998,"loss_plateau_delta":0.659985,"loss_plateau_count":0,"pg_loss":-0.001306,"v_loss":29.133758,"entropy":-0.893319,"approx_kl":0.007675,"clipfrac":0.0319,"reward_mean":-6.2974,"reward_std":29.0586,"reward_min":-208.0892,"reward_max":0.7464,"reward_scale":1.0,"throttle_mean":0.5099,"throttle_min":0.0062,"throttle_max":0.9955,"spawn_curriculum_enabled":true,"spawn_curriculum_mode":"staged","spawn_curriculum_progress":1.0,"spawn_xy_half_width_m":2.0,"spawn_stage_index":3,"spawn_num_stages":4,"stage_success_count":0,"stage_termination_count":352,"stage_success_fraction":0.0,"stage_steps_in_stage":720896,"stage_advanced_this_update":false}
{"type":"train_update","update":321,"global_step":5259264,"wall_s":7241.22,"sps":726.3,"loss":13.289398,"loss_ema":16.425864,"loss_plateau_delta":0.784116,"loss_plateau_count":0,"pg_loss":-0.001081,"v_loss":26.572039,"entropy":-0.892056,"approx_kl":0.004309,"clipfrac":0.0388,"reward_mean":-6.2181,"reward_std":28.8411,"reward_min":-208.6498,"reward_max":1.0043,"reward_scale":1.0,"throttle_mean":0.507,"throttle_min":0.0051,"throttle_max":0.9971,"spawn_curriculum_enabled":true,"spawn_curriculum_mode":"staged","spawn_curriculum_progress":1.0,"spawn_xy_half_width_m":2.0,"spawn_stage_index":3,"spawn_num_stages":4,"stage_success_count":0,"stage_termination_count":346,"stage_success_fraction":0.0,"stage_steps_in_stage":737280,"stage_advanced_this_update":false}
step=5,259,264 reward_mean=-6.218 kl=0.00431 clipfrac=0.039 eval={'landed_fraction': 0.0, 'crashed_fraction': 1.0, 'mean_touchdown_speed': nan, 'max_touchdown_speed': nan, 'mean_pad_distance': nan, 'max_pad_distance': nan, 'mean_delta_v_proxy': 7.7611083984375, 'mean_eval_throttle': 0.4922376689811548, 'max_eval_throttle': 0.967309832572937, 'max_upward_speed': 10.191276550292969, 'max_downward_speed': 4.681426525115967, 'passed': False}
{"type":"train_update","update":322,"global_step":5275648,"wall_s":7299.44,"sps":722.7,"loss":13.893522,"loss_ema":15.919395,"loss_plateau_delta":0.506468,"loss_plateau_count":0,"pg_loss":-0.001314,"v_loss":27.780753,"entropy":-0.891937,"approx_kl":0.004623,"clipfrac":0.039,"reward_mean":-5.1848,"reward_std":24.8856,"reward_min":-208.3363,"reward_max":0.7936,"reward_scale":1.0,"throttle_mean":0.5315,"throttle_min":0.0049,"throttle_max":0.9989,"spawn_curriculum_enabled":true,"spawn_curriculum_mode":"staged","spawn_curriculum_progress":1.0,"spawn_xy_half_width_m":2.0,"spawn_stage_index":3,"spawn_num_stages":4,"stage_success_count":0,"stage_termination_count":257,"stage_success_fraction":0.0,"stage_steps_in_stage":753664,"stage_advanced_this_update":false}
{"type":"train_update","update":323,"global_step":5292032,"wall_s":7306.53,"sps":724.3,"loss":14.193702,"loss_ema":15.574257,"loss_plateau_delta":0.345139,"loss_plateau_count":0,"pg_loss":-0.001015,"v_loss":28.380485,"entropy":-0.894751,"approx_kl":0.010086,"clipfrac":0.0681,"reward_mean":-6.1331,"reward_std":28.5374,"reward_min":-208.7722,"reward_max":0.5853,"reward_scale":1.0,"throttle_mean":0.4879,"throttle_min":0.0034,"throttle_max":0.9969,"spawn_curriculum_enabled":true,"spawn_curriculum_mode":"staged","spawn_curriculum_progress":1.0,"spawn_xy_half_width_m":2.0,"spawn_stage_index":3,"spawn_num_stages":4,"stage_success_count":0,"stage_termination_count":339,"stage_success_fraction":0.0,"stage_steps_in_stage":770048,"stage_advanced_this_update":false}
{"type":"train_update","update":324,"global_step":5308416,"wall_s":7313.73,"sps":725.8,"loss":11.586494,"loss_ema":14.776704,"loss_plateau_delta":0.797552,"loss_plateau_count":0,"pg_loss":-0.002479,"v_loss":23.168992,"entropy":-0.895504,"approx_kl":0.008281,"clipfrac":0.0587,"reward_mean":-6.1632,"reward_std":28.7693,"reward_min":-207.7717,"reward_max":0.6452,"reward_scale":1.0,"throttle_mean":0.5089,"throttle_min":0.0075,"throttle_max":0.9982,"spawn_curriculum_enabled":true,"spawn_curriculum_mode":"staged","spawn_curriculum_progress":1.0,"spawn_xy_half_width_m":2.0,"spawn_stage_index":3,"spawn_num_stages":4,"stage_success_count":0,"stage_termination_count":345,"stage_success_fraction":0.0,"stage_steps_in_stage":786432,"stage_advanced_this_update":false}
step=5,308,416 reward_mean=-6.163 kl=0.00828 clipfrac=0.059 eval={'landed_fraction': 0.0, 'crashed_fraction': 1.0, 'mean_touchdown_speed': nan, 'max_touchdown_speed': nan, 'mean_pad_distance': nan, 'max_pad_distance': nan, 'mean_delta_v_proxy': 7.787855625152588, 'mean_eval_throttle': 0.49256124466657636, 'max_eval_throttle': 0.9721981883049011, 'max_upward_speed': 10.423543930053711, 'max_downward_speed': 4.721486568450928, 'passed': False}
{"type":"train_update","update":325,"global_step":5324800,"wall_s":7371.82,"sps":722.3,"loss":12.106541,"loss_ema":14.242671,"loss_plateau_delta":0.534033,"loss_plateau_count":0,"pg_loss":-0.001375,"v_loss":24.206885,"entropy":-0.89464,"approx_kl":0.005544,"clipfrac":0.0302,"reward_mean":-5.275,"reward_std":25.4389,"reward_min":-205.7522,"reward_max":0.8202,"reward_scale":1.0,"throttle_mean":0.5413,"throttle_min":0.0096,"throttle_max":0.9979,"spawn_curriculum_enabled":true,"spawn_curriculum_mode":"staged","spawn_curriculum_progress":1.0,"spawn_xy_half_width_m":2.0,"spawn_stage_index":3,"spawn_num_stages":4,"stage_success_count":0,"stage_termination_count":269,"stage_success_fraction":0.0,"stage_steps_in_stage":802816,"stage_advanced_this_update":false}
{"type":"train_update","update":326,"global_step":5341184,"wall_s":7379.26,"sps":723.8,"loss":11.921126,"loss_ema":13.778362,"loss_plateau_delta":0.464309,"loss_plateau_count":0,"pg_loss":-0.001508,"v_loss":23.836345,"entropy":-0.892176,"approx_kl":0.011303,"clipfrac":0.0398,"reward_mean":-6.4208,"reward_std":29.5745,"reward_min":-207.7927,"reward_max":0.5185,"reward_scale":1.0,"throttle_mean":0.4955,"throttle_min":0.0054,"throttle_max":0.9984,"spawn_curriculum_enabled":true,"spawn_curriculum_mode":"staged","spawn_curriculum_progress":1.0,"spawn_xy_half_width_m":2.0,"spawn_stage_index":3,"spawn_num_stages":4,"stage_success_count":0,"stage_termination_count":365,"stage_success_fraction":0.0,"stage_steps_in_stage":819200,"stage_advanced_this_update":false}
{"type":"train_update","update":327,"global_step":5357568,"wall_s":7386.76,"sps":725.3,"loss":12.81851,"loss_ema":13.586392,"loss_plateau_delta":0.19197,"loss_plateau_count":0,"pg_loss":-0.000724,"v_loss":25.62954,"entropy":-0.892862,"approx_kl":0.008667,"clipfrac":0.0534,"reward_mean":-6.3109,"reward_std":29.1498,"reward_min":-208.632,"reward_max":0.6316,"reward_scale":1.0,"throttle_mean":0.5155,"throttle_min":0.0053,"throttle_max":0.9983,"spawn_curriculum_enabled":true,"spawn_curriculum_mode":"staged","spawn_curriculum_progress":1.0,"spawn_xy_half_width_m":2.0,"spawn_stage_index":3,"spawn_num_stages":4,"stage_success_count":0,"stage_termination_count":354,"stage_success_fraction":0.0,"stage_steps_in_stage":835584,"stage_advanced_this_update":false}
step=5,357,568 reward_mean=-6.311 kl=0.00867 clipfrac=0.053 eval={'landed_fraction': 0.0, 'crashed_fraction': 1.0, 'mean_touchdown_speed': nan, 'max_touchdown_speed': nan, 'mean_pad_distance': nan, 'max_pad_distance': nan, 'mean_delta_v_proxy': 7.702813148498535, 'mean_eval_throttle': 0.4871096635195944, 'max_eval_throttle': 0.973060667514801, 'max_upward_speed': 10.434013366699219, 'max_downward_speed': 4.574242115020752, 'passed': False}
{"type":"train_update","update":328,"global_step":5373952,"wall_s":7444.23,"sps":721.9,"loss":12.634735,"loss_ema":13.396061,"loss_plateau_delta":0.190331,"loss_plateau_count":0,"pg_loss":-0.001747,"v_loss":25.26404,"entropy":-0.892442,"approx_kl":0.007007,"clipfrac":0.0609,"reward_mean":-5.2187,"reward_std":25.0727,"reward_min":-206.9116,"reward_max":0.7144,"reward_scale":1.0,"throttle_mean":0.5326,"throttle_min":0.0055,"throttle_max":0.9972,"spawn_curriculum_enabled":true,"spawn_curriculum_mode":"staged","spawn_curriculum_progress":1.0,"spawn_xy_half_width_m":2.0,"spawn_stage_index":3,"spawn_num_stages":4,"stage_success_count":0,"stage_termination_count":261,"stage_success_fraction":0.0,"stage_steps_in_stage":851968,"stage_advanced_this_update":false}
{"type":"train_update","update":329,"global_step":5390336,"wall_s":7450.97,"sps":723.4,"loss":11.652782,"loss_ema":13.047405,"loss_plateau_delta":0.348656,"loss_plateau_count":0,"pg_loss":-0.001153,"v_loss":23.298943,"entropy":-0.89256,"approx_kl":0.00552,"clipfrac":0.0351,"reward_mean":-6.4817,"reward_std":29.8413,"reward_min":-207.7694,"reward_max":0.7475,"reward_scale":1.0,"throttle_mean":0.5015,"throttle_min":0.0066,"throttle_max":0.9982,"spawn_curriculum_enabled":true,"spawn_curriculum_mode":"staged","spawn_curriculum_progress":1.0,"spawn_xy_half_width_m":2.0,"spawn_stage_index":3,"spawn_num_stages":4,"stage_success_count":0,"stage_termination_count":372,"stage_success_fraction":0.0,"stage_steps_in_stage":868352,"stage_advanced_this_update":false}
{"type":"train_update","update":330,"global_step":5406720,"wall_s":7458.91,"sps":724.9,"loss":9.902056,"loss_ema":12.418335,"loss_plateau_delta":0.62907,"loss_plateau_count":0,"pg_loss":-0.001377,"v_loss":19.797924,"entropy":-0.894143,"approx_kl":0.005313,"clipfrac":0.0385,"reward_mean":-6.4154,"reward_std":29.5892,"reward_min":-206.6654,"reward_max":0.7325,"reward_scale":1.0,"throttle_mean":0.5071,"throttle_min":0.0077,"throttle_max":0.9981,"spawn_curriculum_enabled":true,"spawn_curriculum_mode":"staged","spawn_curriculum_progress":1.0,"spawn_xy_half_width_m":2.0,"spawn_stage_index":3,"spawn_num_stages":4,"stage_success_count":0,"stage_termination_count":366,"stage_success_fraction":0.0,"stage_steps_in_stage":884736,"stage_advanced_this_update":false}
step=5,406,720 reward_mean=-6.415 kl=0.00531 clipfrac=0.038 eval={'landed_fraction': 0.0, 'crashed_fraction': 1.0, 'mean_touchdown_speed': nan, 'max_touchdown_speed': nan, 'mean_pad_distance': nan, 'max_pad_distance': nan, 'mean_delta_v_proxy': 7.76957893371582, 'mean_eval_throttle': 0.49048798446853953, 'max_eval_throttle': 0.9718137979507446, 'max_upward_speed': 10.27435302734375, 'max_downward_speed': 4.582230567932129, 'passed': False}
{"type":"train_update","update":331,"global_step":5423104,"wall_s":7514.54,"sps":721.7,"loss":10.630117,"loss_ema":12.060691,"loss_plateau_delta":0.357644,"loss_plateau_count":0,"pg_loss":-0.00239,"v_loss":21.256065,"entropy":-0.89493,"approx_kl":0.006126,"clipfrac":0.0504,"reward_mean":-5.2231,"reward_std":25.3117,"reward_min":-207.3888,"reward_max":0.4511,"reward_scale":1.0,"throttle_mean":0.5355,"throttle_min":0.0058,"throttle_max":0.9985,"spawn_curriculum_enabled":true,"spawn_curriculum_mode":"staged","spawn_curriculum_progress":1.0,"spawn_xy_half_width_m":2.0,"spawn_stage_index":3,"spawn_num_stages":4,"stage_success_count":0,"stage_termination_count":266,"stage_success_fraction":0.0,"stage_steps_in_stage":901120,"stage_advanced_this_update":false}
{"type":"train_update","update":332,"global_step":5439488,"wall_s":7521.96,"sps":723.1,"loss":9.223497,"loss_ema":11.493253,"loss_plateau_delta":0.567439,"loss_plateau_count":0,"pg_loss":-0.002062,"v_loss":18.442176,"entropy":-0.8942,"approx_kl":0.004067,"clipfrac":0.0308,"reward_mean":-6.5203,"reward_std":29.9517,"reward_min":-207.5121,"reward_max":0.7276,"reward_scale":1.0,"throttle_mean":0.5024,"throttle_min":0.0084,"throttle_max":0.9988,"spawn_curriculum_enabled":true,"spawn_curriculum_mode":"staged","spawn_curriculum_progress":1.0,"spawn_xy_half_width_m":2.0,"spawn_stage_index":3,"spawn_num_stages":4,"stage_success_count":0,"stage_termination_count":375,"stage_success_fraction":0.0,"stage_steps_in_stage":917504,"stage_advanced_this_update":false}
{"type":"train_update","update":333,"global_step":5455872,"wall_s":7529.16,"sps":724.6,"loss":9.978222,"loss_ema":11.190247,"loss_plateau_delta":0.303006,"loss_plateau_count":0,"pg_loss":-0.001533,"v_loss":19.950572,"entropy":-0.89385,"approx_kl":0.006166,"clipfrac":0.0347,"reward_mean":-6.2971,"reward_std":29.2103,"reward_min":-207.8439,"reward_max":0.6216,"reward_scale":1.0,"throttle_mean":0.5034,"throttle_min":0.0069,"throttle_max":0.9983,"spawn_curriculum_enabled":true,"spawn_curriculum_mode":"staged","spawn_curriculum_progress":1.0,"spawn_xy_half_width_m":2.0,"spawn_stage_index":3,"spawn_num_stages":4,"stage_success_count":0,"stage_termination_count":356,"stage_success_fraction":0.0,"stage_steps_in_stage":933888,"stage_advanced_this_update":false}
step=5,455,872 reward_mean=-6.297 kl=0.00617 clipfrac=0.035 eval={'landed_fraction': 0.0, 'crashed_fraction': 1.0, 'mean_touchdown_speed': nan, 'max_touchdown_speed': nan, 'mean_pad_distance': nan, 'max_pad_distance': nan, 'mean_delta_v_proxy': 7.7458391189575195, 'mean_eval_throttle': 0.48983177300956515, 'max_eval_throttle': 0.9697917699813843, 'max_upward_speed': 10.248781204223633, 'max_downward_speed': 4.534054756164551, 'passed': False}
{"type":"train_update","update":334,"global_step":5472256,"wall_s":7584.87,"sps":721.5,"loss":9.098496,"loss_ema":10.771896,"loss_plateau_delta":0.41835,"loss_plateau_count":0,"pg_loss":-0.001865,"v_loss":18.191759,"entropy":-0.896332,"approx_kl":0.006625,"clipfrac":0.0638,"reward_mean":-5.2277,"reward_std":25.3934,"reward_min":-208.5294,"reward_max":0.4693,"reward_scale":1.0,"throttle_mean":0.5335,"throttle_min":0.0043,"throttle_max":0.9983,"spawn_curriculum_enabled":true,"spawn_curriculum_mode":"staged","spawn_curriculum_progress":1.0,"spawn_xy_half_width_m":2.0,"spawn_stage_index":3,"spawn_num_stages":4,"stage_success_count":0,"stage_termination_count":268,"stage_success_fraction":0.0,"stage_steps_in_stage":950272,"stage_advanced_this_update":false}
{"type":"train_update","update":335,"global_step":5488640,"wall_s":7592.91,"sps":722.9,"loss":9.0727,"loss_ema":10.432057,"loss_plateau_delta":0.339839,"loss_plateau_count":0,"pg_loss":-0.001111,"v_loss":18.138665,"entropy":-0.895602,"approx_kl":0.004622,"clipfrac":0.0384,"reward_mean":-6.5152,"reward_std":29.949,"reward_min":-207.1266,"reward_max":0.4304,"reward_scale":1.0,"throttle_mean":0.4971,"throttle_min":0.0076,"throttle_max":0.9977,"spawn_curriculum_enabled":true,"spawn_curriculum_mode":"staged","spawn_curriculum_progress":1.0,"spawn_xy_half_width_m":2.0,"spawn_stage_index":3,"spawn_num_stages":4,"stage_success_count":0,"stage_termination_count":375,"stage_success_fraction":0.0,"stage_steps_in_stage":966656,"stage_advanced_this_update":false}
{"type":"train_update","update":336,"global_step":5505024,"wall_s":7599.81,"sps":724.4,"loss":9.873016,"loss_ema":10.320249,"loss_plateau_delta":0.111808,"loss_plateau_count":0,"pg_loss":-0.002016,"v_loss":19.741125,"entropy":-0.893808,"approx_kl":0.006229,"clipfrac":0.0451,"reward_mean":-6.2328,"reward_std":28.8705,"reward_min":-207.5704,"reward_max":0.7474,"reward_scale":1.0,"throttle_mean":0.4897,"throttle_min":0.0052,"throttle_max":0.9969,"spawn_curriculum_enabled":true,"spawn_curriculum_mode":"staged","spawn_curriculum_progress":1.0,"spawn_xy_half_width_m":2.0,"spawn_stage_index":3,"spawn_num_stages":4,"stage_success_count":0,"stage_termination_count":348,"stage_success_fraction":0.0,"stage_steps_in_stage":983040,"stage_advanced_this_update":false}
step=5,505,024 reward_mean=-6.233 kl=0.00623 clipfrac=0.045 eval={'landed_fraction': 0.0, 'crashed_fraction': 1.0, 'mean_touchdown_speed': nan, 'max_touchdown_speed': nan, 'mean_pad_distance': nan, 'max_pad_distance': nan, 'mean_delta_v_proxy': 7.569423675537109, 'mean_eval_throttle': 0.48007695636815495, 'max_eval_throttle': 0.9703375101089478, 'max_upward_speed': 10.099798202514648, 'max_downward_speed': 4.7403178215026855, 'passed': False}
{"type":"train_update","update":337,"global_step":5521408,"wall_s":7656.05,"sps":721.2,"loss":10.592806,"loss_ema":10.37476,"loss_plateau_delta":0.054511,"loss_plateau_count":0,"pg_loss":-0.001618,"v_loss":21.179912,"entropy":-0.893646,"approx_kl":0.00855,"clipfrac":0.0463,"reward_mean":-5.2234,"reward_std":25.0731,"reward_min":-207.2588,"reward_max":0.3842,"reward_scale":1.0,"throttle_mean":0.5205,"throttle_min":0.0071,"throttle_max":0.998,"spawn_curriculum_enabled":true,"spawn_curriculum_mode":"staged","spawn_curriculum_progress":1.0,"spawn_xy_half_width_m":2.0,"spawn_stage_index":3,"spawn_num_stages":4,"stage_success_count":0,"stage_termination_count":261,"stage_success_fraction":0.0,"stage_steps_in_stage":999424,"stage_advanced_this_update":false}
{"type":"train_update","update":338,"global_step":5537792,"wall_s":7663.63,"sps":722.6,"loss":9.860638,"loss_ema":10.271936,"loss_plateau_delta":0.102825,"loss_plateau_count":0,"pg_loss":-0.001365,"v_loss":19.715085,"entropy":-0.892027,"approx_kl":0.004585,"clipfrac":0.0599,"reward_mean":-6.0441,"reward_std":28.4272,"reward_min":-207.5284,"reward_max":0.435,"reward_scale":1.0,"throttle_mean":0.4768,"throttle_min":0.0051,"throttle_max":0.9978,"spawn_curriculum_enabled":true,"spawn_curriculum_mode":"staged","spawn_curriculum_progress":1.0,"spawn_xy_half_width_m":2.0,"spawn_stage_index":3,"spawn_num_stages":4,"stage_success_count":0,"stage_termination_count":337,"stage_success_fraction":0.0,"stage_steps_in_stage":1015808,"stage_advanced_this_update":false}
{"type":"train_update","update":339,"global_step":5554176,"wall_s":7670.66,"sps":724.1,"loss":10.85798,"loss_ema":10.389145,"loss_plateau_delta":0.117209,"loss_plateau_count":0,"pg_loss":-0.001137,"v_loss":21.709329,"entropy":-0.890567,"approx_kl":0.003517,"clipfrac":0.0372,"reward_mean":-6.1981,"reward_std":28.7268,"reward_min":-208.0825,"reward_max":0.6598,"reward_scale":1.0,"throttle_mean":0.4872,"throttle_min":0.0041,"throttle_max":0.997,"spawn_curriculum_enabled":true,"spawn_curriculum_mode":"staged","spawn_curriculum_progress":1.0,"spawn_xy_half_width_m":2.0,"spawn_stage_index":3,"spawn_num_stages":4,"stage_success_count":0,"stage_termination_count":344,"stage_success_fraction":0.0,"stage_steps_in_stage":1032192,"stage_advanced_this_update":false}
step=5,554,176 reward_mean=-6.198 kl=0.00352 clipfrac=0.037 eval={'landed_fraction': 0.0, 'crashed_fraction': 1.0, 'mean_touchdown_speed': nan, 'max_touchdown_speed': nan, 'mean_pad_distance': nan, 'max_pad_distance': nan, 'mean_delta_v_proxy': 7.389956951141357, 'mean_eval_throttle': 0.47296635324756303, 'max_eval_throttle': 0.9663335084915161, 'max_upward_speed': 9.850317001342773, 'max_downward_speed': 4.740687847137451, 'passed': False}
{"type":"train_update","update":340,"global_step":5570560,"wall_s":7726.55,"sps":721.0,"loss":9.711069,"loss_ema":10.253529,"loss_plateau_delta":0.135615,"loss_plateau_count":0,"pg_loss":-2.2e-05,"v_loss":19.413293,"entropy":-0.888918,"approx_kl":0.008209,"clipfrac":0.0588,"reward_mean":-5.1084,"reward_std":24.952,"reward_min":-207.5545,"reward_max":0.561,"reward_scale":1.0,"throttle_mean":0.5224,"throttle_min":0.006,"throttle_max":0.9974,"spawn_curriculum_enabled":true,"spawn_curriculum_mode":"staged","spawn_curriculum_progress":1.0,"spawn_xy_half_width_m":2.0,"spawn_stage_index":3,"spawn_num_stages":4,"stage_success_count":0,"stage_termination_count":259,"stage_success_fraction":0.0,"stage_steps_in_stage":1048576,"stage_advanced_this_update":false}
{"type":"train_update","update":341,"global_step":5586944,"wall_s":7733.49,"sps":722.4,"loss":8.707606,"loss_ema":9.944345,"loss_plateau_delta":0.309185,"loss_plateau_count":0,"pg_loss":-0.001437,"v_loss":17.409202,"entropy":-0.888347,"approx_kl":0.009613,"clipfrac":0.0623,"reward_mean":-6.116,"reward_std":28.6263,"reward_min":-207.5653,"reward_max":0.3737,"reward_scale":1.0,"throttle_mean":0.466,"throttle_min":0.0084,"throttle_max":0.9972,"spawn_curriculum_enabled":true,"spawn_curriculum_mode":"staged","spawn_curriculum_progress":1.0,"spawn_xy_half_width_m":2.0,"spawn_stage_index":3,"spawn_num_stages":4,"stage_success_count":0,"stage_termination_count":342,"stage_success_fraction":0.0,"stage_steps_in_stage":1064960,"stage_advanced_this_update":false}
{"type":"train_update","update":342,"global_step":5603328,"wall_s":7740.53,"sps":723.9,"loss":7.91015,"loss_ema":9.537506,"loss_plateau_delta":0.406839,"loss_plateau_count":0,"pg_loss":-0.001044,"v_loss":15.813539,"entropy":-0.88487,"approx_kl":0.004329,"clipfrac":0.0502,"reward_mean":-5.9875,"reward_std":28.2586,"reward_min":-208.224,"reward_max":0.6426,"reward_scale":1.0,"throttle_mean":0.4864,"throttle_min":0.0051,"throttle_max":0.998,"spawn_curriculum_enabled":true,"spawn_curriculum_mode":"staged","spawn_curriculum_progress":1.0,"spawn_xy_half_width_m":2.0,"spawn_stage_index":3,"spawn_num_stages":4,"stage_success_count":0,"stage_termination_count":333,"stage_success_fraction":0.0,"stage_steps_in_stage":1081344,"stage_advanced_this_update":false}
step=5,603,328 reward_mean=-5.988 kl=0.00433 clipfrac=0.050 eval={'landed_fraction': 0.0, 'crashed_fraction': 1.0, 'mean_touchdown_speed': nan, 'max_touchdown_speed': nan, 'mean_pad_distance': nan, 'max_pad_distance': nan, 'mean_delta_v_proxy': 7.386813163757324, 'mean_eval_throttle': 0.46704241808917785, 'max_eval_throttle': 0.9687947034835815, 'max_upward_speed': 9.70034408569336, 'max_downward_speed': 4.584997653961182, 'passed': False}
{"type":"train_update","update":343,"global_step":5619712,"wall_s":7797.2,"sps":720.7,"loss":9.112588,"loss_ema":9.452522,"loss_plateau_delta":0.084984,"loss_plateau_count":0,"pg_loss":-0.000216,"v_loss":18.216794,"entropy":-0.88144,"approx_kl":0.003698,"clipfrac":0.0421,"reward_mean":-5.1386,"reward_std":24.9143,"reward_min":-207.0732,"reward_max":0.2957,"reward_scale":1.0,"throttle_mean":0.5161,"throttle_min":0.0052,"throttle_max":0.9967,"spawn_curriculum_enabled":true,"spawn_curriculum_mode":"staged","spawn_curriculum_progress":1.0,"spawn_xy_half_width_m":2.0,"spawn_stage_index":3,"spawn_num_stages":4,"stage_success_count":0,"stage_termination_count":258,"stage_success_fraction":0.0,"stage_steps_in_stage":1097728,"stage_advanced_this_update":false}
{"type":"train_update","update":344,"global_step":5636096,"wall_s":7804.14,"sps":722.2,"loss":8.15479,"loss_ema":9.192976,"loss_plateau_delta":0.259547,"loss_plateau_count":0,"pg_loss":-0.0,"v_loss":16.300799,"entropy":-0.877985,"approx_kl":0.003474,"clipfrac":0.0515,"reward_mean":-6.1586,"reward_std":28.9506,"reward_min":-207.0588,"reward_max":0.5998,"reward_scale":1.0,"throttle_mean":0.4613,"throttle_min":0.0055,"throttle_max":0.9976,"spawn_curriculum_enabled":true,"spawn_curriculum_mode":"staged","spawn_curriculum_progress":1.0,"spawn_xy_half_width_m":2.0,"spawn_stage_index":3,"spawn_num_stages":4,"stage_success_count":0,"stage_termination_count":350,"stage_success_fraction":0.0,"stage_steps_in_stage":1114112,"stage_advanced_this_update":false}
{"type":"train_update","update":345,"global_step":5652480,"wall_s":7810.87,"sps":723.7,"loss":8.33335,"loss_ema":9.021051,"loss_plateau_delta":0.171925,"loss_plateau_count":0,"pg_loss":-0.000907,"v_loss":16.659782,"entropy":-0.873227,"approx_kl":0.005253,"clipfrac":0.0484,"reward_mean":-5.9152,"reward_std":28.0145,"reward_min":-207.8269,"reward_max":0.545,"reward_scale":1.0,"throttle_mean":0.4729,"throttle_min":0.0046,"throttle_max":0.9977,"spawn_curriculum_enabled":true,"spawn_curriculum_mode":"staged","spawn_curriculum_progress":1.0,"spawn_xy_half_width_m":2.0,"spawn_stage_index":3,"spawn_num_stages":4,"stage_success_count":0,"stage_termination_count":327,"stage_success_fraction":0.0,"stage_steps_in_stage":1130496,"stage_advanced_this_update":false}
step=5,652,480 reward_mean=-5.915 kl=0.00525 clipfrac=0.048 eval={'landed_fraction': 0.0, 'crashed_fraction': 1.0, 'mean_touchdown_speed': nan, 'max_touchdown_speed': nan, 'mean_pad_distance': nan, 'max_pad_distance': nan, 'mean_delta_v_proxy': 7.111810684204102, 'mean_eval_throttle': 0.457286247809728, 'max_eval_throttle': 0.9696354269981384, 'max_upward_speed': 9.910161972045898, 'max_downward_speed': 4.575471878051758, 'passed': False}
{"type":"train_update","update":346,"global_step":5668864,"wall_s":7867.5,"sps":720.5,"loss":9.207952,"loss_ema":9.058431,"loss_plateau_delta":0.03738,"loss_plateau_count":0,"pg_loss":-0.001455,"v_loss":18.410081,"entropy":-0.873388,"approx_kl":0.005953,"clipfrac":0.0451,"reward_mean":-5.1168,"reward_std":24.8514,"reward_min":-207.5898,"reward_max":0.3189,"reward_scale":1.0,"throttle_mean":0.5069,"throttle_min":0.0036,"throttle_max":0.9969,"spawn_curriculum_enabled":true,"spawn_curriculum_mode":"staged","spawn_curriculum_progress":1.0,"spawn_xy_half_width_m":2.0,"spawn_stage_index":3,"spawn_num_stages":4,"stage_success_count":0,"stage_termination_count":257,"stage_success_fraction":0.0,"stage_steps_in_stage":1146880,"stage_advanced_this_update":false}
{"type":"train_update","update":347,"global_step":5685248,"wall_s":7874.45,"sps":722.0,"loss":7.134673,"loss_ema":8.673679,"loss_plateau_delta":0.384752,"loss_plateau_count":0,"pg_loss":-0.000924,"v_loss":14.262444,"entropy":-0.874951,"approx_kl":0.00236,"clipfrac":0.028,"reward_mean":-6.026,"reward_std":28.571,"reward_min":-208.0627,"reward_max":0.409,"reward_scale":1.0,"throttle_mean":0.4537,"throttle_min":0.004,"throttle_max":0.9978,"spawn_curriculum_enabled":true,"spawn_curriculum_mode":"staged","spawn_curriculum_progress":1.0,"spawn_xy_half_width_m":2.0,"spawn_stage_index":3,"spawn_num_stages":4,"stage_success_count":0,"stage_termination_count":341,"stage_success_fraction":0.0,"stage_steps_in_stage":1163264,"stage_advanced_this_update":false}
{"type":"train_update","update":348,"global_step":5701632,"wall_s":7881.12,"sps":723.5,"loss":7.782377,"loss_ema":8.495419,"loss_plateau_delta":0.17826,"loss_plateau_count":0,"pg_loss":-0.001497,"v_loss":15.55901,"entropy":-0.87385,"approx_kl":0.014898,"clipfrac":0.0654,"reward_mean":-5.996,"reward_std":28.3074,"reward_min":-207.925,"reward_max":0.5299,"reward_scale":1.0,"throttle_mean":0.4736,"throttle_min":0.0061,"throttle_max":0.998,"spawn_curriculum_enabled":true,"spawn_curriculum_mode":"staged","spawn_curriculum_progress":1.0,"spawn_xy_half_width_m":2.0,"spawn_stage_index":3,"spawn_num_stages":4,"stage_success_count":0,"stage_termination_count":334,"stage_success_fraction":0.0,"stage_steps_in_stage":1179648,"stage_advanced_this_update":false}
step=5,701,632 reward_mean=-5.996 kl=0.01490 clipfrac=0.065 eval={'landed_fraction': 0.0, 'crashed_fraction': 1.0, 'mean_touchdown_speed': nan, 'max_touchdown_speed': nan, 'mean_pad_distance': nan, 'max_pad_distance': nan, 'mean_delta_v_proxy': 6.985187530517578, 'mean_eval_throttle': 0.45287833011812634, 'max_eval_throttle': 0.9660622477531433, 'max_upward_speed': 9.35379409790039, 'max_downward_speed': 4.554940700531006, 'passed': False}
{"type":"train_update","update":349,"global_step":5718016,"wall_s":7937.28,"sps":720.4,"loss":7.709388,"loss_ema":8.338213,"loss_plateau_delta":0.157206,"loss_plateau_count":0,"pg_loss":0.00232,"v_loss":15.40541,"entropy":-0.872588,"approx_kl":0.005795,"clipfrac":0.0927,"reward_mean":-5.0728,"reward_std":24.8301,"reward_min":-208.0662,"reward_max":0.3511,"reward_scale":1.0,"throttle_mean":0.5025,"throttle_min":0.005,"throttle_max":0.999,"spawn_curriculum_enabled":true,"spawn_curriculum_mode":"staged","spawn_curriculum_progress":1.0,"spawn_xy_half_width_m":2.0,"spawn_stage_index":3,"spawn_num_stages":4,"stage_success_count":0,"stage_termination_count":256,"stage_success_fraction":0.0,"stage_steps_in_stage":1196032,"stage_advanced_this_update":false}
{"type":"train_update","update":350,"global_step":5734400,"wall_s":7944.18,"sps":721.8,"loss":7.731466,"loss_ema":8.216863,"loss_plateau_delta":0.121349,"loss_plateau_count":0,"pg_loss":-0.002888,"v_loss":15.459993,"entropy":-0.871486,"approx_kl":0.004608,"clipfrac":0.0393,"reward_mean":-5.7367,"reward_std":27.5258,"reward_min":-207.1809,"reward_max":0.2565,"reward_scale":1.0,"throttle_mean":0.449,"throttle_min":0.0055,"throttle_max":0.9961,"spawn_curriculum_enabled":true,"spawn_curriculum_mode":"staged","spawn_curriculum_progress":1.0,"spawn_xy_half_width_m":2.0,"spawn_stage_index":3,"spawn_num_stages":4,"stage_success_count":0,"stage_termination_count":316,"stage_success_fraction":0.0,"stage_steps_in_stage":1212416,"stage_advanced_this_update":false}
{"type":"train_update","update":351,"global_step":5750784,"wall_s":7951.52,"sps":723.2,"loss":6.92593,"loss_ema":7.958677,"loss_plateau_delta":0.258187,"loss_plateau_count":0,"pg_loss":-0.000462,"v_loss":13.844065,"entropy":-0.871778,"approx_kl":0.004375,"clipfrac":0.0401,"reward_mean":-6.1017,"reward_std":28.6887,"reward_min":-206.4971,"reward_max":0.6288,"reward_scale":1.0,"throttle_mean":0.4852,"throttle_min":0.0026,"throttle_max":0.9975,"spawn_curriculum_enabled":true,"spawn_curriculum_mode":"staged","spawn_curriculum_progress":1.0,"spawn_xy_half_width_m":2.0,"spawn_stage_index":3,"spawn_num_stages":4,"stage_success_count":0,"stage_termination_count":344,"stage_success_fraction":0.0,"stage_steps_in_stage":1228800,"stage_advanced_this_update":false}
step=5,750,784 reward_mean=-6.102 kl=0.00437 clipfrac=0.040 eval={'landed_fraction': 0.0, 'crashed_fraction': 1.0, 'mean_touchdown_speed': nan, 'max_touchdown_speed': nan, 'mean_pad_distance': nan, 'max_pad_distance': nan, 'mean_delta_v_proxy': 7.048697471618652, 'mean_eval_throttle': 0.4539142964531978, 'max_eval_throttle': 0.96977299451828, 'max_upward_speed': 9.009502410888672, 'max_downward_speed': 4.702482223510742, 'passed': False}
{"type":"train_update","update":352,"global_step":5767168,"wall_s":8007.61,"sps":720.2,"loss":7.082504,"loss_ema":7.783442,"loss_plateau_delta":0.175234,"loss_plateau_count":0,"pg_loss":-0.001084,"v_loss":14.158464,"entropy":-0.871196,"approx_kl":0.004146,"clipfrac":0.0443,"reward_mean":-5.0678,"reward_std":24.8768,"reward_min":-208.1855,"reward_max":0.6539,"reward_scale":1.0,"throttle_mean":0.5098,"throttle_min":0.0059,"throttle_max":0.998,"spawn_curriculum_enabled":true,"spawn_curriculum_mode":"staged","spawn_curriculum_progress":1.0,"spawn_xy_half_width_m":2.0,"spawn_stage_index":3,"spawn_num_stages":4,"stage_success_count":0,"stage_termination_count":257,"stage_success_fraction":0.0,"stage_steps_in_stage":1245184,"stage_advanced_this_update":false}
{"type":"train_update","update":353,"global_step":5783552,"wall_s":8014.29,"sps":721.7,"loss":6.876376,"loss_ema":7.602029,"loss_plateau_delta":0.181413,"loss_plateau_count":0,"pg_loss":-0.002526,"v_loss":13.749091,"entropy":-0.871274,"approx_kl":0.005705,"clipfrac":0.0488,"reward_mean":-5.6485,"reward_std":27.3721,"reward_min":-207.7841,"reward_max":0.4811,"reward_scale":1.0,"throttle_mean":0.4484,"throttle_min":0.0041,"throttle_max":0.9978,"spawn_curriculum_enabled":true,"spawn_curriculum_mode":"staged","spawn_curriculum_progress":1.0,"spawn_xy_half_width_m":2.0,"spawn_stage_index":3,"spawn_num_stages":4,"stage_success_count":0,"stage_termination_count":312,"stage_success_fraction":0.0,"stage_steps_in_stage":1261568,"stage_advanced_this_update":false}
{"type":"train_update","update":354,"global_step":5799936,"wall_s":8022.31,"sps":723.0,"loss":8.070557,"loss_ema":7.695735,"loss_plateau_delta":0.093706,"loss_plateau_count":0,"pg_loss":-0.002004,"v_loss":16.13641,"entropy":-0.871277,"approx_kl":0.007131,"clipfrac":0.0482,"reward_mean":-6.1615,"reward_std":28.7839,"reward_min":-208.031,"reward_max":0.1339,"reward_scale":1.0,"throttle_mean":0.4769,"throttle_min":0.006,"throttle_max":0.9967,"spawn_curriculum_enabled":true,"spawn_curriculum_mode":"staged","spawn_curriculum_progress":1.0,"spawn_xy_half_width_m":2.0,"spawn_stage_index":3,"spawn_num_stages":4,"stage_success_count":0,"stage_termination_count":346,"stage_success_fraction":0.0,"stage_steps_in_stage":1277952,"stage_advanced_this_update":false}
{"type":"train_update","update":355,"global_step":5816320,"wall_s":8029.13,"sps":724.4,"loss":7.673431,"loss_ema":7.691274,"loss_plateau_delta":0.004461,"loss_plateau_count":0,"pg_loss":-0.002623,"v_loss":15.343394,"entropy":-0.87132,"approx_kl":0.005879,"clipfrac":0.0461,"reward_mean":-6.1108,"reward_std":28.7301,"reward_min":-208.0283,"reward_max":0.622,"reward_scale":1.0,"throttle_mean":0.465,"throttle_min":0.003,"throttle_max":0.998,"spawn_curriculum_enabled":true,"spawn_curriculum_mode":"staged","spawn_curriculum_progress":1.0,"spawn_xy_half_width_m":2.0,"spawn_stage_index":3,"spawn_num_stages":4,"stage_success_count":0,"stage_termination_count":344,"stage_success_fraction":0.0,"stage_steps_in_stage":1294336,"stage_advanced_this_update":false}
step=5,816,320 reward_mean=-6.111 kl=0.00588 clipfrac=0.046 eval={'landed_fraction': 0.0, 'crashed_fraction': 1.0, 'mean_touchdown_speed': nan, 'max_touchdown_speed': nan, 'mean_pad_distance': nan, 'max_pad_distance': nan, 'mean_delta_v_proxy': 6.965049743652344, 'mean_eval_throttle': 0.4490572336564461, 'max_eval_throttle': 0.9682838916778564, 'max_upward_speed': 9.872102737426758, 'max_downward_speed': 4.679326057434082, 'passed': False}
{"type":"train_update","update":356,"global_step":5832704,"wall_s":8084.89,"sps":721.4,"loss":7.316652,"loss_ema":7.616349,"loss_plateau_delta":0.074924,"loss_plateau_count":0,"pg_loss":0.001346,"v_loss":14.621905,"entropy":-0.870593,"approx_kl":0.017743,"clipfrac":0.1015,"reward_mean":-5.0809,"reward_std":24.9244,"reward_min":-207.9434,"reward_max":0.2647,"reward_scale":1.0,"throttle_mean":0.5035,"throttle_min":0.0053,"throttle_max":0.9976,"spawn_curriculum_enabled":true,"spawn_curriculum_mode":"staged","spawn_curriculum_progress":1.0,"spawn_xy_half_width_m":2.0,"spawn_stage_index":3,"spawn_num_stages":4,"stage_success_count":0,"stage_termination_count":258,"stage_success_fraction":0.0,"stage_steps_in_stage":1310720,"stage_advanced_this_update":false}
{"type":"train_update","update":357,"global_step":5849088,"wall_s":8092.75,"sps":722.8,"loss":6.033605,"loss_ema":7.299801,"loss_plateau_delta":0.316549,"loss_plateau_count":0,"pg_loss":0.001309,"v_loss":12.055905,"entropy":-0.868699,"approx_kl":0.003652,"clipfrac":0.0716,"reward_mean":-5.4005,"reward_std":26.4937,"reward_min":-207.7788,"reward_max":0.6349,"reward_scale":1.0,"throttle_mean":0.4426,"throttle_min":0.0032,"throttle_max":0.9973,"spawn_curriculum_enabled":true,"spawn_curriculum_mode":"staged","spawn_curriculum_progress":1.0,"spawn_xy_half_width_m":2.0,"spawn_stage_index":3,"spawn_num_stages":4,"stage_success_count":0,"stage_termination_count":292,"stage_success_fraction":0.0,"stage_steps_in_stage":1327104,"stage_advanced_this_update":false}
{"type":"train_update","update":358,"global_step":5865472,"wall_s":8099.64,"sps":724.2,"loss":6.907379,"loss_ema":7.221316,"loss_plateau_delta":0.078484,"loss_plateau_count":0,"pg_loss":-0.001879,"v_loss":13.809814,"entropy":-0.870163,"approx_kl":0.006961,"clipfrac":0.0596,"reward_mean":-6.2868,"reward_std":29.3781,"reward_min":-207.5684,"reward_max":0.6579,"reward_scale":1.0,"throttle_mean":0.4813,"throttle_min":0.0065,"throttle_max":0.9987,"spawn_curriculum_enabled":true,"spawn_curriculum_mode":"staged","spawn_curriculum_progress":1.0,"spawn_xy_half_width_m":2.0,"spawn_stage_index":3,"spawn_num_stages":4,"stage_success_count":0,"stage_termination_count":361,"stage_success_fraction":0.0,"stage_steps_in_stage":1343488,"stage_advanced_this_update":false}
step=5,865,472 reward_mean=-6.287 kl=0.00696 clipfrac=0.060 eval={'landed_fraction': 0.0, 'crashed_fraction': 1.0, 'mean_touchdown_speed': nan, 'max_touchdown_speed': nan, 'mean_pad_distance': nan, 'max_pad_distance': nan, 'mean_delta_v_proxy': 6.984209060668945, 'mean_eval_throttle': 0.44742221045825215, 'max_eval_throttle': 0.9715657234191895, 'max_upward_speed': 9.373558044433594, 'max_downward_speed': 4.567420959472656, 'passed': False}
{"type":"train_update","update":359,"global_step":5881856,"wall_s":8155.89,"sps":721.2,"loss":7.35625,"loss_ema":7.248303,"loss_plateau_delta":0.026987,"loss_plateau_count":0,"pg_loss":-0.002156,"v_loss":14.708097,"entropy":-0.871412,"approx_kl":0.007351,"clipfrac":0.0385,"reward_mean":-5.0773,"reward_std":24.9381,"reward_min":-208.2465,"reward_max":0.4908,"reward_scale":1.0,"throttle_mean":0.5023,"throttle_min":0.0052,"throttle_max":0.9978,"spawn_curriculum_enabled":true,"spawn_curriculum_mode":"staged","spawn_curriculum_progress":1.0,"spawn_xy_half_width_m":2.0,"spawn_stage_index":3,"spawn_num_stages":4,"stage_success_count":0,"stage_termination_count":258,"stage_success_fraction":0.0,"stage_steps_in_stage":1359872,"stage_advanced_this_update":false}
{"type":"train_update","update":360,"global_step":5898240,"wall_s":8163.11,"sps":722.5,"loss":6.513962,"loss_ema":7.101435,"loss_plateau_delta":0.146868,"loss_plateau_count":0,"pg_loss":0.002211,"v_loss":13.014791,"entropy":-0.871206,"approx_kl":0.009855,"clipfrac":0.1141,"reward_mean":-5.773,"reward_std":27.9327,"reward_min":-207.8284,"reward_max":0.6734,"reward_scale":1.0,"throttle_mean":0.4486,"throttle_min":0.0062,"throttle_max":0.9965,"spawn_curriculum_enabled":true,"spawn_curriculum_mode":"staged","spawn_curriculum_progress":1.0,"spawn_xy_half_width_m":2.0,"spawn_stage_index":3,"spawn_num_stages":4,"stage_success_count":0,"stage_termination_count":325,"stage_success_fraction":0.0,"stage_steps_in_stage":1376256,"stage_advanced_this_update":false}
{"type":"train_update","update":361,"global_step":5914624,"wall_s":8170.22,"sps":723.9,"loss":7.098423,"loss_ema":7.100833,"loss_plateau_delta":0.000602,"loss_plateau_count":0,"pg_loss":-0.001061,"v_loss":14.190269,"entropy":-0.870043,"approx_kl":0.003362,"clipfrac":0.0527,"reward_mean":-6.06,"reward_std":28.7688,"reward_min":-207.7381,"reward_max":0.5696,"reward_scale":1.0,"throttle_mean":0.4759,"throttle_min":0.004,"throttle_max":0.9987,"spawn_curriculum_enabled":true,"spawn_curriculum_mode":"staged","spawn_curriculum_progress":1.0,"spawn_xy_half_width_m":2.0,"spawn_stage_index":3,"spawn_num_stages":4,"stage_success_count":0,"stage_termination_count":346,"stage_success_fraction":0.0,"stage_steps_in_stage":1392640,"stage_advanced_this_update":false}
step=5,914,624 reward_mean=-6.060 kl=0.00336 clipfrac=0.053 eval={'landed_fraction': 0.0, 'crashed_fraction': 1.0, 'mean_touchdown_speed': nan, 'max_touchdown_speed': nan, 'mean_pad_distance': nan, 'max_pad_distance': nan, 'mean_delta_v_proxy': 6.898531436920166, 'mean_eval_throttle': 0.44242203070885605, 'max_eval_throttle': 0.9773688316345215, 'max_upward_speed': 8.713089942932129, 'max_downward_speed': 4.782865524291992, 'passed': False}
{"type":"train_update","update":362,"global_step":5931008,"wall_s":8226.07,"sps":721.0,"loss":7.458342,"loss_ema":7.172334,"loss_plateau_delta":0.071502,"loss_plateau_count":0,"pg_loss":-0.002127,"v_loss":14.912238,"entropy":-0.869932,"approx_kl":0.00589,"clipfrac":0.0409,"reward_mean":-5.0584,"reward_std":24.9667,"reward_min":-207.7568,"reward_max":0.711,"reward_scale":1.0,"throttle_mean":0.5,"throttle_min":0.003,"throttle_max":0.9979,"spawn_curriculum_enabled":true,"spawn_curriculum_mode":"staged","spawn_curriculum_progress":1.0,"spawn_xy_half_width_m":2.0,"spawn_stage_index":3,"spawn_num_stages":4,"stage_success_count":0,"stage_termination_count":259,"stage_success_fraction":0.0,"stage_steps_in_stage":1409024,"stage_advanced_this_update":false}
{"type":"train_update","update":363,"global_step":5947392,"wall_s":8232.94,"sps":722.4,"loss":7.093973,"loss_ema":7.156662,"loss_plateau_delta":0.015672,"loss_plateau_count":0,"pg_loss":-0.001065,"v_loss":14.18136,"entropy":-0.871536,"approx_kl":0.007325,"clipfrac":0.0531,"reward_mean":-5.8085,"reward_std":27.942,"reward_min":-207.7294,"reward_max":0.5857,"reward_scale":1.0,"throttle_mean":0.435,"throttle_min":0.0054,"throttle_max":0.999,"spawn_curriculum_enabled":true,"spawn_curriculum_mode":"staged","spawn_curriculum_progress":1.0,"spawn_xy_half_width_m":2.0,"spawn_stage_index":3,"spawn_num_stages":4,"stage_success_count":0,"stage_termination_count":326,"stage_success_fraction":0.0,"stage_steps_in_stage":1425408,"stage_advanced_this_update":false}
{"type":"train_update","update":364,"global_step":5963776,"wall_s":8239.86,"sps":723.8,"loss":6.498223,"loss_ema":7.024974,"loss_plateau_delta":0.131688,"loss_plateau_count":0,"pg_loss":-0.00126,"v_loss":12.990238,"entropy":-0.872689,"approx_kl":0.004832,"clipfrac":0.047,"reward_mean":-5.9489,"reward_std":28.3233,"reward_min":-207.4154,"reward_max":0.6916,"reward_scale":1.0,"throttle_mean":0.4646,"throttle_min":0.0024,"throttle_max":0.9982,"spawn_curriculum_enabled":true,"spawn_curriculum_mode":"staged","spawn_curriculum_progress":1.0,"spawn_xy_half_width_m":2.0,"spawn_stage_index":3,"spawn_num_stages":4,"stage_success_count":0,"stage_termination_count":335,"stage_success_fraction":0.0,"stage_steps_in_stage":1441792,"stage_advanced_this_update":false}
step=5,963,776 reward_mean=-5.949 kl=0.00483 clipfrac=0.047 eval={'landed_fraction': 0.0, 'crashed_fraction': 1.0, 'mean_touchdown_speed': nan, 'max_touchdown_speed': nan, 'mean_pad_distance': nan, 'max_pad_distance': nan, 'mean_delta_v_proxy': 6.7360663414001465, 'mean_eval_throttle': 0.43196910684307416, 'max_eval_throttle': 0.9740641713142395, 'max_upward_speed': 9.268831253051758, 'max_downward_speed': 4.667045593261719, 'passed': False}
{"type":"train_update","update":365,"global_step":5980160,"wall_s":8297.36,"sps":720.7,"loss":7.071846,"loss_ema":7.034349,"loss_plateau_delta":0.009374,"loss_plateau_count":0,"pg_loss":-0.001466,"v_loss":14.137928,"entropy":-0.869634,"approx_kl":0.007227,"clipfrac":0.0472,"reward_mean":-5.0778,"reward_std":24.9064,"reward_min":-207.5728,"reward_max":0.3517,"reward_scale":1.0,"throttle_mean":0.4863,"throttle_min":0.0036,"throttle_max":0.9977,"spawn_curriculum_enabled":true,"spawn_curriculum_mode":"staged","spawn_curriculum_progress":1.0,"spawn_xy_half_width_m":2.0,"spawn_stage_index":3,"spawn_num_stages":4,"stage_success_count":0,"stage_termination_count":258,"stage_success_fraction":0.0,"stage_steps_in_stage":1458176,"stage_advanced_this_update":false}
{"type":"train_update","update":366,"global_step":5996544,"wall_s":8304.22,"sps":722.1,"loss":7.09139,"loss_ema":7.045757,"loss_plateau_delta":0.011408,"loss_plateau_count":0,"pg_loss":-0.002723,"v_loss":14.17954,"entropy":-0.868578,"approx_kl":0.004282,"clipfrac":0.0469,"reward_mean":-5.695,"reward_std":27.5183,"reward_min":-207.787,"reward_max":0.3739,"reward_scale":1.0,"throttle_mean":0.4338,"throttle_min":0.0054,"throttle_max":0.9967,"spawn_curriculum_enabled":true,"spawn_curriculum_mode":"staged","spawn_curriculum_progress":1.0,"spawn_xy_half_width_m":2.0,"spawn_stage_index":3,"spawn_num_stages":4,"stage_success_count":0,"stage_termination_count":316,"stage_success_fraction":0.0,"stage_steps_in_stage":1474560,"stage_advanced_this_update":false}
{"type":"train_update","update":367,"global_step":6012928,"wall_s":8310.9,"sps":723.5,"loss":6.196757,"loss_ema":6.875957,"loss_plateau_delta":0.1698,"loss_plateau_count":0,"pg_loss":0.001122,"v_loss":12.382592,"entropy":-0.86785,"approx_kl":0.00486,"clipfrac":0.0812,"reward_mean":-5.9799,"reward_std":28.5954,"reward_min":-207.6677,"reward_max":0.4033,"reward_scale":1.0,"throttle_mean":0.4582,"throttle_min":0.0061,"throttle_max":0.9976,"spawn_curriculum_enabled":true,"spawn_curriculum_mode":"staged","spawn_curriculum_progress":1.0,"spawn_xy_half_width_m":2.0,"spawn_stage_index":3,"spawn_num_stages":4,"stage_success_count":0,"stage_termination_count":342,"stage_success_fraction":0.0,"stage_steps_in_stage":1490944,"stage_advanced_this_update":false}
step=6,012,928 reward_mean=-5.980 kl=0.00486 clipfrac=0.081 eval={'landed_fraction': 0.0, 'crashed_fraction': 1.0, 'mean_touchdown_speed': nan, 'max_touchdown_speed': nan, 'mean_pad_distance': nan, 'max_pad_distance': nan, 'mean_delta_v_proxy': 6.717645645141602, 'mean_eval_throttle': 0.4315479821877347, 'max_eval_throttle': 0.9722134470939636, 'max_upward_speed': 9.683916091918945, 'max_downward_speed': 4.520583152770996, 'passed': False}
{"type":"train_update","update":368,"global_step":6029312,"wall_s":8367.28,"sps":720.6,"loss":6.838247,"loss_ema":6.868415,"loss_plateau_delta":0.007542,"loss_plateau_count":0,"pg_loss":-0.001103,"v_loss":13.670055,"entropy":-0.864442,"approx_kl":0.006029,"clipfrac":0.0399,"reward_mean":-5.0049,"reward_std":24.8241,"reward_min":-207.3623,"reward_max":0.5426,"reward_scale":1.0,"throttle_mean":0.4866,"throttle_min":0.0061,"throttle_max":0.9981,"spawn_curriculum_enabled":true,"spawn_curriculum_mode":"staged","spawn_curriculum_progress":1.0,"spawn_xy_half_width_m":2.0,"spawn_stage_index":3,"spawn_num_stages":4,"stage_success_count":0,"stage_termination_count":256,"stage_success_fraction":0.0,"stage_steps_in_stage":1507328,"stage_advanced_this_update":false}
{"type":"train_update","update":369,"global_step":6045696,"wall_s":8374.27,"sps":721.9,"loss":6.309611,"loss_ema":6.756654,"loss_plateau_delta":0.111761,"loss_plateau_count":0,"pg_loss":-0.000675,"v_loss":12.611947,"entropy":-0.862466,"approx_kl":0.006576,"clipfrac":0.0595,"reward_mean":-5.2989,"reward_std":26.0462,"reward_min":-207.939,"reward_max":0.3135,"reward_scale":1.0,"throttle_mean":0.4189,"throttle_min":0.0018,"throttle_max":0.9978,"spawn_curriculum_enabled":true,"spawn_curriculum_mode":"staged","spawn_curriculum_progress":1.0,"spawn_xy_half_width_m":2.0,"spawn_stage_index":3,"spawn_num_stages":4,"stage_success_count":0,"stage_termination_count":282,"stage_success_fraction":0.0,"stage_steps_in_stage":1523712,"stage_advanced_this_update":false}
{"type":"train_update","update":370,"global_step":6062080,"wall_s":8381.22,"sps":723.3,"loss":5.955059,"loss_ema":6.596335,"loss_plateau_delta":0.160319,"loss_plateau_count":0,"pg_loss":-0.000637,"v_loss":11.902755,"entropy":-0.863705,"approx_kl":0.003899,"clipfrac":0.047,"reward_mean":-6.2772,"reward_std":29.4262,"reward_min":-208.1481,"reward_max":0.3648,"reward_scale":1.0,"throttle_mean":0.4601,"throttle_min":0.0034,"throttle_max":0.9976,"spawn_curriculum_enabled":true,"spawn_curriculum_mode":"staged","spawn_curriculum_progress":1.0,"spawn_xy_half_width_m":2.0,"spawn_stage_index":3,"spawn_num_stages":4,"stage_success_count":0,"stage_termination_count":362,"stage_success_fraction":0.0,"stage_steps_in_stage":1540096,"stage_advanced_this_update":false}
step=6,062,080 reward_mean=-6.277 kl=0.00390 clipfrac=0.047 eval={'landed_fraction': 0.0, 'crashed_fraction': 1.0, 'mean_touchdown_speed': nan, 'max_touchdown_speed': nan, 'mean_pad_distance': nan, 'max_pad_distance': nan, 'mean_delta_v_proxy': 6.625741958618164, 'mean_eval_throttle': 0.4243952122082313, 'max_eval_throttle': 0.9790549278259277, 'max_upward_speed': 9.166086196899414, 'max_downward_speed': 4.778597831726074, 'passed': False}
{"type":"train_update","update":371,"global_step":6078464,"wall_s":8437.17,"sps":720.4,"loss":7.293804,"loss_ema":6.735829,"loss_plateau_delta":0.139494,"loss_plateau_count":0,"pg_loss":-0.001483,"v_loss":14.581909,"entropy":-0.866635,"approx_kl":0.004041,"clipfrac":0.0525,"reward_mean":-5.0375,"reward_std":24.8111,"reward_min":-208.6808,"reward_max":0.3549,"reward_scale":1.0,"throttle_mean":0.4848,"throttle_min":0.0042,"throttle_max":0.9977,"spawn_curriculum_enabled":true,"spawn_curriculum_mode":"staged","spawn_curriculum_progress":1.0,"spawn_xy_half_width_m":2.0,"spawn_stage_index":3,"spawn_num_stages":4,"stage_success_count":0,"stage_termination_count":256,"stage_success_fraction":0.0,"stage_steps_in_stage":1556480,"stage_advanced_this_update":false}
{"type":"train_update","update":372,"global_step":6094848,"wall_s":8444.05,"sps":721.8,"loss":6.410414,"loss_ema":6.670746,"loss_plateau_delta":0.065083,"loss_plateau_count":0,"pg_loss":0.000582,"v_loss":12.810993,"entropy":-0.86712,"approx_kl":0.002606,"clipfrac":0.0542,"reward_mean":-5.4769,"reward_std":26.7468,"reward_min":-207.7805,"reward_max":0.246,"reward_scale":1.0,"throttle_mean":0.4191,"throttle_min":0.0018,"throttle_max":0.9989,"spawn_curriculum_enabled":true,"spawn_curriculum_mode":"staged","spawn_curriculum_progress":1.0,"spawn_xy_half_width_m":2.0,"spawn_stage_index":3,"spawn_num_stages":4,"stage_success_count":0,"stage_termination_count":298,"stage_success_fraction":0.0,"stage_steps_in_stage":1572864,"stage_advanced_this_update":false}
{"type":"train_update","update":373,"global_step":6111232,"wall_s":8451.35,"sps":723.1,"loss":6.499662,"loss_ema":6.636529,"loss_plateau_delta":0.034217,"loss_plateau_count":0,"pg_loss":0.003483,"v_loss":12.983683,"entropy":-0.867706,"approx_kl":0.036225,"clipfrac":0.1275,"reward_mean":-6.1528,"reward_std":28.986,"reward_min":-207.724,"reward_max":0.3774,"reward_scale":1.0,"throttle_mean":0.45,"throttle_min":0.0045,"throttle_max":0.9972,"spawn_curriculum_enabled":true,"spawn_curriculum_mode":"staged","spawn_curriculum_progress":1.0,"spawn_xy_half_width_m":2.0,"spawn_stage_index":3,"spawn_num_stages":4,"stage_success_count":0,"stage_termination_count":351,"stage_success_fraction":0.0,"stage_steps_in_stage":1589248,"stage_advanced_this_update":false}
step=6,111,232 reward_mean=-6.153 kl=0.03622 clipfrac=0.128 eval={'landed_fraction': 0.0, 'crashed_fraction': 1.0, 'mean_touchdown_speed': nan, 'max_touchdown_speed': nan, 'mean_pad_distance': nan, 'max_pad_distance': nan, 'mean_delta_v_proxy': 6.392510414123535, 'mean_eval_throttle': 0.41182302843365404, 'max_eval_throttle': 0.9806287288665771, 'max_upward_speed': 8.820674896240234, 'max_downward_speed': 4.781667232513428, 'passed': False}
{"type":"train_update","update":374,"global_step":6127616,"wall_s":8507.0,"sps":720.3,"loss":7.522742,"loss_ema":6.813772,"loss_plateau_delta":0.177242,"loss_plateau_count":0,"pg_loss":0.000698,"v_loss":15.035409,"entropy":-0.867877,"approx_kl":0.007442,"clipfrac":0.0992,"reward_mean":-5.075,"reward_std":24.9299,"reward_min":-206.7353,"reward_max":0.4596,"reward_scale":1.0,"throttle_mean":0.4743,"throttle_min":0.0035,"throttle_max":0.9979,"spawn_curriculum_enabled":true,"spawn_curriculum_mode":"staged","spawn_curriculum_progress":1.0,"spawn_xy_half_width_m":2.0,"spawn_stage_index":3,"spawn_num_stages":4,"stage_success_count":0,"stage_termination_count":259,"stage_success_fraction":0.0,"stage_steps_in_stage":1605632,"stage_advanced_this_update":false}
{"type":"train_update","update":375,"global_step":6144000,"wall_s":8513.68,"sps":721.7,"loss":7.415963,"loss_ema":6.93421,"loss_plateau_delta":0.120438,"loss_plateau_count":0,"pg_loss":-0.001319,"v_loss":14.825888,"entropy":-0.867692,"approx_kl":0.00496,"clipfrac":0.0673,"reward_mean":-5.7268,"reward_std":27.6762,"reward_min":-207.6823,"reward_max":0.2206,"reward_scale":1.0,"throttle_mean":0.4056,"throttle_min":0.0052,"throttle_max":0.9973,"spawn_curriculum_enabled":true,"spawn_curriculum_mode":"staged","spawn_curriculum_progress":1.0,"spawn_xy_half_width_m":2.0,"spawn_stage_index":3,"spawn_num_stages":4,"stage_success_count":0,"stage_termination_count":320,"stage_success_fraction":0.0,"stage_steps_in_stage":1622016,"stage_advanced_this_update":false}
{"type":"train_update","update":376,"global_step":6160384,"wall_s":8521.68,"sps":722.9,"loss":6.189211,"loss_ema":6.78521,"loss_plateau_delta":0.149,"loss_plateau_count":0,"pg_loss":0.005565,"v_loss":12.358619,"entropy":-0.867168,"approx_kl":0.032597,"clipfrac":0.1301,"reward_mean":-6.0912,"reward_std":28.8384,"reward_min":-208.5231,"reward_max":0.458,"reward_scale":1.0,"throttle_mean":0.4404,"throttle_min":0.0021,"throttle_max":0.998,"spawn_curriculum_enabled":true,"spawn_curriculum_mode":"staged","spawn_curriculum_progress":1.0,"spawn_xy_half_width_m":2.0,"spawn_stage_index":3,"spawn_num_stages":4,"stage_success_count":0,"stage_termination_count":348,"stage_success_fraction":0.0,"stage_steps_in_stage":1638400,"stage_advanced_this_update":false}
step=6,160,384 reward_mean=-6.091 kl=0.03260 clipfrac=0.130 eval={'landed_fraction': 0.0, 'crashed_fraction': 1.0, 'mean_touchdown_speed': nan, 'max_touchdown_speed': nan, 'mean_pad_distance': nan, 'max_pad_distance': nan, 'mean_delta_v_proxy': 6.511950969696045, 'mean_eval_throttle': 0.4082261532296737, 'max_eval_throttle': 0.9821598529815674, 'max_upward_speed': 8.604928970336914, 'max_downward_speed': 4.803915500640869, 'passed': False}
{"type":"train_update","update":377,"global_step":6176768,"wall_s":8577.63,"sps":720.1,"loss":6.894262,"loss_ema":6.807021,"loss_plateau_delta":0.02181,"loss_plateau_count":0,"pg_loss":0.000284,"v_loss":13.779285,"entropy":-0.86706,"approx_kl":0.006668,"clipfrac":0.07,"reward_mean":-5.0344,"reward_std":25.0113,"reward_min":-206.786,"reward_max":0.2787,"reward_scale":1.0,"throttle_mean":0.4746,"throttle_min":0.0045,"throttle_max":0.9989,"spawn_curriculum_enabled":true,"spawn_curriculum_mode":"staged","spawn_curriculum_progress":1.0,"spawn_xy_half_width_m":2.0,"spawn_stage_index":3,"spawn_num_stages":4,"stage_success_count":0,"stage_termination_count":261,"stage_success_fraction":0.0,"stage_steps_in_stage":1654784,"stage_advanced_this_update":false}
{"type":"train_update","update":378,"global_step":6193152,"wall_s":8584.45,"sps":721.4,"loss":6.81714,"loss_ema":6.809045,"loss_plateau_delta":0.002024,"loss_plateau_count":0,"pg_loss":-0.000763,"v_loss":13.62713,"entropy":-0.86766,"approx_kl":0.009425,"clipfrac":0.0615,"reward_mean":-6.0355,"reward_std":28.7542,"reward_min":-207.7246,"reward_max":0.4069,"reward_scale":1.0,"throttle_mean":0.4216,"throttle_min":0.0025,"throttle_max":0.9986,"spawn_curriculum_enabled":true,"spawn_curriculum_mode":"staged","spawn_curriculum_progress":1.0,"spawn_xy_half_width_m":2.0,"spawn_stage_index":3,"spawn_num_stages":4,"stage_success_count":0,"stage_termination_count":346,"stage_success_fraction":0.0,"stage_steps_in_stage":1671168,"stage_advanced_this_update":false}
{"type":"train_update","update":379,"global_step":6209536,"wall_s":8591.97,"sps":722.7,"loss":5.764306,"loss_ema":6.600097,"loss_plateau_delta":0.208948,"loss_plateau_count":0,"pg_loss":-0.000497,"v_loss":11.520951,"entropy":-0.865403,"approx_kl":0.005671,"clipfrac":0.0767,"reward_mean":-5.9092,"reward_std":28.1792,"reward_min":-207.7771,"reward_max":0.4013,"reward_scale":1.0,"throttle_mean":0.4363,"throttle_min":0.005,"throttle_max":0.9981,"spawn_curriculum_enabled":true,"spawn_curriculum_mode":"staged","spawn_curriculum_progress":1.0,"spawn_xy_half_width_m":2.0,"spawn_stage_index":3,"spawn_num_stages":4,"stage_success_count":0,"stage_termination_count":332,"stage_success_fraction":0.0,"stage_steps_in_stage":1687552,"stage_advanced_this_update":false}
step=6,209,536 reward_mean=-5.909 kl=0.00567 clipfrac=0.077 eval={'landed_fraction': 0.0, 'crashed_fraction': 1.0, 'mean_touchdown_speed': nan, 'max_touchdown_speed': nan, 'mean_pad_distance': nan, 'max_pad_distance': nan, 'mean_delta_v_proxy': 6.407529830932617, 'mean_eval_throttle': 0.40868016379574934, 'max_eval_throttle': 0.9814749956130981, 'max_upward_speed': 8.49870491027832, 'max_downward_speed': 4.6024322509765625, 'passed': False}
{"type":"train_update","update":380,"global_step":6225920,"wall_s":8647.28,"sps":720.0,"loss":6.167707,"loss_ema":6.513619,"loss_plateau_delta":0.086478,"loss_plateau_count":0,"pg_loss":-0.000261,"v_loss":12.327306,"entropy":-0.86309,"approx_kl":0.005001,"clipfrac":0.0784,"reward_mean":-5.0261,"reward_std":24.9971,"reward_min":-207.2048,"reward_max":0.0808,"reward_scale":1.0,"throttle_mean":0.4692,"throttle_min":0.0036,"throttle_max":0.9981,"spawn_curriculum_enabled":true,"spawn_curriculum_mode":"staged","spawn_curriculum_progress":1.0,"spawn_xy_half_width_m":2.0,"spawn_stage_index":3,"spawn_num_stages":4,"stage_success_count":0,"stage_termination_count":260,"stage_success_fraction":0.0,"stage_steps_in_stage":1703936,"stage_advanced_this_update":false}
{"type":"train_update","update":381,"global_step":6242304,"wall_s":8654.54,"sps":721.3,"loss":6.055764,"loss_ema":6.422048,"loss_plateau_delta":0.091571,"loss_plateau_count":0,"pg_loss":-0.00147,"v_loss":12.105845,"entropy":-0.862464,"approx_kl":0.004963,"clipfrac":0.028,"reward_mean":-5.6112,"reward_std":27.3085,"reward_min":-207.935,"reward_max":0.2606,"reward_scale":1.0,"throttle_mean":0.4074,"throttle_min":0.0035,"throttle_max":0.9982,"spawn_curriculum_enabled":true,"spawn_curriculum_mode":"staged","spawn_curriculum_progress":1.0,"spawn_xy_half_width_m":2.0,"spawn_stage_index":3,"spawn_num_stages":4,"stage_success_count":0,"stage_termination_count":311,"stage_success_fraction":0.0,"stage_steps_in_stage":1720320,"stage_advanced_this_update":false}
{"type":"train_update","update":382,"global_step":6258688,"wall_s":8661.86,"sps":722.6,"loss":6.23555,"loss_ema":6.384748,"loss_plateau_delta":0.0373,"loss_plateau_count":0,"pg_loss":-0.001409,"v_loss":12.465316,"entropy":-0.860269,"approx_kl":0.003504,"clipfrac":0.0477,"reward_mean":-6.1973,"reward_std":29.2726,"reward_min":-207.3057,"reward_max":0.4703,"reward_scale":1.0,"throttle_mean":0.4431,"throttle_min":0.004,"throttle_max":0.9984,"spawn_curriculum_enabled":true,"spawn_curriculum_mode":"staged","spawn_curriculum_progress":1.0,"spawn_xy_half_width_m":2.0,"spawn_stage_index":3,"spawn_num_stages":4,"stage_success_count":0,"stage_termination_count":358,"stage_success_fraction":0.0,"stage_steps_in_stage":1736704,"stage_advanced_this_update":false}
step=6,258,688 reward_mean=-6.197 kl=0.00350 clipfrac=0.048 eval={'landed_fraction': 0.0, 'crashed_fraction': 1.0, 'mean_touchdown_speed': nan, 'max_touchdown_speed': nan, 'mean_pad_distance': nan, 'max_pad_distance': nan, 'mean_delta_v_proxy': 6.458322048187256, 'mean_eval_throttle': 0.40873376289175617, 'max_eval_throttle': 0.9814130067825317, 'max_upward_speed': 9.38217830657959, 'max_downward_speed': 4.783587455749512, 'passed': False}
{"type":"train_update","update":383,"global_step":6275072,"wall_s":8717.8,"sps":719.8,"loss":5.929117,"loss_ema":6.293622,"loss_plateau_delta":0.091126,"loss_plateau_count":0,"pg_loss":-0.001051,"v_loss":11.851745,"entropy":-0.858943,"approx_kl":0.004608,"clipfrac":0.056,"reward_mean":-4.9655,"reward_std":24.8205,"reward_min":-207.6592,"reward_max":0.2144,"reward_scale":1.0,"throttle_mean":0.4721,"throttle_min":0.003,"throttle_max":0.9989,"spawn_curriculum_enabled":true,"spawn_curriculum_mode":"staged","spawn_curriculum_progress":1.0,"spawn_xy_half_width_m":2.0,"spawn_stage_index":3,"spawn_num_stages":4,"stage_success_count":0,"stage_termination_count":256,"stage_success_fraction":0.0,"stage_steps_in_stage":1753088,"stage_advanced_this_update":false}
{"type":"train_update","update":384,"global_step":6291456,"wall_s":8725.68,"sps":721.0,"loss":7.373795,"loss_ema":6.509657,"loss_plateau_delta":0.216035,"loss_plateau_count":0,"pg_loss":0.008489,"v_loss":14.722041,"entropy":-0.857035,"approx_kl":0.045909,"clipfrac":0.1678,"reward_mean":-5.5908,"reward_std":27.1915,"reward_min":-207.6124,"reward_max":0.6694,"reward_scale":1.0,"throttle_mean":0.4044,"throttle_min":0.0034,"throttle_max":0.9988,"spawn_curriculum_enabled":true,"spawn_curriculum_mode":"staged","spawn_curriculum_progress":1.0,"spawn_xy_half_width_m":2.0,"spawn_stage_index":3,"spawn_num_stages":4,"stage_success_count":0,"stage_termination_count":308,"stage_success_fraction":0.0,"stage_steps_in_stage":1769472,"stage_advanced_this_update":false}
{"type":"train_update","update":385,"global_step":6307840,"wall_s":8732.55,"sps":722.3,"loss":5.933376,"loss_ema":6.3944,"loss_plateau_delta":0.115256,"loss_plateau_count":0,"pg_loss":0.001533,"v_loss":11.855099,"entropy":-0.858639,"approx_kl":0.016707,"clipfrac":0.0942,"reward_mean":-6.2292,"reward_std":29.3752,"reward_min":-208.1542,"reward_max":0.3293,"reward_scale":1.0,"throttle_mean":0.4367,"throttle_min":0.0016,"throttle_max":0.9981,"spawn_curriculum_enabled":true,"spawn_curriculum_mode":"staged","spawn_curriculum_progress":1.0,"spawn_xy_half_width_m":2.0,"spawn_stage_index":3,"spawn_num_stages":4,"stage_success_count":0,"stage_termination_count":361,"stage_success_fraction":0.0,"stage_steps_in_stage":1785856,"stage_advanced_this_update":false}
step=6,307,840 reward_mean=-6.229 kl=0.01671 clipfrac=0.094 eval={'landed_fraction': 0.0, 'crashed_fraction': 1.0, 'mean_touchdown_speed': nan, 'max_touchdown_speed': nan, 'mean_pad_distance': nan, 'max_pad_distance': nan, 'mean_delta_v_proxy': 6.381831169128418, 'mean_eval_throttle': 0.4026035136398342, 'max_eval_throttle': 0.9850470423698425, 'max_upward_speed': 8.77222728729248, 'max_downward_speed': 4.678779125213623, 'passed': False}
{"type":"train_update","update":386,"global_step":6324224,"wall_s":8787.46,"sps":719.7,"loss":7.309754,"loss_ema":6.577471,"loss_plateau_delta":0.183071,"loss_plateau_count":0,"pg_loss":0.005984,"v_loss":14.598958,"entropy":-0.858093,"approx_kl":0.014486,"clipfrac":0.1694,"reward_mean":-4.9954,"reward_std":24.8459,"reward_min":-207.6911,"reward_max":0.3321,"reward_scale":1.0,"throttle_mean":0.4714,"throttle_min":0.0032,"throttle_max":0.999,"spawn_curriculum_enabled":true,"spawn_curriculum_mode":"staged","spawn_curriculum_progress":1.0,"spawn_xy_half_width_m":2.0,"spawn_stage_index":3,"spawn_num_stages":4,"stage_success_count":0,"stage_termination_count":257,"stage_success_fraction":0.0,"stage_steps_in_stage":1802240,"stage_advanced_this_update":false}
{"type":"train_update","update":387,"global_step":6340608,"wall_s":8795.38,"sps":720.9,"loss":6.303842,"loss_ema":6.522745,"loss_plateau_delta":0.054726,"loss_plateau_count":0,"pg_loss":0.009575,"v_loss":12.579932,"entropy":-0.860189,"approx_kl":0.036203,"clipfrac":0.2135,"reward_mean":-5.3716,"reward_std":26.6839,"reward_min":-208.2639,"reward_max":0.5894,"reward_scale":1.0,"throttle_mean":0.3993,"throttle_min":0.0017,"throttle_max":0.9973,"spawn_curriculum_enabled":true,"spawn_curriculum_mode":"staged","spawn_curriculum_progress":1.0,"spawn_xy_half_width_m":2.0,"spawn_stage_index":3,"spawn_num_stages":4,"stage_success_count":0,"stage_termination_count":296,"stage_success_fraction":0.0,"stage_steps_in_stage":1818624,"stage_advanced_this_update":false}
{"type":"train_update","update":388,"global_step":6356992,"wall_s":8802.28,"sps":722.2,"loss":5.978789,"loss_ema":6.413954,"loss_plateau_delta":0.108791,"loss_plateau_count":0,"pg_loss":0.002346,"v_loss":11.944272,"entropy":-0.861423,"approx_kl":0.015518,"clipfrac":0.0924,"reward_mean":-6.1474,"reward_std":29.0904,"reward_min":-208.1666,"reward_max":0.2959,"reward_scale":1.0,"throttle_mean":0.429,"throttle_min":0.0034,"throttle_max":0.9975,"spawn_curriculum_enabled":true,"spawn_curriculum_mode":"staged","spawn_curriculum_progress":1.0,"spawn_xy_half_width_m":2.0,"spawn_stage_index":3,"spawn_num_stages":4,"stage_success_count":0,"stage_termination_count":354,"stage_success_fraction":0.0,"stage_steps_in_stage":1835008,"stage_advanced_this_update":false}
step=6,356,992 reward_mean=-6.147 kl=0.01552 clipfrac=0.092 eval={'landed_fraction': 0.0, 'crashed_fraction': 1.0, 'mean_touchdown_speed': nan, 'max_touchdown_speed': nan, 'mean_pad_distance': nan, 'max_pad_distance': nan, 'mean_delta_v_proxy': 6.136707305908203, 'mean_eval_throttle': 0.39265547851721444, 'max_eval_throttle': 0.9842675924301147, 'max_upward_speed': 8.813331604003906, 'max_downward_speed': 4.6499714851379395, 'passed': False}
{"type":"train_update","update":389,"global_step":6373376,"wall_s":8857.85,"sps":719.5,"loss":5.739642,"loss_ema":6.279092,"loss_plateau_delta":0.134862,"loss_plateau_count":0,"pg_loss":0.000416,"v_loss":11.469835,"entropy":-0.861669,"approx_kl":0.005992,"clipfrac":0.0918,"reward_mean":-5.0748,"reward_std":25.0608,"reward_min":-206.8947,"reward_max":0.1965,"reward_scale":1.0,"throttle_mean":0.4591,"throttle_min":0.003,"throttle_max":0.9984,"spawn_curriculum_enabled":true,"spawn_curriculum_mode":"staged","spawn_curriculum_progress":1.0,"spawn_xy_half_width_m":2.0,"spawn_stage_index":3,"spawn_num_stages":4,"stage_success_count":0,"stage_termination_count":262,"stage_success_fraction":0.0,"stage_steps_in_stage":1851392,"stage_advanced_this_update":false}
{"type":"train_update","update":390,"global_step":6389760,"wall_s":8865.46,"sps":720.7,"loss":6.256317,"loss_ema":6.274537,"loss_plateau_delta":0.004555,"loss_plateau_count":0,"pg_loss":0.000962,"v_loss":12.502111,"entropy":-0.85978,"approx_kl":0.00773,"clipfrac":0.0843,"reward_mean":-5.6233,"reward_std":27.4289,"reward_min":-207.7078,"reward_max":0.1755,"reward_scale":1.0,"throttle_mean":0.3894,"throttle_min":0.0024,"throttle_max":0.9983,"spawn_curriculum_enabled":true,"spawn_curriculum_mode":"staged","spawn_curriculum_progress":1.0,"spawn_xy_half_width_m":2.0,"spawn_stage_index":3,"spawn_num_stages":4,"stage_success_count":0,"stage_termination_count":314,"stage_success_fraction":0.0,"stage_steps_in_stage":1867776,"stage_advanced_this_update":false}
{"type":"train_update","update":391,"global_step":6406144,"wall_s":8872.39,"sps":722.0,"loss":5.727509,"loss_ema":6.165131,"loss_plateau_delta":0.109405,"loss_plateau_count":0,"pg_loss":0.007636,"v_loss":11.431166,"entropy":-0.858151,"approx_kl":0.061946,"clipfrac":0.1459,"reward_mean":-6.0284,"reward_std":28.667,"reward_min":-207.7886,"reward_max":0.2113,"reward_scale":1.0,"throttle_mean":0.4245,"throttle_min":0.0033,"throttle_max":0.9978,"spawn_curriculum_enabled":true,"spawn_curriculum_mode":"staged","spawn_curriculum_progress":1.0,"spawn_xy_half_width_m":2.0,"spawn_stage_index":3,"spawn_num_stages":4,"stage_success_count":0,"stage_termination_count":344,"stage_success_fraction":0.0,"stage_steps_in_stage":1884160,"stage_advanced_this_update":false}
step=6,406,144 reward_mean=-6.028 kl=0.06195 clipfrac=0.146 eval={'landed_fraction': 0.0, 'crashed_fraction': 1.0, 'mean_touchdown_speed': nan, 'max_touchdown_speed': nan, 'mean_pad_distance': nan, 'max_pad_distance': nan, 'mean_delta_v_proxy': 5.797583103179932, 'mean_eval_throttle': 0.3781565237459209, 'max_eval_throttle': 0.9859734773635864, 'max_upward_speed': 8.646788597106934, 'max_downward_speed': 4.803305625915527, 'passed': False}
{"type":"train_update","update":392,"global_step":6422528,"wall_s":8927.75,"sps":719.4,"loss":6.792462,"loss_ema":6.290597,"loss_plateau_delta":0.125466,"loss_plateau_count":0,"pg_loss":-0.000114,"v_loss":13.576568,"entropy":-0.858296,"approx_kl":0.005451,"clipfrac":0.085,"reward_mean":-5.0048,"reward_std":24.791,"reward_min":-207.1879,"reward_max":0.2233,"reward_scale":1.0,"throttle_mean":0.4454,"throttle_min":0.0049,"throttle_max":0.9979,"spawn_curriculum_enabled":true,"spawn_curriculum_mode":"staged","spawn_curriculum_progress":1.0,"spawn_xy_half_width_m":2.0,"spawn_stage_index":3,"spawn_num_stages":4,"stage_success_count":0,"stage_termination_count":256,"stage_success_fraction":0.0,"stage_steps_in_stage":1900544,"stage_advanced_this_update":false}
{"type":"train_update","update":393,"global_step":6438912,"wall_s":8934.77,"sps":720.7,"loss":5.458824,"loss_ema":6.124243,"loss_plateau_delta":0.166355,"loss_plateau_count":0,"pg_loss":0.000612,"v_loss":10.907835,"entropy":-0.85892,"approx_kl":0.003176,"clipfrac":0.0605,"reward_mean":-5.2348,"reward_std":25.8201,"reward_min":-207.489,"reward_max":0.2019,"reward_scale":1.0,"throttle_mean":0.3751,"throttle_min":0.0029,"throttle_max":0.9977,"spawn_curriculum_enabled":true,"spawn_curriculum_mode":"staged","spawn_curriculum_progress":1.0,"spawn_xy_half_width_m":2.0,"spawn_stage_index":3,"spawn_num_stages":4,"stage_success_count":0,"stage_termination_count":278,"stage_success_fraction":0.0,"stage_steps_in_stage":1916928,"stage_advanced_this_update":false}
{"type":"train_update","update":394,"global_step":6455296,"wall_s":8942.01,"sps":721.9,"loss":6.961311,"loss_ema":6.291656,"loss_plateau_delta":0.167414,"loss_plateau_count":0,"pg_loss":-0.000713,"v_loss":13.915451,"entropy":-0.859731,"approx_kl":0.003589,"clipfrac":0.0317,"reward_mean":-6.1659,"reward_std":29.1907,"reward_min":-207.6171,"reward_max":0.2152,"reward_scale":1.0,"throttle_mean":0.4158,"throttle_min":0.0034,"throttle_max":0.9985,"spawn_curriculum_enabled":true,"spawn_curriculum_mode":"staged","spawn_curriculum_progress":1.0,"spawn_xy_half_width_m":2.0,"spawn_stage_index":3,"spawn_num_stages":4,"stage_success_count":0,"stage_termination_count":357,"stage_success_fraction":0.0,"stage_steps_in_stage":1933312,"stage_advanced_this_update":false}
step=6,455,296 reward_mean=-6.166 kl=0.00359 clipfrac=0.032 eval={'landed_fraction': 0.0, 'crashed_fraction': 1.0, 'mean_touchdown_speed': nan, 'max_touchdown_speed': nan, 'mean_pad_distance': nan, 'max_pad_distance': nan, 'mean_delta_v_proxy': 5.99803352355957, 'mean_eval_throttle': 0.3814371108677652, 'max_eval_throttle': 0.9854516983032227, 'max_upward_speed': 8.208187103271484, 'max_downward_speed': 4.617033004760742, 'passed': False}
{"type":"train_update","update":395,"global_step":6471680,"wall_s":8997.96,"sps":719.2,"loss":7.653817,"loss_ema":6.564088,"loss_plateau_delta":0.272432,"loss_plateau_count":0,"pg_loss":0.001884,"v_loss":15.295253,"entropy":-0.8613,"approx_kl":0.015943,"clipfrac":0.0907,"reward_mean":-5.0243,"reward_std":24.8592,"reward_min":-208.1624,"reward_max":0.1882,"reward_scale":1.0,"throttle_mean":0.446,"throttle_min":0.0044,"throttle_max":0.9991,"spawn_curriculum_enabled":true,"spawn_curriculum_mode":"staged","spawn_curriculum_progress":1.0,"spawn_xy_half_width_m":2.0,"spawn_stage_index":3,"spawn_num_stages":4,"stage_success_count":0,"stage_termination_count":257,"stage_success_fraction":0.0,"stage_steps_in_stage":1949696,"stage_advanced_this_update":false}
{"type":"train_update","update":396,"global_step":6488064,"wall_s":9004.73,"sps":720.5,"loss":7.048355,"loss_ema":6.660942,"loss_plateau_delta":0.096853,"loss_plateau_count":0,"pg_loss":0.00281,"v_loss":14.082464,"entropy":-0.862449,"approx_kl":0.014099,"clipfrac":0.132,"reward_mean":-5.4421,"reward_std":26.6855,"reward_min":-207.9038,"reward_max":0.2371,"reward_scale":1.0,"throttle_mean":0.3824,"throttle_min":0.0033,"throttle_max":0.998,"spawn_curriculum_enabled":true,"spawn_curriculum_mode":"staged","spawn_curriculum_progress":1.0,"spawn_xy_half_width_m":2.0,"spawn_stage_index":3,"spawn_num_stages":4,"stage_success_count":0,"stage_termination_count":297,"stage_success_fraction":0.0,"stage_steps_in_stage":1966080,"stage_advanced_this_update":false}
{"type":"train_update","update":397,"global_step":6504448,"wall_s":9011.68,"sps":721.8,"loss":5.655746,"loss_ema":6.459903,"loss_plateau_delta":0.201039,"loss_plateau_count":0,"pg_loss":-0.000472,"v_loss":11.303817,"entropy":-0.861927,"approx_kl":0.0095,"clipfrac":0.1085,"reward_mean":-5.9815,"reward_std":28.5654,"reward_min":-208.2604,"reward_max":0.1719,"reward_scale":1.0,"throttle_mean":0.4041,"throttle_min":0.0029,"throttle_max":0.998,"spawn_curriculum_enabled":true,"spawn_curriculum_mode":"staged","spawn_curriculum_progress":1.0,"spawn_xy_half_width_m":2.0,"spawn_stage_index":3,"spawn_num_stages":4,"stage_success_count":0,"stage_termination_count":341,"stage_success_fraction":0.0,"stage_steps_in_stage":1982464,"stage_advanced_this_update":false}
step=6,504,448 reward_mean=-5.981 kl=0.00950 clipfrac=0.109 eval={'landed_fraction': 0.0, 'crashed_fraction': 1.0, 'mean_touchdown_speed': nan, 'max_touchdown_speed': nan, 'mean_pad_distance': nan, 'max_pad_distance': nan, 'mean_delta_v_proxy': 5.880566120147705, 'mean_eval_throttle': 0.37893675001959004, 'max_eval_throttle': 0.9875483512878418, 'max_upward_speed': 8.564825057983398, 'max_downward_speed': 4.959253787994385, 'passed': False}
{"type":"train_update","update":398,"global_step":6520832,"wall_s":9067.29,"sps":719.2,"loss":6.317973,"loss_ema":6.431517,"loss_plateau_delta":0.028386,"loss_plateau_count":0,"pg_loss":0.002053,"v_loss":12.623206,"entropy":-0.863436,"approx_kl":0.005917,"clipfrac":0.0893,"reward_mean":-5.0268,"reward_std":24.7928,"reward_min":-207.5768,"reward_max":0.1305,"reward_scale":1.0,"throttle_mean":0.4445,"throttle_min":0.0025,"throttle_max":0.9986,"spawn_curriculum_enabled":true,"spawn_curriculum_mode":"staged","spawn_curriculum_progress":1.0,"spawn_xy_half_width_m":2.0,"spawn_stage_index":3,"spawn_num_stages":4,"stage_success_count":0,"stage_termination_count":256,"stage_success_fraction":0.0,"stage_steps_in_stage":1998848,"stage_advanced_this_update":false}
{"type":"train_update","update":399,"global_step":6537216,"wall_s":9074.05,"sps":720.4,"loss":6.395295,"loss_ema":6.424272,"loss_plateau_delta":0.007244,"loss_plateau_count":0,"pg_loss":-0.000142,"v_loss":12.782233,"entropy":-0.864051,"approx_kl":0.008566,"clipfrac":0.0586,"reward_mean":-5.1409,"reward_std":25.5222,"reward_min":-207.4182,"reward_max":0.1589,"reward_scale":1.0,"throttle_mean":0.3807,"throttle_min":0.0023,"throttle_max":0.9979,"spawn_curriculum_enabled":true,"spawn_curriculum_mode":"staged","spawn_curriculum_progress":1.0,"spawn_xy_half_width_m":2.0,"spawn_stage_index":3,"spawn_num_stages":4,"stage_success_count":0,"stage_termination_count":271,"stage_success_fraction":0.0,"stage_steps_in_stage":2015232,"stage_advanced_this_update":false}
{"type":"train_update","update":400,"global_step":6553600,"wall_s":9080.71,"sps":721.7,"loss":6.02514,"loss_ema":6.344446,"loss_plateau_delta":0.079826,"loss_plateau_count":0,"pg_loss":0.000198,"v_loss":12.041242,"entropy":-0.864318,"approx_kl":0.008258,"clipfrac":0.0561,"reward_mean":-6.0116,"reward_std":28.7429,"reward_min":-207.8943,"reward_max":0.1739,"reward_scale":1.0,"throttle_mean":0.4015,"throttle_min":0.0021,"throttle_max":0.9974,"spawn_curriculum_enabled":true,"spawn_curriculum_mode":"staged","spawn_curriculum_progress":1.0,"spawn_xy_half_width_m":2.0,"spawn_stage_index":3,"spawn_num_stages":4,"stage_success_count":0,"stage_termination_count":345,"stage_success_fraction":0.0,"stage_steps_in_stage":2031616,"stage_advanced_this_update":false}
step=6,553,600 reward_mean=-6.012 kl=0.00826 clipfrac=0.056 eval={'landed_fraction': 0.0, 'crashed_fraction': 1.0, 'mean_touchdown_speed': nan, 'max_touchdown_speed': nan, 'mean_pad_distance': nan, 'max_pad_distance': nan, 'mean_delta_v_proxy': 5.957150459289551, 'mean_eval_throttle': 0.37917825422353213, 'max_eval_throttle': 0.9851348400115967, 'max_upward_speed': 8.711962699890137, 'max_downward_speed': 4.679704189300537, 'passed': False}
{"type":"train_update","update":401,"global_step":6569984,"wall_s":9136.5,"sps":719.1,"loss":6.500378,"loss_ema":6.375632,"loss_plateau_delta":0.031186,"loss_plateau_count":0,"pg_loss":0.006717,"v_loss":12.978705,"entropy":-0.861737,"approx_kl":0.024368,"clipfrac":0.1711,"reward_mean":-5.0014,"reward_std":24.7828,"reward_min":-207.5116,"reward_max":0.1095,"reward_scale":1.0,"throttle_mean":0.4366,"throttle_min":0.0022,"throttle_max":0.9988,"spawn_curriculum_enabled":true,"spawn_curriculum_mode":"staged","spawn_curriculum_progress":1.0,"spawn_xy_half_width_m":2.0,"spawn_stage_index":3,"spawn_num_stages":4,"stage_success_count":0,"stage_termination_count":256,"stage_success_fraction":0.0,"stage_steps_in_stage":2048000,"stage_advanced_this_update":false}
{"type":"train_update","update":402,"global_step":6586368,"wall_s":9143.38,"sps":720.3,"loss":6.221077,"loss_ema":6.344721,"loss_plateau_delta":0.030911,"loss_plateau_count":0,"pg_loss":0.001553,"v_loss":12.430446,"entropy":-0.860222,"approx_kl":0.004073,"clipfrac":0.0991,"reward_mean":-5.1123,"reward_std":25.1918,"reward_min":-208.2954,"reward_max":0.0598,"reward_scale":1.0,"throttle_mean":0.3872,"throttle_min":0.0037,"throttle_max":0.9984,"spawn_curriculum_enabled":true,"spawn_curriculum_mode":"staged","spawn_curriculum_progress":1.0,"spawn_xy_half_width_m":2.0,"spawn_stage_index":3,"spawn_num_stages":4,"stage_success_count":0,"stage_termination_count":264,"stage_success_fraction":0.0,"stage_steps_in_stage":2064384,"stage_advanced_this_update":false}
{"type":"train_update","update":403,"global_step":6602752,"wall_s":9150.16,"sps":721.6,"loss":5.975607,"loss_ema":6.270899,"loss_plateau_delta":0.073823,"loss_plateau_count":0,"pg_loss":-0.001764,"v_loss":11.946147,"entropy":-0.859516,"approx_kl":0.007636,"clipfrac":0.0494,"reward_mean":-5.8408,"reward_std":28.1274,"reward_min":-207.6271,"reward_max":0.1178,"reward_scale":1.0,"throttle_mean":0.384,"throttle_min":0.0047,"throttle_max":0.9978,"spawn_curriculum_enabled":true,"spawn_curriculum_mode":"staged","spawn_curriculum_progress":1.0,"spawn_xy_half_width_m":2.0,"spawn_stage_index":3,"spawn_num_stages":4,"stage_success_count":0,"stage_termination_count":331,"stage_success_fraction":0.0,"stage_steps_in_stage":2080768,"stage_advanced_this_update":false}
step=6,602,752 reward_mean=-5.841 kl=0.00764 clipfrac=0.049 eval={'landed_fraction': 0.0, 'crashed_fraction': 1.0, 'mean_touchdown_speed': nan, 'max_touchdown_speed': nan, 'mean_pad_distance': nan, 'max_pad_distance': nan, 'mean_delta_v_proxy': 5.889195919036865, 'mean_eval_throttle': 0.3762415273984273, 'max_eval_throttle': 0.9847524166107178, 'max_upward_speed': 8.770218849182129, 'max_downward_speed': 4.975956439971924, 'passed': False}
{"type":"train_update","update":404,"global_step":6619136,"wall_s":9206.05,"sps":719.0,"loss":6.301287,"loss_ema":6.276976,"loss_plateau_delta":0.006078,"loss_plateau_count":0,"pg_loss":0.003856,"v_loss":12.586276,"entropy":-0.858573,"approx_kl":0.016964,"clipfrac":0.1535,"reward_mean":-4.961,"reward_std":24.7758,"reward_min":-207.9416,"reward_max":0.1039,"reward_scale":1.0,"throttle_mean":0.4337,"throttle_min":0.0023,"throttle_max":0.9987,"spawn_curriculum_enabled":true,"spawn_curriculum_mode":"staged","spawn_curriculum_progress":1.0,"spawn_xy_half_width_m":2.0,"spawn_stage_index":3,"spawn_num_stages":4,"stage_success_count":0,"stage_termination_count":255,"stage_success_fraction":0.0,"stage_steps_in_stage":2097152,"stage_advanced_this_update":false}
{"type":"train_update","update":405,"global_step":6635520,"wall_s":9212.84,"sps":720.2,"loss":5.672927,"loss_ema":6.156166,"loss_plateau_delta":0.12081,"loss_plateau_count":0,"pg_loss":0.001143,"v_loss":11.334981,"entropy":-0.858666,"approx_kl":0.0037,"clipfrac":0.0852,"reward_mean":-5.0332,"reward_std":25.0426,"reward_min":-208.3267,"reward_max":-0.0138,"reward_scale":1.0,"throttle_mean":0.3777,"throttle_min":0.0032,"throttle_max":0.999,"spawn_curriculum_enabled":true,"spawn_curriculum_mode":"staged","spawn_curriculum_progress":1.0,"spawn_xy_half_width_m":2.0,"spawn_stage_index":3,"spawn_num_stages":4,"stage_success_count":0,"stage_termination_count":261,"stage_success_fraction":0.0,"stage_steps_in_stage":2113536,"stage_advanced_this_update":false}
{"type":"train_update","update":406,"global_step":6651904,"wall_s":9220.0,"sps":721.5,"loss":6.29557,"loss_ema":6.184047,"loss_plateau_delta":0.027881,"loss_plateau_count":0,"pg_loss":-0.001628,"v_loss":12.58582,"entropy":-0.857505,"approx_kl":0.00359,"clipfrac":0.0636,"reward_mean":-5.9101,"reward_std":28.2522,"reward_min":-207.4468,"reward_max":0.0538,"reward_scale":1.0,"throttle_mean":0.3731,"throttle_min":0.0024,"throttle_max":0.997,"spawn_curriculum_enabled":true,"spawn_curriculum_mode":"staged","spawn_curriculum_progress":1.0,"spawn_xy_half_width_m":2.0,"spawn_stage_index":3,"spawn_num_stages":4,"stage_success_count":0,"stage_termination_count":333,"stage_success_fraction":0.0,"stage_steps_in_stage":2129920,"stage_advanced_this_update":false}
step=6,651,904 reward_mean=-5.910 kl=0.00359 clipfrac=0.064 eval={'landed_fraction': 0.0, 'crashed_fraction': 1.0, 'mean_touchdown_speed': nan, 'max_touchdown_speed': nan, 'mean_pad_distance': nan, 'max_pad_distance': nan, 'mean_delta_v_proxy': 5.714282512664795, 'mean_eval_throttle': 0.3710472355451849, 'max_eval_throttle': 0.9867813587188721, 'max_upward_speed': 9.25203800201416, 'max_downward_speed': 4.942373752593994, 'passed': False}
{"type":"train_update","update":407,"global_step":6668288,"wall_s":9275.16,"sps":718.9,"loss":5.630762,"loss_ema":6.07339,"loss_plateau_delta":0.110657,"loss_plateau_count":0,"pg_loss":0.000168,"v_loss":11.252627,"entropy":-0.855947,"approx_kl":0.015852,"clipfrac":0.075,"reward_mean":-4.9402,"reward_std":24.7194,"reward_min":-207.7641,"reward_max":-0.0343,"reward_scale":1.0,"throttle_mean":0.4141,"throttle_min":0.0026,"throttle_max":0.9981,"spawn_curriculum_enabled":true,"spawn_curriculum_mode":"staged","spawn_curriculum_progress":1.0,"spawn_xy_half_width_m":2.0,"spawn_stage_index":3,"spawn_num_stages":4,"stage_success_count":0,"stage_termination_count":254,"stage_success_fraction":0.0,"stage_steps_in_stage":2146304,"stage_advanced_this_update":false}
{"type":"train_update","update":408,"global_step":6684672,"wall_s":9281.88,"sps":720.2,"loss":5.685138,"loss_ema":5.99574,"loss_plateau_delta":0.07765,"loss_plateau_count":0,"pg_loss":0.005939,"v_loss":11.349835,"entropy":-0.8563,"approx_kl":0.003746,"clipfrac":0.1542,"reward_mean":-5.0376,"reward_std":25.0093,"reward_min":-207.3447,"reward_max":0.2618,"reward_scale":1.0,"throttle_mean":0.3932,"throttle_min":0.0028,"throttle_max":0.9981,"spawn_curriculum_enabled":true,"spawn_curriculum_mode":"staged","spawn_curriculum_progress":1.0,"spawn_xy_half_width_m":2.0,"spawn_stage_index":3,"spawn_num_stages":4,"stage_success_count":0,"stage_termination_count":260,"stage_success_fraction":0.0,"stage_steps_in_stage":2162688,"stage_advanced_this_update":false}
{"type":"train_update","update":409,"global_step":6701056,"wall_s":9289.33,"sps":721.4,"loss":5.882581,"loss_ema":5.973108,"loss_plateau_delta":0.022632,"loss_plateau_count":0,"pg_loss":-0.000573,"v_loss":11.757753,"entropy":-0.855436,"approx_kl":0.008185,"clipfrac":0.0494,"reward_mean":-5.4191,"reward_std":26.653,"reward_min":-207.891,"reward_max":-0.01,"reward_scale":1.0,"throttle_mean":0.3545,"throttle_min":0.0027,"throttle_max":0.9971,"spawn_curriculum_enabled":true,"spawn_curriculum_mode":"staged","spawn_curriculum_progress":1.0,"spawn_xy_half_width_m":2.0,"spawn_stage_index":3,"spawn_num_stages":4,"stage_success_count":0,"stage_termination_count":296,"stage_success_fraction":0.0,"stage_steps_in_stage":2179072,"stage_advanced_this_update":false}
step=6,701,056 reward_mean=-5.419 kl=0.00819 clipfrac=0.049 eval={'landed_fraction': 0.0, 'crashed_fraction': 1.0, 'mean_touchdown_speed': nan, 'max_touchdown_speed': nan, 'mean_pad_distance': nan, 'max_pad_distance': nan, 'mean_delta_v_proxy': 5.6880645751953125, 'mean_eval_throttle': 0.36967863213684826, 'max_eval_throttle': 0.986067533493042, 'max_upward_speed': 8.869087219238281, 'max_downward_speed': 4.69191837310791, 'passed': False}
{"type":"train_update","update":410,"global_step":6717440,"wall_s":9344.03,"sps":718.9,"loss":5.793147,"loss_ema":5.937116,"loss_plateau_delta":0.035992,"loss_plateau_count":0,"pg_loss":8.2e-05,"v_loss":11.57754,"entropy":-0.858956,"approx_kl":0.004697,"clipfrac":0.0839,"reward_mean":-4.997,"reward_std":24.7929,"reward_min":-208.0728,"reward_max":0.0795,"reward_scale":1.0,"throttle_mean":0.4387,"throttle_min":0.0026,"throttle_max":0.9982,"spawn_curriculum_enabled":true,"spawn_curriculum_mode":"staged","spawn_curriculum_progress":1.0,"spawn_xy_half_width_m":2.0,"spawn_stage_index":3,"spawn_num_stages":4,"stage_success_count":0,"stage_termination_count":256,"stage_success_fraction":0.0,"stage_steps_in_stage":2195456,"stage_advanced_this_update":false}
{"type":"train_update","update":411,"global_step":6733824,"wall_s":9350.59,"sps":720.1,"loss":6.135452,"loss_ema":5.976783,"loss_plateau_delta":0.039667,"loss_plateau_count":0,"pg_loss":-0.000962,"v_loss":12.264219,"entropy":-0.860865,"approx_kl":0.008328,"clipfrac":0.0659,"reward_mean":-5.1957,"reward_std":25.7839,"reward_min":-208.7479,"reward_max":0.1758,"reward_scale":1.0,"throttle_mean":0.3693,"throttle_min":0.0015,"throttle_max":0.9983,"spawn_curriculum_enabled":true,"spawn_curriculum_mode":"staged","spawn_curriculum_progress":1.0,"spawn_xy_half_width_m":2.0,"spawn_stage_index":3,"spawn_num_stages":4,"stage_success_count":0,"stage_termination_count":277,"stage_success_fraction":0.0,"stage_steps_in_stage":2211840,"stage_advanced_this_update":false}
{"type":"train_update","update":412,"global_step":6750208,"wall_s":9358.65,"sps":721.3,"loss":5.611046,"loss_ema":5.903636,"loss_plateau_delta":0.073147,"loss_plateau_count":0,"pg_loss":-0.000788,"v_loss":11.215061,"entropy":-0.860587,"approx_kl":0.006072,"clipfrac":0.0627,"reward_mean":-6.1296,"reward_std":29.1306,"reward_min":-208.0001,"reward_max":0.1378,"reward_scale":1.0,"throttle_mean":0.3996,"throttle_min":0.0032,"throttle_max":0.9983,"spawn_curriculum_enabled":true,"spawn_curriculum_mode":"staged","spawn_curriculum_progress":1.0,"spawn_xy_half_width_m":2.0,"spawn_stage_index":3,"spawn_num_stages":4,"stage_success_count":0,"stage_termination_count":355,"stage_success_fraction":0.0,"stage_steps_in_stage":2228224,"stage_advanced_this_update":false}
step=6,750,208 reward_mean=-6.130 kl=0.00607 clipfrac=0.063 eval={'landed_fraction': 0.0, 'crashed_fraction': 1.0, 'mean_touchdown_speed': nan, 'max_touchdown_speed': nan, 'mean_pad_distance': nan, 'max_pad_distance': nan, 'mean_delta_v_proxy': 5.676271915435791, 'mean_eval_throttle': 0.3732194155951341, 'max_eval_throttle': 0.9873520135879517, 'max_upward_speed': 8.560565948486328, 'max_downward_speed': 4.657566547393799, 'passed': False}
{"type":"train_update","update":413,"global_step":6766592,"wall_s":9413.81,"sps":718.8,"loss":5.536522,"loss_ema":5.830213,"loss_plateau_delta":0.073423,"loss_plateau_count":0,"pg_loss":0.000578,"v_loss":11.063308,"entropy":-0.858006,"approx_kl":0.005032,"clipfrac":0.0811,"reward_mean":-5.0022,"reward_std":24.8123,"reward_min":-207.521,"reward_max":0.1501,"reward_scale":1.0,"throttle_mean":0.4251,"throttle_min":0.0023,"throttle_max":0.9988,"spawn_curriculum_enabled":true,"spawn_curriculum_mode":"staged","spawn_curriculum_progress":1.0,"spawn_xy_half_width_m":2.0,"spawn_stage_index":3,"spawn_num_stages":4,"stage_success_count":0,"stage_termination_count":256,"stage_success_fraction":0.0,"stage_steps_in_stage":2244608,"stage_advanced_this_update":false}
{"type":"train_update","update":414,"global_step":6782976,"wall_s":9420.2,"sps":720.0,"loss":5.950737,"loss_ema":5.854318,"loss_plateau_delta":0.024105,"loss_plateau_count":0,"pg_loss":-0.000634,"v_loss":11.894169,"entropy":-0.857387,"approx_kl":0.005617,"clipfrac":0.0542,"reward_mean":-5.1273,"reward_std":25.3408,"reward_min":-207.9606,"reward_max":-0.078,"reward_scale":1.0,"throttle_mean":0.3747,"throttle_min":0.0037,"throttle_max":0.999,"spawn_curriculum_enabled":true,"spawn_curriculum_mode":"staged","spawn_curriculum_progress":1.0,"spawn_xy_half_width_m":2.0,"spawn_stage_index":3,"spawn_num_stages":4,"stage_success_count":0,"stage_termination_count":267,"stage_success_fraction":0.0,"stage_steps_in_stage":2260992,"stage_advanced_this_update":false}
{"type":"train_update","update":415,"global_step":6799360,"wall_s":9428.33,"sps":721.2,"loss":5.062431,"loss_ema":5.695941,"loss_plateau_delta":0.158377,"loss_plateau_count":0,"pg_loss":0.001763,"v_loss":10.112769,"entropy":-0.856803,"approx_kl":0.005865,"clipfrac":0.1097,"reward_mean":-6.0371,"reward_std":28.7248,"reward_min":-207.5552,"reward_max":0.1558,"reward_scale":1.0,"throttle_mean":0.3859,"throttle_min":0.0027,"throttle_max":0.9979,"spawn_curriculum_enabled":true,"spawn_curriculum_mode":"staged","spawn_curriculum_progress":1.0,"spawn_xy_half_width_m":2.0,"spawn_stage_index":3,"spawn_num_stages":4,"stage_success_count":0,"stage_termination_count":345,"stage_success_fraction":0.0,"stage_steps_in_stage":2277376,"stage_advanced_this_update":false}
{"type":"train_update","update":416,"global_step":6815744,"wall_s":9435.42,"sps":722.4,"loss":5.624243,"loss_ema":5.681601,"loss_plateau_delta":0.01434,"loss_plateau_count":0,"pg_loss":-0.000469,"v_loss":11.240868,"entropy":-0.855562,"approx_kl":0.004374,"clipfrac":0.0713,"reward_mean":-5.5934,"reward_std":27.187,"reward_min":-207.8631,"reward_max":0.0419,"reward_scale":1.0,"throttle_mean":0.384,"throttle_min":0.0032,"throttle_max":0.9986,"spawn_curriculum_enabled":true,"spawn_curriculum_mode":"staged","spawn_curriculum_progress":1.0,"spawn_xy_half_width_m":2.0,"spawn_stage_index":3,"spawn_num_stages":4,"stage_success_count":0,"stage_termination_count":308,"stage_success_fraction":0.0,"stage_steps_in_stage":2293760,"stage_advanced_this_update":false}
step=6,815,744 reward_mean=-5.593 kl=0.00437 clipfrac=0.071 eval={'landed_fraction': 0.0, 'crashed_fraction': 1.0, 'mean_touchdown_speed': nan, 'max_touchdown_speed': nan, 'mean_pad_distance': nan, 'max_pad_distance': nan, 'mean_delta_v_proxy': 5.61077356338501, 'mean_eval_throttle': 0.36772753974629774, 'max_eval_throttle': 0.9897481799125671, 'max_upward_speed': 8.175514221191406, 'max_downward_speed': 4.874468803405762, 'passed': False}
{"type":"train_update","update":417,"global_step":6832128,"wall_s":9490.82,"sps":719.9,"loss":5.429869,"loss_ema":5.631255,"loss_plateau_delta":0.050346,"loss_plateau_count":0,"pg_loss":-0.001479,"v_loss":10.854118,"entropy":-0.857946,"approx_kl":0.004081,"clipfrac":0.0346,"reward_mean":-4.9983,"reward_std":24.8006,"reward_min":-207.9427,"reward_max":0.1261,"reward_scale":1.0,"throttle_mean":0.4238,"throttle_min":0.0023,"throttle_max":0.9982,"spawn_curriculum_enabled":true,"spawn_curriculum_mode":"staged","spawn_curriculum_progress":1.0,"spawn_xy_half_width_m":2.0,"spawn_stage_index":3,"spawn_num_stages":4,"stage_success_count":0,"stage_termination_count":256,"stage_success_fraction":0.0,"stage_steps_in_stage":2310144,"stage_advanced_this_update":false}
{"type":"train_update","update":418,"global_step":6848512,"wall_s":9497.93,"sps":721.1,"loss":5.27663,"loss_ema":5.56033,"loss_plateau_delta":0.070925,"loss_plateau_count":0,"pg_loss":-0.000338,"v_loss":10.545345,"entropy":-0.859203,"approx_kl":0.005319,"clipfrac":0.0545,"reward_mean":-5.0302,"reward_std":25.1491,"reward_min":-208.2649,"reward_max":0.0161,"reward_scale":1.0,"throttle_mean":0.3686,"throttle_min":0.0023,"throttle_max":0.9985,"spawn_curriculum_enabled":true,"spawn_curriculum_mode":"staged","spawn_curriculum_progress":1.0,"spawn_xy_half_width_m":2.0,"spawn_stage_index":3,"spawn_num_stages":4,"stage_success_count":0,"stage_termination_count":263,"stage_success_fraction":0.0,"stage_steps_in_stage":2326528,"stage_advanced_this_update":false}
{"type":"train_update","update":419,"global_step":6864896,"wall_s":9504.94,"sps":722.2,"loss":5.46632,"loss_ema":5.541528,"loss_plateau_delta":0.018802,"loss_plateau_count":0,"pg_loss":0.001048,"v_loss":10.921936,"entropy":-0.860768,"approx_kl":0.004925,"clipfrac":0.1083,"reward_mean":-5.8393,"reward_std":28.2528,"reward_min":-207.9241,"reward_max":0.1351,"reward_scale":1.0,"throttle_mean":0.3712,"throttle_min":0.0035,"throttle_max":0.9984,"spawn_curriculum_enabled":true,"spawn_curriculum_mode":"staged","spawn_curriculum_progress":1.0,"spawn_xy_half_width_m":2.0,"spawn_stage_index":3,"spawn_num_stages":4,"stage_success_count":0,"stage_termination_count":333,"stage_success_fraction":0.0,"stage_steps_in_stage":2342912,"stage_advanced_this_update":false}
step=6,864,896 reward_mean=-5.839 kl=0.00492 clipfrac=0.108 eval={'landed_fraction': 0.0, 'crashed_fraction': 1.0, 'mean_touchdown_speed': nan, 'max_touchdown_speed': nan, 'mean_pad_distance': nan, 'max_pad_distance': nan, 'mean_delta_v_proxy': 5.696359157562256, 'mean_eval_throttle': 0.3697691954258415, 'max_eval_throttle': 0.9886758327484131, 'max_upward_speed': 8.75927734375, 'max_downward_speed': 4.638274669647217, 'passed': False}
{"type":"train_update","update":420,"global_step":6881280,"wall_s":9560.21,"sps":719.8,"loss":6.124447,"loss_ema":5.658112,"loss_plateau_delta":0.116584,"loss_plateau_count":0,"pg_loss":0.000763,"v_loss":12.23874,"entropy":-0.862671,"approx_kl":0.003999,"clipfrac":0.0905,"reward_mean":-5.0196,"reward_std":24.8277,"reward_min":-207.7663,"reward_max":0.0158,"reward_scale":1.0,"throttle_mean":0.4298,"throttle_min":0.0035,"throttle_max":0.999,"spawn_curriculum_enabled":true,"spawn_curriculum_mode":"staged","spawn_curriculum_progress":1.0,"spawn_xy_half_width_m":2.0,"spawn_stage_index":3,"spawn_num_stages":4,"stage_success_count":0,"stage_termination_count":257,"stage_success_fraction":0.0,"stage_steps_in_stage":2359296,"stage_advanced_this_update":false}
{"type":"train_update","update":421,"global_step":6897664,"wall_s":9567.07,"sps":721.0,"loss":5.475555,"loss_ema":5.6216,"loss_plateau_delta":0.036511,"loss_plateau_count":0,"pg_loss":0.0026,"v_loss":10.93729,"entropy":-0.862024,"approx_kl":0.020494,"clipfrac":0.1063,"reward_mean":-5.059,"reward_std":25.2837,"reward_min":-207.8388,"reward_max":0.2149,"reward_scale":1.0,"throttle_mean":0.3763,"throttle_min":0.0036,"throttle_max":0.9986,"spawn_curriculum_enabled":true,"spawn_curriculum_mode":"staged","spawn_curriculum_progress":1.0,"spawn_xy_half_width_m":2.0,"spawn_stage_index":3,"spawn_num_stages":4,"stage_success_count":0,"stage_termination_count":266,"stage_success_fraction":0.0,"stage_steps_in_stage":2375680,"stage_advanced_this_update":false}
{"type":"train_update","update":422,"global_step":6914048,"wall_s":9574.05,"sps":722.2,"loss":5.105751,"loss_ema":5.51843,"loss_plateau_delta":0.10317,"loss_plateau_count":0,"pg_loss":0.003292,"v_loss":10.196321,"entropy":-0.859716,"approx_kl":0.005568,"clipfrac":0.1408,"reward_mean":-6.1219,"reward_std":29.165,"reward_min":-207.4755,"reward_max":0.255,"reward_scale":1.0,"throttle_mean":0.3932,"throttle_min":0.002,"throttle_max":0.9981,"spawn_curriculum_enabled":true,"spawn_curriculum_mode":"staged","spawn_curriculum_progress":1.0,"spawn_xy_half_width_m":2.0,"spawn_stage_index":3,"spawn_num_stages":4,"stage_success_count":0,"stage_termination_count":356,"stage_success_fraction":0.0,"stage_steps_in_stage":2392064,"stage_advanced_this_update":false}
step=6,914,048 reward_mean=-6.122 kl=0.00557 clipfrac=0.141 eval={'landed_fraction': 0.0, 'crashed_fraction': 1.0, 'mean_touchdown_speed': nan, 'max_touchdown_speed': nan, 'mean_pad_distance': nan, 'max_pad_distance': nan, 'mean_delta_v_proxy': 5.710500717163086, 'mean_eval_throttle': 0.37145315091643066, 'max_eval_throttle': 0.989651083946228, 'max_upward_speed': 8.763280868530273, 'max_downward_speed': 4.714343547821045, 'passed': False}
{"type":"train_update","update":423,"global_step":6930432,"wall_s":9630.0,"sps":719.7,"loss":5.552442,"loss_ema":5.525233,"loss_plateau_delta":0.006802,"loss_plateau_count":0,"pg_loss":-0.000471,"v_loss":11.097256,"entropy":-0.856967,"approx_kl":0.004419,"clipfrac":0.0847,"reward_mean":-4.9933,"reward_std":24.8008,"reward_min":-206.8212,"reward_max":0.0925,"reward_scale":1.0,"throttle_mean":0.4307,"throttle_min":0.0031,"throttle_max":0.9987,"spawn_curriculum_enabled":true,"spawn_curriculum_mode":"staged","spawn_curriculum_progress":1.0,"spawn_xy_half_width_m":2.0,"spawn_stage_index":3,"spawn_num_stages":4,"stage_success_count":0,"stage_termination_count":256,"stage_success_fraction":0.0,"stage_steps_in_stage":2408448,"stage_advanced_this_update":false}
{"type":"train_update","update":424,"global_step":6946816,"wall_s":9636.63,"sps":720.9,"loss":5.29407,"loss_ema":5.479,"loss_plateau_delta":0.046233,"loss_plateau_count":0,"pg_loss":0.000614,"v_loss":10.578345,"entropy":-0.856707,"approx_kl":0.008216,"clipfrac":0.0714,"reward_mean":-5.1039,"reward_std":25.3588,"reward_min":-207.8372,"reward_max":0.1234,"reward_scale":1.0,"throttle_mean":0.3774,"throttle_min":0.001,"throttle_max":0.9987,"spawn_curriculum_enabled":true,"spawn_curriculum_mode":"staged","spawn_curriculum_progress":1.0,"spawn_xy_half_width_m":2.0,"spawn_stage_index":3,"spawn_num_stages":4,"stage_success_count":0,"stage_termination_count":268,"stage_success_fraction":0.0,"stage_steps_in_stage":2424832,"stage_advanced_this_update":false}
{"type":"train_update","update":425,"global_step":6963200,"wall_s":9643.47,"sps":722.1,"loss":4.790987,"loss_ema":5.341397,"loss_plateau_delta":0.137603,"loss_plateau_count":0,"pg_loss":0.01036,"v_loss":9.552689,"entropy":-0.856391,"approx_kl":0.020623,"clipfrac":0.1861,"reward_mean":-6.0442,"reward_std":28.9383,"reward_min":-207.9071,"reward_max":0.0462,"reward_scale":1.0,"throttle_mean":0.3906,"throttle_min":0.0031,"throttle_max":0.9993,"spawn_curriculum_enabled":true,"spawn_curriculum_mode":"staged","spawn_curriculum_progress":1.0,"spawn_xy_half_width_m":2.0,"spawn_stage_index":3,"spawn_num_stages":4,"stage_success_count":0,"stage_termination_count":350,"stage_success_fraction":0.0,"stage_steps_in_stage":2441216,"stage_advanced_this_update":false}
step=6,963,200 reward_mean=-6.044 kl=0.02062 clipfrac=0.186 eval={'landed_fraction': 0.0, 'crashed_fraction': 1.0, 'mean_touchdown_speed': nan, 'max_touchdown_speed': nan, 'mean_pad_distance': nan, 'max_pad_distance': nan, 'mean_delta_v_proxy': 5.642302513122559, 'mean_eval_throttle': 0.36719831592506835, 'max_eval_throttle': 0.9909493923187256, 'max_upward_speed': 8.333231925964355, 'max_downward_speed': 4.935107231140137, 'passed': False}
{"type":"train_update","update":426,"global_step":6979584,"wall_s":9699.36,"sps":719.6,"loss":5.898991,"loss_ema":5.452916,"loss_plateau_delta":0.111519,"loss_plateau_count":0,"pg_loss":0.008559,"v_loss":11.772369,"entropy":-0.849516,"approx_kl":0.003921,"clipfrac":0.1678,"reward_mean":-4.9857,"reward_std":24.8159,"reward_min":-207.7925,"reward_max":0.0303,"reward_scale":1.0,"throttle_mean":0.4325,"throttle_min":0.0036,"throttle_max":0.998,"spawn_curriculum_enabled":true,"spawn_curriculum_mode":"staged","spawn_curriculum_progress":1.0,"spawn_xy_half_width_m":2.0,"spawn_stage_index":3,"spawn_num_stages":4,"stage_success_count":0,"stage_termination_count":256,"stage_success_fraction":0.0,"stage_steps_in_stage":2457600,"stage_advanced_this_update":false}
{"type":"train_update","update":427,"global_step":6995968,"wall_s":9706.16,"sps":720.8,"loss":5.869891,"loss_ema":5.536311,"loss_plateau_delta":0.083395,"loss_plateau_count":0,"pg_loss":-2.7e-05,"v_loss":11.731372,"entropy":-0.84639,"approx_kl":0.008214,"clipfrac":0.0729,"reward_mean":-5.2913,"reward_std":26.1576,"reward_min":-207.6909,"reward_max":0.0346,"reward_scale":1.0,"throttle_mean":0.3606,"throttle_min":0.0022,"throttle_max":0.9984,"spawn_curriculum_enabled":true,"spawn_curriculum_mode":"staged","spawn_curriculum_progress":1.0,"spawn_xy_half_width_m":2.0,"spawn_stage_index":3,"spawn_num_stages":4,"stage_success_count":0,"stage_termination_count":285,"stage_success_fraction":0.0,"stage_steps_in_stage":2473984,"stage_advanced_this_update":false}
{"type":"train_update","update":428,"global_step":7012352,"wall_s":9712.87,"sps":722.0,"loss":5.54799,"loss_ema":5.538647,"loss_plateau_delta":0.002336,"loss_plateau_count":0,"pg_loss":-0.001269,"v_loss":11.090082,"entropy":-0.84372,"approx_kl":0.005771,"clipfrac":0.0549,"reward_mean":-6.0871,"reward_std":29.1287,"reward_min":-207.6956,"reward_max":0.2325,"reward_scale":1.0,"throttle_mean":0.4014,"throttle_min":0.0026,"throttle_max":0.999,"spawn_curriculum_enabled":true,"spawn_curriculum_mode":"staged","spawn_curriculum_progress":1.0,"spawn_xy_half_width_m":2.0,"spawn_stage_index":3,"spawn_num_stages":4,"stage_success_count":0,"stage_termination_count":355,"stage_success_fraction":0.0,"stage_steps_in_stage":2490368,"stage_advanced_this_update":false}
step=7,012,352 reward_mean=-6.087 kl=0.00577 clipfrac=0.055 eval={'landed_fraction': 0.0, 'crashed_fraction': 1.0, 'mean_touchdown_speed': nan, 'max_touchdown_speed': nan, 'mean_pad_distance': nan, 'max_pad_distance': nan, 'mean_delta_v_proxy': 5.80015754699707, 'mean_eval_throttle': 0.373951721812288, 'max_eval_throttle': 0.9904187321662903, 'max_upward_speed': 8.915542602539062, 'max_downward_speed': 4.796328067779541, 'passed': False}
{"type":"train_update","update":429,"global_step":7028736,"wall_s":9769.43,"sps":719.5,"loss":5.945441,"loss_ema":5.620006,"loss_plateau_delta":0.081359,"loss_plateau_count":0,"pg_loss":-0.00014,"v_loss":11.88274,"entropy":-0.842267,"approx_kl":0.006278,"clipfrac":0.0728,"reward_mean":-5.0743,"reward_std":25.0706,"reward_min":-207.5158,"reward_max":0.0845,"reward_scale":1.0,"throttle_mean":0.4349,"throttle_min":0.0027,"throttle_max":0.9985,"spawn_curriculum_enabled":true,"spawn_curriculum_mode":"staged","spawn_curriculum_progress":1.0,"spawn_xy_half_width_m":2.0,"spawn_stage_index":3,"spawn_num_stages":4,"stage_success_count":0,"stage_termination_count":262,"stage_success_fraction":0.0,"stage_steps_in_stage":2506752,"stage_advanced_this_update":false}
{"type":"train_update","update":430,"global_step":7045120,"wall_s":9776.34,"sps":720.6,"loss":5.456972,"loss_ema":5.587399,"loss_plateau_delta":0.032607,"loss_plateau_count":0,"pg_loss":0.000156,"v_loss":10.90521,"entropy":-0.84215,"approx_kl":0.007532,"clipfrac":0.1032,"reward_mean":-5.6616,"reward_std":27.6931,"reward_min":-208.0381,"reward_max":0.0969,"reward_scale":1.0,"throttle_mean":0.3703,"throttle_min":0.0023,"throttle_max":0.9989,"spawn_curriculum_enabled":true,"spawn_curriculum_mode":"staged","spawn_curriculum_progress":1.0,"spawn_xy_half_width_m":2.0,"spawn_stage_index":3,"spawn_num_stages":4,"stage_success_count":0,"stage_termination_count":320,"stage_success_fraction":0.0,"stage_steps_in_stage":2523136,"stage_advanced_this_update":false}
{"type":"train_update","update":431,"global_step":7061504,"wall_s":9783.17,"sps":721.8,"loss":5.117813,"loss_ema":5.493482,"loss_plateau_delta":0.093917,"loss_plateau_count":0,"pg_loss":-0.001757,"v_loss":10.230724,"entropy":-0.84168,"approx_kl":0.005788,"clipfrac":0.067,"reward_mean":-6.1383,"reward_std":29.1497,"reward_min":-207.4427,"reward_max":0.1465,"reward_scale":1.0,"throttle_mean":0.4081,"throttle_min":0.0017,"throttle_max":0.9982,"spawn_curriculum_enabled":true,"spawn_curriculum_mode":"staged","spawn_curriculum_progress":1.0,"spawn_xy_half_width_m":2.0,"spawn_stage_index":3,"spawn_num_stages":4,"stage_success_count":0,"stage_termination_count":356,"stage_success_fraction":0.0,"stage_steps_in_stage":2539520,"stage_advanced_this_update":false}
step=7,061,504 reward_mean=-6.138 kl=0.00579 clipfrac=0.067 eval={'landed_fraction': 0.0, 'crashed_fraction': 1.0, 'mean_touchdown_speed': nan, 'max_touchdown_speed': nan, 'mean_pad_distance': nan, 'max_pad_distance': nan, 'mean_delta_v_proxy': 5.79617166519165, 'mean_eval_throttle': 0.3735735494726234, 'max_eval_throttle': 0.9890650510787964, 'max_upward_speed': 9.221479415893555, 'max_downward_speed': 4.614759922027588, 'passed': False}
{"type":"train_update","update":432,"global_step":7077888,"wall_s":9839.29,"sps":719.3,"loss":5.902484,"loss_ema":5.575282,"loss_plateau_delta":0.0818,"loss_plateau_count":0,"pg_loss":0.001696,"v_loss":11.793176,"entropy":-0.839859,"approx_kl":0.007261,"clipfrac":0.1049,"reward_mean":-5.001,"reward_std":24.9937,"reward_min":-208.4008,"reward_max":0.0853,"reward_scale":1.0,"throttle_mean":0.4377,"throttle_min":0.0018,"throttle_max":0.9991,"spawn_curriculum_enabled":true,"spawn_curriculum_mode":"staged","spawn_curriculum_progress":1.0,"spawn_xy_half_width_m":2.0,"spawn_stage_index":3,"spawn_num_stages":4,"stage_success_count":0,"stage_termination_count":260,"stage_success_fraction":0.0,"stage_steps_in_stage":2555904,"stage_advanced_this_update":false}
{"type":"train_update","update":433,"global_step":7094272,"wall_s":9846.31,"sps":720.5,"loss":5.767725,"loss_ema":5.613771,"loss_plateau_delta":0.038489,"loss_plateau_count":0,"pg_loss":-0.001714,"v_loss":11.530475,"entropy":-0.840395,"approx_kl":0.004766,"clipfrac":0.033,"reward_mean":-5.6918,"reward_std":27.7725,"reward_min":-208.0547,"reward_max":0.1139,"reward_scale":1.0,"throttle_mean":0.3738,"throttle_min":0.0014,"throttle_max":0.9982,"spawn_curriculum_enabled":true,"spawn_curriculum_mode":"staged","spawn_curriculum_progress":1.0,"spawn_xy_half_width_m":2.0,"spawn_stage_index":3,"spawn_num_stages":4,"stage_success_count":0,"stage_termination_count":322,"stage_success_fraction":0.0,"stage_steps_in_stage":2572288,"stage_advanced_this_update":false}
{"type":"train_update","update":434,"global_step":7110656,"wall_s":9853.51,"sps":721.6,"loss":5.044064,"loss_ema":5.499829,"loss_plateau_delta":0.113941,"loss_plateau_count":0,"pg_loss":0.005241,"v_loss":10.069235,"entropy":-0.841038,"approx_kl":0.030155,"clipfrac":0.0969,"reward_mean":-5.9085,"reward_std":28.5754,"reward_min":-207.8402,"reward_max":0.306,"reward_scale":1.0,"throttle_mean":0.4043,"throttle_min":0.0033,"throttle_max":0.999,"spawn_curriculum_enabled":true,"spawn_curriculum_mode":"staged","spawn_curriculum_progress":1.0,"spawn_xy_half_width_m":2.0,"spawn_stage_index":3,"spawn_num_stages":4,"stage_success_count":0,"stage_termination_count":341,"stage_success_fraction":0.0,"stage_steps_in_stage":2588672,"stage_advanced_this_update":false}
step=7,110,656 reward_mean=-5.908 kl=0.03015 clipfrac=0.097 eval={'landed_fraction': 0.0, 'crashed_fraction': 1.0, 'mean_touchdown_speed': nan, 'max_touchdown_speed': nan, 'mean_pad_distance': nan, 'max_pad_distance': nan, 'mean_delta_v_proxy': 5.854305744171143, 'mean_eval_throttle': 0.3772156562904517, 'max_eval_throttle': 0.9921114444732666, 'max_upward_speed': 9.039308547973633, 'max_downward_speed': 4.70063591003418, 'passed': False}
{"type":"train_update","update":435,"global_step":7127040,"wall_s":9909.3,"sps":719.2,"loss":4.934211,"loss_ema":5.386706,"loss_plateau_delta":0.113124,"loss_plateau_count":0,"pg_loss":0.011589,"v_loss":9.836843,"entropy":-0.840178,"approx_kl":0.004591,"clipfrac":0.1936,"reward_mean":-4.9563,"reward_std":24.8821,"reward_min":-208.6794,"reward_max":0.124,"reward_scale":1.0,"throttle_mean":0.4408,"throttle_min":0.0023,"throttle_max":0.9989,"spawn_curriculum_enabled":true,"spawn_curriculum_mode":"staged","spawn_curriculum_progress":1.0,"spawn_xy_half_width_m":2.0,"spawn_stage_index":3,"spawn_num_stages":4,"stage_success_count":0,"stage_termination_count":258,"stage_success_fraction":0.0,"stage_steps_in_stage":2605056,"stage_advanced_this_update":false}
{"type":"train_update","update":436,"global_step":7143424,"wall_s":9915.94,"sps":720.4,"loss":4.718069,"loss_ema":5.252978,"loss_plateau_delta":0.133727,"loss_plateau_count":0,"pg_loss":0.002491,"v_loss":9.422776,"entropy":-0.838071,"approx_kl":0.003426,"clipfrac":0.1167,"reward_mean":-5.2636,"reward_std":26.4311,"reward_min":-208.3132,"reward_max":0.3556,"reward_scale":1.0,"throttle_mean":0.3716,"throttle_min":0.0028,"throttle_max":0.9982,"spawn_curriculum_enabled":true,"spawn_curriculum_mode":"staged","spawn_curriculum_progress":1.0,"spawn_xy_half_width_m":2.0,"spawn_stage_index":3,"spawn_num_stages":4,"stage_success_count":0,"stage_termination_count":291,"stage_success_fraction":0.0,"stage_steps_in_stage":2621440,"stage_advanced_this_update":false}
{"type":"train_update","update":437,"global_step":7159808,"wall_s":9923.67,"sps":721.5,"loss":4.591261,"loss_ema":5.120635,"loss_plateau_delta":0.132343,"loss_plateau_count":0,"pg_loss":0.000231,"v_loss":9.173663,"entropy":-0.839731,"approx_kl":0.008468,"clipfrac":0.1195,"reward_mean":-6.0321,"reward_std":28.9301,"reward_min":-208.9679,"reward_max":0.3473,"reward_scale":1.0,"throttle_mean":0.4057,"throttle_min":0.0044,"throttle_max":0.9985,"spawn_curriculum_enabled":true,"spawn_curriculum_mode":"staged","spawn_curriculum_progress":1.0,"spawn_xy_half_width_m":2.0,"spawn_stage_index":3,"spawn_num_stages":4,"stage_success_count":0,"stage_termination_count":350,"stage_success_fraction":0.0,"stage_steps_in_stage":2637824,"stage_advanced_this_update":false}
step=7,159,808 reward_mean=-6.032 kl=0.00847 clipfrac=0.119 eval={'landed_fraction': 0.0, 'crashed_fraction': 1.0, 'mean_touchdown_speed': nan, 'max_touchdown_speed': nan, 'mean_pad_distance': nan, 'max_pad_distance': nan, 'mean_delta_v_proxy': 6.022400856018066, 'mean_eval_throttle': 0.3794842825167709, 'max_eval_throttle': 0.9904199242591858, 'max_upward_speed': 8.870908737182617, 'max_downward_speed': 4.677866458892822, 'passed': False}
{"type":"train_update","update":438,"global_step":7176192,"wall_s":9979.17,"sps":719.1,"loss":5.753489,"loss_ema":5.247206,"loss_plateau_delta":0.126571,"loss_plateau_count":0,"pg_loss":-0.001428,"v_loss":11.501432,"entropy":-0.840309,"approx_kl":0.00544,"clipfrac":0.0574,"reward_mean":-4.9526,"reward_std":24.8792,"reward_min":-208.1166,"reward_max":0.251,"reward_scale":1.0,"throttle_mean":0.4483,"throttle_min":0.0021,"throttle_max":0.999,"spawn_curriculum_enabled":true,"spawn_curriculum_mode":"staged","spawn_curriculum_progress":1.0,"spawn_xy_half_width_m":2.0,"spawn_stage_index":3,"spawn_num_stages":4,"stage_success_count":0,"stage_termination_count":257,"stage_success_fraction":0.0,"stage_steps_in_stage":2654208,"stage_advanced_this_update":false}
{"type":"train_update","update":439,"global_step":7192576,"wall_s":9985.75,"sps":720.3,"loss":4.888287,"loss_ema":5.175422,"loss_plateau_delta":0.071784,"loss_plateau_count":0,"pg_loss":-0.00021,"v_loss":9.7686,"entropy":-0.839248,"approx_kl":0.005881,"clipfrac":0.0792,"reward_mean":-5.3949,"reward_std":26.8776,"reward_min":-208.5013,"reward_max":0.3516,"reward_scale":1.0,"throttle_mean":0.3825,"throttle_min":0.0019,"throttle_max":0.9988,"spawn_curriculum_enabled":true,"spawn_curriculum_mode":"staged","spawn_curriculum_progress":1.0,"spawn_xy_half_width_m":2.0,"spawn_stage_index":3,"spawn_num_stages":4,"stage_success_count":0,"stage_termination_count":301,"stage_success_fraction":0.0,"stage_steps_in_stage":2670592,"stage_advanced_this_update":false}
{"type":"train_update","update":440,"global_step":7208960,"wall_s":9993.72,"sps":721.3,"loss":5.127531,"loss_ema":5.165844,"loss_plateau_delta":0.009578,"loss_plateau_count":0,"pg_loss":0.000644,"v_loss":10.245375,"entropy":-0.839912,"approx_kl":0.004539,"clipfrac":0.0741,"reward_mean":-6.1027,"reward_std":29.1808,"reward_min":-208.3464,"reward_max":0.3146,"reward_scale":1.0,"throttle_mean":0.4066,"throttle_min":0.0028,"throttle_max":0.9988,"spawn_curriculum_enabled":true,"spawn_curriculum_mode":"staged","spawn_curriculum_progress":1.0,"spawn_xy_half_width_m":2.0,"spawn_stage_index":3,"spawn_num_stages":4,"stage_success_count":0,"stage_termination_count":356,"stage_success_fraction":0.0,"stage_steps_in_stage":2686976,"stage_advanced_this_update":false}
step=7,208,960 reward_mean=-6.103 kl=0.00454 clipfrac=0.074 eval={'landed_fraction': 0.0, 'crashed_fraction': 1.0, 'mean_touchdown_speed': nan, 'max_touchdown_speed': nan, 'mean_pad_distance': nan, 'max_pad_distance': nan, 'mean_delta_v_proxy': 6.020718574523926, 'mean_eval_throttle': 0.3816492071830564, 'max_eval_throttle': 0.9915854930877686, 'max_upward_speed': 8.777057647705078, 'max_downward_speed': 4.73996114730835, 'passed': False}
{"type":"train_update","update":441,"global_step":7225344,"wall_s":10049.44,"sps":719.0,"loss":5.217216,"loss_ema":5.176118,"loss_plateau_delta":0.010274,"loss_plateau_count":0,"pg_loss":-0.001095,"v_loss":10.428225,"entropy":-0.839738,"approx_kl":0.007252,"clipfrac":0.0997,"reward_mean":-5.0052,"reward_std":24.8969,"reward_min":-207.5894,"reward_max":0.1148,"reward_scale":1.0,"throttle_mean":0.4562,"throttle_min":0.0034,"throttle_max":0.9988,"spawn_curriculum_enabled":true,"spawn_curriculum_mode":"staged","spawn_curriculum_progress":1.0,"spawn_xy_half_width_m":2.0,"spawn_stage_index":3,"spawn_num_stages":4,"stage_success_count":0,"stage_termination_count":258,"stage_success_fraction":0.0,"stage_steps_in_stage":2703360,"stage_advanced_this_update":false}
{"type":"train_update","update":442,"global_step":7241728,"wall_s":10056.29,"sps":720.1,"loss":4.320175,"loss_ema":5.004929,"loss_plateau_delta":0.171189,"loss_plateau_count":0,"pg_loss":0.009307,"v_loss":8.613338,"entropy":-0.83974,"approx_kl":0.044592,"clipfrac":0.1677,"reward_mean":-5.5465,"reward_std":27.2549,"reward_min":-208.0502,"reward_max":0.3806,"reward_scale":1.0,"throttle_mean":0.3842,"throttle_min":0.0025,"throttle_max":0.9988,"spawn_curriculum_enabled":true,"spawn_curriculum_mode":"staged","spawn_curriculum_progress":1.0,"spawn_xy_half_width_m":2.0,"spawn_stage_index":3,"spawn_num_stages":4,"stage_success_count":0,"stage_termination_count":309,"stage_success_fraction":0.0,"stage_steps_in_stage":2719744,"stage_advanced_this_update":false}
{"type":"train_update","update":443,"global_step":7258112,"wall_s":10063.99,"sps":721.2,"loss":5.764781,"loss_ema":5.1569,"loss_plateau_delta":0.15197,"loss_plateau_count":0,"pg_loss":0.000312,"v_loss":11.520535,"entropy":-0.840428,"approx_kl":0.004887,"clipfrac":0.0686,"reward_mean":-6.1179,"reward_std":29.2136,"reward_min":-208.2416,"reward_max":0.1615,"reward_scale":1.0,"throttle_mean":0.4076,"throttle_min":0.0029,"throttle_max":0.9993,"spawn_curriculum_enabled":true,"spawn_curriculum_mode":"staged","spawn_curriculum_progress":1.0,"spawn_xy_half_width_m":2.0,"spawn_stage_index":3,"spawn_num_stages":4,"stage_success_count":0,"stage_termination_count":357,"stage_success_fraction":0.0,"stage_steps_in_stage":2736128,"stage_advanced_this_update":false}
step=7,258,112 reward_mean=-6.118 kl=0.00489 clipfrac=0.069 eval={'landed_fraction': 0.0, 'crashed_fraction': 1.0, 'mean_touchdown_speed': nan, 'max_touchdown_speed': nan, 'mean_pad_distance': nan, 'max_pad_distance': nan, 'mean_delta_v_proxy': 6.027095317840576, 'mean_eval_throttle': 0.37786965909103554, 'max_eval_throttle': 0.992648720741272, 'max_upward_speed': 8.899112701416016, 'max_downward_speed': 4.668325424194336, 'passed': False}
{"type":"train_update","update":444,"global_step":7274496,"wall_s":10119.77,"sps":718.8,"loss":5.873029,"loss_ema":5.300126,"loss_plateau_delta":0.143226,"loss_plateau_count":0,"pg_loss":0.021845,"v_loss":11.694002,"entropy":-0.836488,"approx_kl":0.033068,"clipfrac":0.2962,"reward_mean":-5.0397,"reward_std":25.0377,"reward_min":-207.7135,"reward_max":0.143,"reward_scale":1.0,"throttle_mean":0.4462,"throttle_min":0.0019,"throttle_max":0.9992,"spawn_curriculum_enabled":true,"spawn_curriculum_mode":"staged","spawn_curriculum_progress":1.0,"spawn_xy_half_width_m":2.0,"spawn_stage_index":3,"spawn_num_stages":4,"stage_success_count":0,"stage_termination_count":261,"stage_success_fraction":0.0,"stage_steps_in_stage":2752512,"stage_advanced_this_update":false}
{"type":"train_update","update":445,"global_step":7290880,"wall_s":10127.56,"sps":719.9,"loss":4.843022,"loss_ema":5.208705,"loss_plateau_delta":0.091421,"loss_plateau_count":0,"pg_loss":0.073575,"v_loss":9.53058,"entropy":-0.831345,"approx_kl":0.119716,"clipfrac":0.5345,"reward_mean":-5.9802,"reward_std":28.7103,"reward_min":-207.6363,"reward_max":0.3209,"reward_scale":1.0,"throttle_mean":0.3916,"throttle_min":0.0032,"throttle_max":0.9992,"spawn_curriculum_enabled":true,"spawn_curriculum_mode":"staged","spawn_curriculum_progress":1.0,"spawn_xy_half_width_m":2.0,"spawn_stage_index":3,"spawn_num_stages":4,"stage_success_count":0,"stage_termination_count":345,"stage_success_fraction":0.0,"stage_steps_in_stage":2768896,"stage_advanced_this_update":false}
{"type":"train_update","update":446,"global_step":7307264,"wall_s":10134.38,"sps":721.0,"loss":4.61984,"loss_ema":5.090932,"loss_plateau_delta":0.117773,"loss_plateau_count":0,"pg_loss":0.028902,"v_loss":9.173579,"entropy":-0.829849,"approx_kl":0.050404,"clipfrac":0.3984,"reward_mean":-5.8341,"reward_std":28.1754,"reward_min":-208.4787,"reward_max":0.1706,"reward_scale":1.0,"throttle_mean":0.3887,"throttle_min":0.0017,"throttle_max":0.9984,"spawn_curriculum_enabled":true,"spawn_curriculum_mode":"staged","spawn_curriculum_progress":1.0,"spawn_xy_half_width_m":2.0,"spawn_stage_index":3,"spawn_num_stages":4,"stage_success_count":0,"stage_termination_count":332,"stage_success_fraction":0.0,"stage_steps_in_stage":2785280,"stage_advanced_this_update":false}
step=7,307,264 reward_mean=-5.834 kl=0.05040 clipfrac=0.398 eval={'landed_fraction': 0.0, 'crashed_fraction': 1.0, 'mean_touchdown_speed': nan, 'max_touchdown_speed': nan, 'mean_pad_distance': nan, 'max_pad_distance': nan, 'mean_delta_v_proxy': 5.722066879272461, 'mean_eval_throttle': 0.37915916168855296, 'max_eval_throttle': 0.9910816550254822, 'max_upward_speed': 8.914552688598633, 'max_downward_speed': 4.816577911376953, 'passed': False}
{"type":"train_update","update":447,"global_step":7323648,"wall_s":10189.47,"sps":718.7,"loss":5.082539,"loss_ema":5.089253,"loss_plateau_delta":0.001679,"loss_plateau_count":0,"pg_loss":0.008647,"v_loss":10.139512,"entropy":-0.827082,"approx_kl":0.00425,"clipfrac":0.2049,"reward_mean":-4.987,"reward_std":24.9025,"reward_min":-207.6566,"reward_max":0.0953,"reward_scale":1.0,"throttle_mean":0.436,"throttle_min":0.0034,"throttle_max":0.9989,"spawn_curriculum_enabled":true,"spawn_curriculum_mode":"staged","spawn_curriculum_progress":1.0,"spawn_xy_half_width_m":2.0,"spawn_stage_index":3,"spawn_num_stages":4,"stage_success_count":0,"stage_termination_count":258,"stage_success_fraction":0.0,"stage_steps_in_stage":2801664,"stage_advanced_this_update":false}
{"type":"train_update","update":448,"global_step":7340032,"wall_s":10197.47,"sps":719.8,"loss":4.675435,"loss_ema":5.00649,"loss_plateau_delta":0.082764,"loss_plateau_count":0,"pg_loss":-0.001257,"v_loss":9.34513,"entropy":-0.825346,"approx_kl":0.007283,"clipfrac":0.0821,"reward_mean":-5.5387,"reward_std":27.3322,"reward_min":-207.9985,"reward_max":0.4713,"reward_scale":1.0,"throttle_mean":0.3721,"throttle_min":0.0022,"throttle_max":0.9985,"spawn_curriculum_enabled":true,"spawn_curriculum_mode":"staged","spawn_curriculum_progress":1.0,"spawn_xy_half_width_m":2.0,"spawn_stage_index":3,"spawn_num_stages":4,"stage_success_count":0,"stage_termination_count":312,"stage_success_fraction":0.0,"stage_steps_in_stage":2818048,"stage_advanced_this_update":false}
{"type":"train_update","update":449,"global_step":7356416,"wall_s":10204.46,"sps":720.9,"loss":4.982497,"loss_ema":5.001691,"loss_plateau_delta":0.004799,"loss_plateau_count":0,"pg_loss":0.001143,"v_loss":9.954444,"entropy":-0.826346,"approx_kl":0.009156,"clipfrac":0.0887,"reward_mean":-6.1307,"reward_std":29.1271,"reward_min":-207.943,"reward_max":0.0404,"reward_scale":1.0,"throttle_mean":0.3975,"throttle_min":0.0031,"throttle_max":0.9983,"spawn_curriculum_enabled":true,"spawn_curriculum_mode":"staged","spawn_curriculum_progress":1.0,"spawn_xy_half_width_m":2.0,"spawn_stage_index":3,"spawn_num_stages":4,"stage_success_count":0,"stage_termination_count":355,"stage_success_fraction":0.0,"stage_steps_in_stage":2834432,"stage_advanced_this_update":false}
step=7,356,416 reward_mean=-6.131 kl=0.00916 clipfrac=0.089 eval={'landed_fraction': 0.0, 'crashed_fraction': 1.0, 'mean_touchdown_speed': nan, 'max_touchdown_speed': nan, 'mean_pad_distance': nan, 'max_pad_distance': nan, 'mean_delta_v_proxy': 5.730903625488281, 'mean_eval_throttle': 0.37738749830259216, 'max_eval_throttle': 0.9891300201416016, 'max_upward_speed': 8.43876838684082, 'max_downward_speed': 4.697412967681885, 'passed': False}
{"type":"train_update","update":450,"global_step":7372800,"wall_s":10259.62,"sps":718.6,"loss":4.868423,"loss_ema":4.975037,"loss_plateau_delta":0.026654,"loss_plateau_count":0,"pg_loss":0.000999,"v_loss":9.726569,"entropy":-0.827805,"approx_kl":0.005852,"clipfrac":0.0863,"reward_mean":-5.0036,"reward_std":25.0533,"reward_min":-207.5128,"reward_max":0.2292,"reward_scale":1.0,"throttle_mean":0.4428,"throttle_min":0.0041,"throttle_max":0.9987,"spawn_curriculum_enabled":true,"spawn_curriculum_mode":"staged","spawn_curriculum_progress":1.0,"spawn_xy_half_width_m":2.0,"spawn_stage_index":3,"spawn_num_stages":4,"stage_success_count":0,"stage_termination_count":262,"stage_success_fraction":0.0,"stage_steps_in_stage":2850816,"stage_advanced_this_update":false}
{"type":"train_update","update":451,"global_step":7389184,"wall_s":10267.2,"sps":719.7,"loss":4.610782,"loss_ema":4.902186,"loss_plateau_delta":0.072851,"loss_plateau_count":0,"pg_loss":0.001663,"v_loss":9.209953,"entropy":-0.828417,"approx_kl":0.006566,"clipfrac":0.1174,"reward_mean":-5.7453,"reward_std":28.1951,"reward_min":-207.8068,"reward_max":0.3112,"reward_scale":1.0,"throttle_mean":0.3784,"throttle_min":0.0029,"throttle_max":0.9987,"spawn_curriculum_enabled":true,"spawn_curriculum_mode":"staged","spawn_curriculum_progress":1.0,"spawn_xy_half_width_m":2.0,"spawn_stage_index":3,"spawn_num_stages":4,"stage_success_count":0,"stage_termination_count":332,"stage_success_fraction":0.0,"stage_steps_in_stage":2867200,"stage_advanced_this_update":false}
{"type":"train_update","update":452,"global_step":7405568,"wall_s":10274.15,"sps":720.8,"loss":4.522789,"loss_ema":4.826307,"loss_plateau_delta":0.07588,"loss_plateau_count":0,"pg_loss":-0.000133,"v_loss":9.037574,"entropy":-0.826938,"approx_kl":0.003653,"clipfrac":0.0805,"reward_mean":-5.7966,"reward_std":27.9393,"reward_min":-207.6158,"reward_max":0.2415,"reward_scale":1.0,"throttle_mean":0.3972,"throttle_min":0.0029,"throttle_max":0.9985,"spawn_curriculum_enabled":true,"spawn_curriculum_mode":"staged","spawn_curriculum_progress":1.0,"spawn_xy_half_width_m":2.0,"spawn_stage_index":3,"spawn_num_stages":4,"stage_success_count":0,"stage_termination_count":326,"stage_success_fraction":0.0,"stage_steps_in_stage":2883584,"stage_advanced_this_update":false}
step=7,405,568 reward_mean=-5.797 kl=0.00365 clipfrac=0.081 eval={'landed_fraction': 0.0, 'crashed_fraction': 1.0, 'mean_touchdown_speed': nan, 'max_touchdown_speed': nan, 'mean_pad_distance': nan, 'max_pad_distance': nan, 'mean_delta_v_proxy': 5.779065132141113, 'mean_eval_throttle': 0.37441355303757723, 'max_eval_throttle': 0.9911338090896606, 'max_upward_speed': 8.451278686523438, 'max_downward_speed': 4.719673156738281, 'passed': False}
{"type":"train_update","update":453,"global_step":7421952,"wall_s":10329.29,"sps":718.5,"loss":5.666491,"loss_ema":4.994344,"loss_plateau_delta":0.168037,"loss_plateau_count":0,"pg_loss":-0.001517,"v_loss":11.327786,"entropy":-0.823019,"approx_kl":0.004026,"clipfrac":0.0474,"reward_mean":-4.9336,"reward_std":24.8515,"reward_min":-207.7742,"reward_max":0.0777,"reward_scale":1.0,"throttle_mean":0.4349,"throttle_min":0.0032,"throttle_max":0.9992,"spawn_curriculum_enabled":true,"spawn_curriculum_mode":"staged","spawn_curriculum_progress":1.0,"spawn_xy_half_width_m":2.0,"spawn_stage_index":3,"spawn_num_stages":4,"stage_success_count":0,"stage_termination_count":257,"stage_success_fraction":0.0,"stage_steps_in_stage":2899968,"stage_advanced_this_update":false}
{"type":"train_update","update":454,"global_step":7438336,"wall_s":10336.29,"sps":719.6,"loss":4.354548,"loss_ema":4.866385,"loss_plateau_delta":0.127959,"loss_plateau_count":0,"pg_loss":-0.001808,"v_loss":8.704486,"entropy":-0.82264,"approx_kl":0.004246,"clipfrac":0.0333,"reward_mean":-5.309,"reward_std":26.5201,"reward_min":-207.8586,"reward_max":0.2005,"reward_scale":1.0,"throttle_mean":0.3627,"throttle_min":0.0024,"throttle_max":0.999,"spawn_curriculum_enabled":true,"spawn_curriculum_mode":"staged","spawn_curriculum_progress":1.0,"spawn_xy_half_width_m":2.0,"spawn_stage_index":3,"spawn_num_stages":4,"stage_success_count":0,"stage_termination_count":293,"stage_success_fraction":0.0,"stage_steps_in_stage":2916352,"stage_advanced_this_update":false}
{"type":"train_update","update":455,"global_step":7454720,"wall_s":10343.32,"sps":720.7,"loss":5.044378,"loss_ema":4.901983,"loss_plateau_delta":0.035599,"loss_plateau_count":0,"pg_loss":-0.000923,"v_loss":10.08235,"entropy":-0.825151,"approx_kl":0.004382,"clipfrac":0.0484,"reward_mean":-6.0232,"reward_std":28.9381,"reward_min":-207.6946,"reward_max":0.4324,"reward_scale":1.0,"throttle_mean":0.399,"throttle_min":0.0028,"throttle_max":0.9994,"spawn_curriculum_enabled":true,"spawn_curriculum_mode":"staged","spawn_curriculum_progress":1.0,"spawn_xy_half_width_m":2.0,"spawn_stage_index":3,"spawn_num_stages":4,"stage_success_count":0,"stage_termination_count":350,"stage_success_fraction":0.0,"stage_steps_in_stage":2932736,"stage_advanced_this_update":false}
step=7,454,720 reward_mean=-6.023 kl=0.00438 clipfrac=0.048 eval={'landed_fraction': 0.0, 'crashed_fraction': 1.0, 'mean_touchdown_speed': nan, 'max_touchdown_speed': nan, 'mean_pad_distance': nan, 'max_pad_distance': nan, 'mean_delta_v_proxy': 5.703166961669922, 'mean_eval_throttle': 0.37291599339909026, 'max_eval_throttle': 0.9931100606918335, 'max_upward_speed': 9.015275955200195, 'max_downward_speed': 4.646262168884277, 'passed': False}
{"type":"train_update","update":456,"global_step":7471104,"wall_s":10399.78,"sps":718.4,"loss":4.767946,"loss_ema":4.875176,"loss_plateau_delta":0.026807,"loss_plateau_count":0,"pg_loss":-0.001845,"v_loss":9.531319,"entropy":-0.826476,"approx_kl":0.004772,"clipfrac":0.0445,"reward_mean":-4.9482,"reward_std":24.8348,"reward_min":-207.5128,"reward_max":0.291,"reward_scale":1.0,"throttle_mean":0.4332,"throttle_min":0.0029,"throttle_max":0.9982,"spawn_curriculum_enabled":true,"spawn_curriculum_mode":"staged","spawn_curriculum_progress":1.0,"spawn_xy_half_width_m":2.0,"spawn_stage_index":3,"spawn_num_stages":4,"stage_success_count":0,"stage_termination_count":257,"stage_success_fraction":0.0,"stage_steps_in_stage":2949120,"stage_advanced_this_update":false}
{"type":"train_update","update":457,"global_step":7487488,"wall_s":10406.61,"sps":719.5,"loss":4.643941,"loss_ema":4.828929,"loss_plateau_delta":0.046247,"loss_plateau_count":0,"pg_loss":-0.000485,"v_loss":9.280584,"entropy":-0.826702,"approx_kl":0.006983,"clipfrac":0.0665,"reward_mean":-5.2249,"reward_std":26.12,"reward_min":-207.724,"reward_max":0.305,"reward_scale":1.0,"throttle_mean":0.3634,"throttle_min":0.0021,"throttle_max":0.9988,"spawn_curriculum_enabled":true,"spawn_curriculum_mode":"staged","spawn_curriculum_progress":1.0,"spawn_xy_half_width_m":2.0,"spawn_stage_index":3,"spawn_num_stages":4,"stage_success_count":0,"stage_termination_count":284,"stage_success_fraction":0.0,"stage_steps_in_stage":2965504,"stage_advanced_this_update":false}
{"type":"train_update","update":458,"global_step":7503872,"wall_s":10413.44,"sps":720.6,"loss":4.876509,"loss_ema":4.838445,"loss_plateau_delta":0.009516,"loss_plateau_count":0,"pg_loss":0.00382,"v_loss":9.737108,"entropy":-0.826861,"approx_kl":0.006205,"clipfrac":0.101,"reward_mean":-5.9822,"reward_std":28.8017,"reward_min":-207.6565,"reward_max":0.3426,"reward_scale":1.0,"throttle_mean":0.3872,"throttle_min":0.0013,"throttle_max":0.9988,"spawn_curriculum_enabled":true,"spawn_curriculum_mode":"staged","spawn_curriculum_progress":1.0,"spawn_xy_half_width_m":2.0,"spawn_stage_index":3,"spawn_num_stages":4,"stage_success_count":0,"stage_termination_count":347,"stage_success_fraction":0.0,"stage_steps_in_stage":2981888,"stage_advanced_this_update":false}
step=7,503,872 reward_mean=-5.982 kl=0.00621 clipfrac=0.101 eval={'landed_fraction': 0.0, 'crashed_fraction': 1.0, 'mean_touchdown_speed': nan, 'max_touchdown_speed': nan, 'mean_pad_distance': nan, 'max_pad_distance': nan, 'mean_delta_v_proxy': 5.7013115882873535, 'mean_eval_throttle': 0.37090035339196525, 'max_eval_throttle': 0.9918175935745239, 'max_upward_speed': 8.892719268798828, 'max_downward_speed': 4.748780250549316, 'passed': False}
{"type":"train_update","update":459,"global_step":7520256,"wall_s":10469.61,"sps":718.3,"loss":5.505687,"loss_ema":4.971893,"loss_plateau_delta":0.133449,"loss_plateau_count":0,"pg_loss":0.0011,"v_loss":11.000921,"entropy":-0.825451,"approx_kl":0.011169,"clipfrac":0.0631,"reward_mean":-4.9675,"reward_std":24.8434,"reward_min":-208.0636,"reward_max":0.2552,"reward_scale":1.0,"throttle_mean":0.4293,"throttle_min":0.0026,"throttle_max":0.9991,"spawn_curriculum_enabled":true,"spawn_curriculum_mode":"staged","spawn_curriculum_progress":1.0,"spawn_xy_half_width_m":2.0,"spawn_stage_index":3,"spawn_num_stages":4,"stage_success_count":0,"stage_termination_count":257,"stage_success_fraction":0.0,"stage_steps_in_stage":2998272,"stage_advanced_this_update":false}
{"type":"train_update","update":460,"global_step":7536640,"wall_s":10476.67,"sps":719.4,"loss":4.879472,"loss_ema":4.953409,"loss_plateau_delta":0.018484,"loss_plateau_count":0,"pg_loss":0.000459,"v_loss":9.749779,"entropy":-0.824804,"approx_kl":0.005973,"clipfrac":0.1065,"reward_mean":-5.1835,"reward_std":25.9761,"reward_min":-208.0931,"reward_max":0.113,"reward_scale":1.0,"throttle_mean":0.37,"throttle_min":0.0031,"throttle_max":0.9987,"spawn_curriculum_enabled":true,"spawn_curriculum_mode":"staged","spawn_curriculum_progress":1.0,"spawn_xy_half_width_m":2.0,"spawn_stage_index":3,"spawn_num_stages":4,"stage_success_count":0,"stage_termination_count":281,"stage_success_fraction":0.0,"stage_steps_in_stage":3014656,"stage_advanced_this_update":false}
{"type":"train_update","update":461,"global_step":7553024,"wall_s":10483.31,"sps":720.5,"loss":5.101719,"loss_ema":4.983071,"loss_plateau_delta":0.029662,"loss_plateau_count":0,"pg_loss":-0.00116,"v_loss":10.197497,"entropy":-0.826102,"approx_kl":0.0045,"clipfrac":0.0559,"reward_mean":-6.1911,"reward_std":29.4383,"reward_min":-207.8001,"reward_max":0.2661,"reward_scale":1.0,"throttle_mean":0.3933,"throttle_min":0.0035,"throttle_max":0.9988,"spawn_curriculum_enabled":true,"spawn_curriculum_mode":"staged","spawn_curriculum_progress":1.0,"spawn_xy_half_width_m":2.0,"spawn_stage_index":3,"spawn_num_stages":4,"stage_success_count":0,"stage_termination_count":363,"stage_success_fraction":0.0,"stage_steps_in_stage":3031040,"stage_advanced_this_update":false}
step=7,553,024 reward_mean=-6.191 kl=0.00450 clipfrac=0.056 eval={'landed_fraction': 0.0, 'crashed_fraction': 1.0, 'mean_touchdown_speed': nan, 'max_touchdown_speed': nan, 'mean_pad_distance': nan, 'max_pad_distance': nan, 'mean_delta_v_proxy': 5.641970634460449, 'mean_eval_throttle': 0.3678232230659988, 'max_eval_throttle': 0.9911662340164185, 'max_upward_speed': 9.142632484436035, 'max_downward_speed': 4.652168273925781, 'passed': False}
{"type":"train_update","update":462,"global_step":7569408,"wall_s":10539.64,"sps":718.2,"loss":4.744713,"loss_ema":4.9354,"loss_plateau_delta":0.047672,"loss_plateau_count":0,"pg_loss":0.008343,"v_loss":9.464457,"entropy":-0.828439,"approx_kl":0.044825,"clipfrac":0.11,"reward_mean":-4.9556,"reward_std":24.7871,"reward_min":-207.1728,"reward_max":0.1034,"reward_scale":1.0,"throttle_mean":0.433,"throttle_min":0.0034,"throttle_max":0.9982,"spawn_curriculum_enabled":true,"spawn_curriculum_mode":"staged","spawn_curriculum_progress":1.0,"spawn_xy_half_width_m":2.0,"spawn_stage_index":3,"spawn_num_stages":4,"stage_success_count":0,"stage_termination_count":256,"stage_success_fraction":0.0,"stage_steps_in_stage":3047424,"stage_advanced_this_update":false}
{"type":"train_update","update":463,"global_step":7585792,"wall_s":10546.71,"sps":719.3,"loss":4.892059,"loss_ema":4.926731,"loss_plateau_delta":0.008668,"loss_plateau_count":0,"pg_loss":0.00947,"v_loss":9.756906,"entropy":-0.827284,"approx_kl":0.037534,"clipfrac":0.1783,"reward_mean":-5.393,"reward_std":26.7949,"reward_min":-208.1031,"reward_max":0.1837,"reward_scale":1.0,"throttle_mean":0.3715,"throttle_min":0.0025,"throttle_max":0.9988,"spawn_curriculum_enabled":true,"spawn_curriculum_mode":"staged","spawn_curriculum_progress":1.0,"spawn_xy_half_width_m":2.0,"spawn_stage_index":3,"spawn_num_stages":4,"stage_success_count":0,"stage_termination_count":299,"stage_success_fraction":0.0,"stage_steps_in_stage":3063808,"stage_advanced_this_update":false}
{"type":"train_update","update":464,"global_step":7602176,"wall_s":10553.68,"sps":720.3,"loss":4.723466,"loss_ema":4.886078,"loss_plateau_delta":0.040653,"loss_plateau_count":0,"pg_loss":-0.001235,"v_loss":9.441163,"entropy":-0.823872,"approx_kl":0.002834,"clipfrac":0.0646,"reward_mean":-6.0396,"reward_std":28.877,"reward_min":-208.1409,"reward_max":0.1654,"reward_scale":1.0,"throttle_mean":0.3935,"throttle_min":0.0021,"throttle_max":0.9987,"spawn_curriculum_enabled":true,"spawn_curriculum_mode":"staged","spawn_curriculum_progress":1.0,"spawn_xy_half_width_m":2.0,"spawn_stage_index":3,"spawn_num_stages":4,"stage_success_count":0,"stage_termination_count":349,"stage_success_fraction":0.0,"stage_steps_in_stage":3080192,"stage_advanced_this_update":false}
step=7,602,176 reward_mean=-6.040 kl=0.00283 clipfrac=0.065 eval={'landed_fraction': 0.0, 'crashed_fraction': 1.0, 'mean_touchdown_speed': nan, 'max_touchdown_speed': nan, 'mean_pad_distance': nan, 'max_pad_distance': nan, 'mean_delta_v_proxy': 5.883378505706787, 'mean_eval_throttle': 0.372788854257928, 'max_eval_throttle': 0.9922678470611572, 'max_upward_speed': 8.968687057495117, 'max_downward_speed': 4.599063396453857, 'passed': False}
{"type":"train_update","update":465,"global_step":7618560,"wall_s":10609.97,"sps":718.1,"loss":5.546377,"loss_ema":5.018138,"loss_plateau_delta":0.13206,"loss_plateau_count":0,"pg_loss":-0.000677,"v_loss":11.085892,"entropy":-0.821718,"approx_kl":0.005421,"clipfrac":0.0473,"reward_mean":-5.056,"reward_std":25.113,"reward_min":-207.461,"reward_max":0.1729,"reward_scale":1.0,"throttle_mean":0.439,"throttle_min":0.0026,"throttle_max":0.9985,"spawn_curriculum_enabled":true,"spawn_curriculum_mode":"staged","spawn_curriculum_progress":1.0,"spawn_xy_half_width_m":2.0,"spawn_stage_index":3,"spawn_num_stages":4,"stage_success_count":0,"stage_termination_count":263,"stage_success_fraction":0.0,"stage_steps_in_stage":3096576,"stage_advanced_this_update":false}
{"type":"train_update","update":466,"global_step":7634944,"wall_s":10616.79,"sps":719.1,"loss":5.384163,"loss_ema":5.091343,"loss_plateau_delta":0.073205,"loss_plateau_count":0,"pg_loss":-0.001382,"v_loss":10.762869,"entropy":-0.822041,"approx_kl":0.005343,"clipfrac":0.046,"reward_mean":-6.1003,"reward_std":29.1633,"reward_min":-208.8576,"reward_max":0.2241,"reward_scale":1.0,"throttle_mean":0.3885,"throttle_min":0.0036,"throttle_max":0.9988,"spawn_curriculum_enabled":true,"spawn_curriculum_mode":"staged","spawn_curriculum_progress":1.0,"spawn_xy_half_width_m":2.0,"spawn_stage_index":3,"spawn_num_stages":4,"stage_success_count":0,"stage_termination_count":356,"stage_success_fraction":0.0,"stage_steps_in_stage":3112960,"stage_advanced_this_update":false}
{"type":"train_update","update":467,"global_step":7651328,"wall_s":10624.38,"sps":720.2,"loss":4.939344,"loss_ema":5.060943,"loss_plateau_delta":0.0304,"loss_plateau_count":0,"pg_loss":-0.001203,"v_loss":9.872896,"entropy":-0.819729,"approx_kl":0.005541,"clipfrac":0.0477,"reward_mean":-6.239,"reward_std":29.4284,"reward_min":-207.3391,"reward_max":0.133,"reward_scale":1.0,"throttle_mean":0.4061,"throttle_min":0.0041,"throttle_max":0.9992,"spawn_curriculum_enabled":true,"spawn_curriculum_mode":"staged","spawn_curriculum_progress":1.0,"spawn_xy_half_width_m":2.0,"spawn_stage_index":3,"spawn_num_stages":4,"stage_success_count":0,"stage_termination_count":363,"stage_success_fraction":0.0,"stage_steps_in_stage":3129344,"stage_advanced_this_update":false}
step=7,651,328 reward_mean=-6.239 kl=0.00554 clipfrac=0.048 eval={'landed_fraction': 0.0, 'crashed_fraction': 1.0, 'mean_touchdown_speed': nan, 'max_touchdown_speed': nan, 'mean_pad_distance': nan, 'max_pad_distance': nan, 'mean_delta_v_proxy': 5.7869462966918945, 'mean_eval_throttle': 0.3717483889891042, 'max_eval_throttle': 0.9927279949188232, 'max_upward_speed': 8.938873291015625, 'max_downward_speed': 4.648634910583496, 'passed': False}
{"type":"train_update","update":468,"global_step":7667712,"wall_s":10680.1,"sps":717.9,"loss":5.352713,"loss_ema":5.119297,"loss_plateau_delta":0.058354,"loss_plateau_count":0,"pg_loss":-0.0014,"v_loss":10.70002,"entropy":-0.820647,"approx_kl":0.01013,"clipfrac":0.076,"reward_mean":-5.0549,"reward_std":25.1981,"reward_min":-206.8232,"reward_max":0.0103,"reward_scale":1.0,"throttle_mean":0.4389,"throttle_min":0.0033,"throttle_max":0.9983,"spawn_curriculum_enabled":true,"spawn_curriculum_mode":"staged","spawn_curriculum_progress":1.0,"spawn_xy_half_width_m":2.0,"spawn_stage_index":3,"spawn_num_stages":4,"stage_success_count":0,"stage_termination_count":265,"stage_success_fraction":0.0,"stage_steps_in_stage":3145728,"stage_advanced_this_update":false}
{"type":"train_update","update":469,"global_step":7684096,"wall_s":10687.04,"sps":719.0,"loss":4.524001,"loss_ema":5.000238,"loss_plateau_delta":0.119059,"loss_plateau_count":0,"pg_loss":0.002211,"v_loss":9.035329,"entropy":-0.825115,"approx_kl":0.003207,"clipfrac":0.1257,"reward_mean":-6.1418,"reward_std":29.268,"reward_min":-207.6221,"reward_max":0.0303,"reward_scale":1.0,"throttle_mean":0.3863,"throttle_min":0.003,"throttle_max":0.999,"spawn_curriculum_enabled":true,"spawn_curriculum_mode":"staged","spawn_curriculum_progress":1.0,"spawn_xy_half_width_m":2.0,"spawn_stage_index":3,"spawn_num_stages":4,"stage_success_count":0,"stage_termination_count":359,"stage_success_fraction":0.0,"stage_steps_in_stage":3162112,"stage_advanced_this_update":false}
{"type":"train_update","update":470,"global_step":7700480,"wall_s":10695.2,"sps":720.0,"loss":4.906646,"loss_ema":4.98152,"loss_plateau_delta":0.018718,"loss_plateau_count":0,"pg_loss":0.00225,"v_loss":9.800521,"entropy":-0.827256,"approx_kl":0.033731,"clipfrac":0.093,"reward_mean":-6.0438,"reward_std":28.8281,"reward_min":-207.1892,"reward_max":0.2781,"reward_scale":1.0,"throttle_mean":0.3944,"throttle_min":0.0022,"throttle_max":0.9985,"spawn_curriculum_enabled":true,"spawn_curriculum_mode":"staged","spawn_curriculum_progress":1.0,"spawn_xy_half_width_m":2.0,"spawn_stage_index":3,"spawn_num_stages":4,"stage_success_count":0,"stage_termination_count":348,"stage_success_fraction":0.0,"stage_steps_in_stage":3178496,"stage_advanced_this_update":false}
step=7,700,480 reward_mean=-6.044 kl=0.03373 clipfrac=0.093 eval={'landed_fraction': 0.0, 'crashed_fraction': 1.0, 'mean_touchdown_speed': nan, 'max_touchdown_speed': nan, 'mean_pad_distance': nan, 'max_pad_distance': nan, 'mean_delta_v_proxy': 5.783449172973633, 'mean_eval_throttle': 0.3696446799238523, 'max_eval_throttle': 0.9939830303192139, 'max_upward_speed': 8.87346076965332, 'max_downward_speed': 4.594668865203857, 'passed': False}
{"type":"train_update","update":471,"global_step":7716864,"wall_s":10750.18,"sps":717.8,"loss":5.069294,"loss_ema":4.999075,"loss_plateau_delta":0.017555,"loss_plateau_count":0,"pg_loss":0.009522,"v_loss":10.111262,"entropy":-0.828179,"approx_kl":0.005936,"clipfrac":0.1884,"reward_mean":-4.9501,"reward_std":24.9395,"reward_min":-207.3456,"reward_max":0.2282,"reward_scale":1.0,"throttle_mean":0.4305,"throttle_min":0.0026,"throttle_max":0.999,"spawn_curriculum_enabled":true,"spawn_curriculum_mode":"staged","spawn_curriculum_progress":1.0,"spawn_xy_half_width_m":2.0,"spawn_stage_index":3,"spawn_num_stages":4,"stage_success_count":0,"stage_termination_count":259,"stage_success_fraction":0.0,"stage_steps_in_stage":3194880,"stage_advanced_this_update":false}
{"type":"train_update","update":472,"global_step":7733248,"wall_s":10756.85,"sps":718.9,"loss":4.411688,"loss_ema":4.881597,"loss_plateau_delta":0.117477,"loss_plateau_count":0,"pg_loss":0.01549,"v_loss":8.784126,"entropy":-0.827059,"approx_kl":0.034733,"clipfrac":0.2644,"reward_mean":-5.5546,"reward_std":27.2352,"reward_min":-207.2522,"reward_max":0.1514,"reward_scale":1.0,"throttle_mean":0.3664,"throttle_min":0.003,"throttle_max":0.9986,"spawn_curriculum_enabled":true,"spawn_curriculum_mode":"staged","spawn_curriculum_progress":1.0,"spawn_xy_half_width_m":2.0,"spawn_stage_index":3,"spawn_num_stages":4,"stage_success_count":0,"stage_termination_count":310,"stage_success_fraction":0.0,"stage_steps_in_stage":3211264,"stage_advanced_this_update":false}
{"type":"train_update","update":473,"global_step":7749632,"wall_s":10764.77,"sps":719.9,"loss":4.659468,"loss_ema":4.837172,"loss_plateau_delta":0.044426,"loss_plateau_count":0,"pg_loss":0.006859,"v_loss":9.296946,"entropy":-0.827157,"approx_kl":0.014044,"clipfrac":0.2181,"reward_mean":-6.1989,"reward_std":29.437,"reward_min":-207.3662,"reward_max":0.2326,"reward_scale":1.0,"throttle_mean":0.398,"throttle_min":0.0023,"throttle_max":0.9985,"spawn_curriculum_enabled":true,"spawn_curriculum_mode":"staged","spawn_curriculum_progress":1.0,"spawn_xy_half_width_m":2.0,"spawn_stage_index":3,"spawn_num_stages":4,"stage_success_count":0,"stage_termination_count":363,"stage_success_fraction":0.0,"stage_steps_in_stage":3227648,"stage_advanced_this_update":false}
{"type":"train_update","update":474,"global_step":7766016,"wall_s":10771.83,"sps":721.0,"loss":4.143569,"loss_ema":4.698451,"loss_plateau_delta":0.138721,"loss_plateau_count":0,"pg_loss":-0.000804,"v_loss":8.280442,"entropy":-0.830498,"approx_kl":0.005832,"clipfrac":0.0788,"reward_mean":-5.953,"reward_std":28.6598,"reward_min":-208.3354,"reward_max":0.1613,"reward_scale":1.0,"throttle_mean":0.3827,"throttle_min":0.0031,"throttle_max":0.9998,"spawn_curriculum_enabled":true,"spawn_curriculum_mode":"staged","spawn_curriculum_progress":1.0,"spawn_xy_half_width_m":2.0,"spawn_stage_index":3,"spawn_num_stages":4,"stage_success_count":0,"stage_termination_count":344,"stage_success_fraction":0.0,"stage_steps_in_stage":3244032,"stage_advanced_this_update":false}
step=7,766,016 reward_mean=-5.953 kl=0.00583 clipfrac=0.079 eval={'landed_fraction': 0.0, 'crashed_fraction': 1.0, 'mean_touchdown_speed': nan, 'max_touchdown_speed': nan, 'mean_pad_distance': nan, 'max_pad_distance': nan, 'mean_delta_v_proxy': 5.743934631347656, 'mean_eval_throttle': 0.371493081541525, 'max_eval_throttle': 0.9935656785964966, 'max_upward_speed': 9.028902053833008, 'max_downward_speed': 4.587331771850586, 'passed': False}
{"type":"train_update","update":475,"global_step":7782400,"wall_s":10827.47,"sps":718.8,"loss":4.920677,"loss_ema":4.742896,"loss_plateau_delta":0.044445,"loss_plateau_count":0,"pg_loss":-0.002766,"v_loss":9.838568,"entropy":-0.831713,"approx_kl":0.005477,"clipfrac":0.0579,"reward_mean":-5.1086,"reward_std":25.1437,"reward_min":-206.6969,"reward_max":0.1646,"reward_scale":1.0,"throttle_mean":0.4334,"throttle_min":0.0029,"throttle_max":0.9986,"spawn_curriculum_enabled":true,"spawn_curriculum_mode":"staged","spawn_curriculum_progress":1.0,"spawn_xy_half_width_m":2.0,"spawn_stage_index":3,"spawn_num_stages":4,"stage_success_count":0,"stage_termination_count":264,"stage_success_fraction":0.0,"stage_steps_in_stage":3260416,"stage_advanced_this_update":false}
{"type":"train_update","update":476,"global_step":7798784,"wall_s":10834.69,"sps":719.8,"loss":4.270183,"loss_ema":4.648354,"loss_plateau_delta":0.094543,"loss_plateau_count":0,"pg_loss":4e-05,"v_loss":8.531976,"entropy":-0.831041,"approx_kl":0.006628,"clipfrac":0.094,"reward_mean":-6.1066,"reward_std":29.0884,"reward_min":-208.3224,"reward_max":0.1522,"reward_scale":1.0,"throttle_mean":0.3783,"throttle_min":0.0036,"throttle_max":0.9995,"spawn_curriculum_enabled":true,"spawn_curriculum_mode":"staged","spawn_curriculum_progress":1.0,"spawn_xy_half_width_m":2.0,"spawn_stage_index":3,"spawn_num_stages":4,"stage_success_count":0,"stage_termination_count":354,"stage_success_fraction":0.0,"stage_steps_in_stage":3276800,"stage_advanced_this_update":false}
{"type":"train_update","update":477,"global_step":7815168,"wall_s":10841.7,"sps":720.8,"loss":4.305085,"loss_ema":4.5797,"loss_plateau_delta":0.068654,"loss_plateau_count":0,"pg_loss":-3.1e-05,"v_loss":8.601928,"entropy":-0.830302,"approx_kl":0.005843,"clipfrac":0.0874,"reward_mean":-5.8968,"reward_std":28.4969,"reward_min":-208.043,"reward_max":0.1588,"reward_scale":1.0,"throttle_mean":0.3881,"throttle_min":0.0019,"throttle_max":0.9993,"spawn_curriculum_enabled":true,"spawn_curriculum_mode":"staged","spawn_curriculum_progress":1.0,"spawn_xy_half_width_m":2.0,"spawn_stage_index":3,"spawn_num_stages":4,"stage_success_count":0,"stage_termination_count":340,"stage_success_fraction":0.0,"stage_steps_in_stage":3293184,"stage_advanced_this_update":false}
step=7,815,168 reward_mean=-5.897 kl=0.00584 clipfrac=0.087 eval={'landed_fraction': 0.0, 'crashed_fraction': 1.0, 'mean_touchdown_speed': nan, 'max_touchdown_speed': nan, 'mean_pad_distance': nan, 'max_pad_distance': nan, 'mean_delta_v_proxy': 5.730203628540039, 'mean_eval_throttle': 0.37204625147912235, 'max_eval_throttle': 0.9934085607528687, 'max_upward_speed': 9.312954902648926, 'max_downward_speed': 4.59663200378418, 'passed': False}
{"type":"train_update","update":478,"global_step":7831552,"wall_s":10897.89,"sps":718.6,"loss":4.92053,"loss_ema":4.647866,"loss_plateau_delta":0.068166,"loss_plateau_count":0,"pg_loss":0.001519,"v_loss":9.829738,"entropy":-0.828361,"approx_kl":0.007752,"clipfrac":0.1199,"reward_mean":-5.0931,"reward_std":25.2163,"reward_min":-207.4591,"reward_max":0.038,"reward_scale":1.0,"throttle_mean":0.4298,"throttle_min":0.0034,"throttle_max":0.9986,"spawn_curriculum_enabled":true,"spawn_curriculum_mode":"staged","spawn_curriculum_progress":1.0,"spawn_xy_half_width_m":2.0,"spawn_stage_index":3,"spawn_num_stages":4,"stage_success_count":0,"stage_termination_count":265,"stage_success_fraction":0.0,"stage_steps_in_stage":3309568,"stage_advanced_this_update":false}
{"type":"train_update","update":479,"global_step":7847936,"wall_s":10904.61,"sps":719.7,"loss":4.574163,"loss_ema":4.633125,"loss_plateau_delta":0.014741,"loss_plateau_count":0,"pg_loss":0.003692,"v_loss":9.132667,"entropy":-0.827529,"approx_kl":0.034096,"clipfrac":0.1281,"reward_mean":-6.0345,"reward_std":28.9359,"reward_min":-207.6709,"reward_max":0.2408,"reward_scale":1.0,"throttle_mean":0.3826,"throttle_min":0.0028,"throttle_max":0.9991,"spawn_curriculum_enabled":true,"spawn_curriculum_mode":"staged","spawn_curriculum_progress":1.0,"spawn_xy_half_width_m":2.0,"spawn_stage_index":3,"spawn_num_stages":4,"stage_success_count":0,"stage_termination_count":351,"stage_success_fraction":0.0,"stage_steps_in_stage":3325952,"stage_advanced_this_update":false}
{"type":"train_update","update":480,"global_step":7864320,"wall_s":10911.46,"sps":720.7,"loss":5.617467,"loss_ema":4.829994,"loss_plateau_delta":0.196868,"loss_plateau_count":0,"pg_loss":-0.000615,"v_loss":11.227883,"entropy":-0.828204,"approx_kl":0.004291,"clipfrac":0.0676,"reward_mean":-6.275,"reward_std":29.6099,"reward_min":-208.3466,"reward_max":0.2221,"reward_scale":1.0,"throttle_mean":0.4004,"throttle_min":0.0022,"throttle_max":0.999,"spawn_curriculum_enabled":true,"spawn_curriculum_mode":"staged","spawn_curriculum_progress":1.0,"spawn_xy_half_width_m":2.0,"spawn_stage_index":3,"spawn_num_stages":4,"stage_success_count":0,"stage_termination_count":368,"stage_success_fraction":0.0,"stage_steps_in_stage":3342336,"stage_advanced_this_update":false}
step=7,864,320 reward_mean=-6.275 kl=0.00429 clipfrac=0.068 eval={'landed_fraction': 0.0, 'crashed_fraction': 1.0, 'mean_touchdown_speed': nan, 'max_touchdown_speed': nan, 'mean_pad_distance': nan, 'max_pad_distance': nan, 'mean_delta_v_proxy': 5.787100791931152, 'mean_eval_throttle': 0.36540276383360226, 'max_eval_throttle': 0.9946533441543579, 'max_upward_speed': 9.29582405090332, 'max_downward_speed': 4.6326165199279785, 'passed': False}
{"type":"train_update","update":481,"global_step":7880704,"wall_s":10968.84,"sps":718.5,"loss":5.176394,"loss_ema":4.899274,"loss_plateau_delta":0.06928,"loss_plateau_count":0,"pg_loss":0.004433,"v_loss":10.335649,"entropy":-0.827387,"approx_kl":0.011287,"clipfrac":0.1583,"reward_mean":-5.226,"reward_std":25.714,"reward_min":-207.0816,"reward_max":-0.0349,"reward_scale":1.0,"throttle_mean":0.4326,"throttle_min":0.0034,"throttle_max":0.9988,"spawn_curriculum_enabled":true,"spawn_curriculum_mode":"staged","spawn_curriculum_progress":1.0,"spawn_xy_half_width_m":2.0,"spawn_stage_index":3,"spawn_num_stages":4,"stage_success_count":0,"stage_termination_count":276,"stage_success_fraction":0.0,"stage_steps_in_stage":3358720,"stage_advanced_this_update":false}
{"type":"train_update","update":482,"global_step":7897088,"wall_s":10975.84,"sps":719.5,"loss":4.532882,"loss_ema":4.825995,"loss_plateau_delta":0.073278,"loss_plateau_count":0,"pg_loss":-2.9e-05,"v_loss":9.057553,"entropy":-0.826922,"approx_kl":0.005553,"clipfrac":0.0752,"reward_mean":-6.0076,"reward_std":28.8943,"reward_min":-208.1644,"reward_max":0.2406,"reward_scale":1.0,"throttle_mean":0.3723,"throttle_min":0.0022,"throttle_max":0.9995,"spawn_curriculum_enabled":true,"spawn_curriculum_mode":"staged","spawn_curriculum_progress":1.0,"spawn_xy_half_width_m":2.0,"spawn_stage_index":3,"spawn_num_stages":4,"stage_success_count":0,"stage_termination_count":350,"stage_success_fraction":0.0,"stage_steps_in_stage":3375104,"stage_advanced_this_update":false}
{"type":"train_update","update":483,"global_step":7913472,"wall_s":10982.47,"sps":720.6,"loss":4.965612,"loss_ema":4.853919,"loss_plateau_delta":0.027923,"loss_plateau_count":0,"pg_loss":0.003195,"v_loss":9.916561,"entropy":-0.827237,"approx_kl":0.011056,"clipfrac":0.1415,"reward_mean":-6.0741,"reward_std":28.9179,"reward_min":-207.8986,"reward_max":0.1374,"reward_scale":1.0,"throttle_mean":0.3929,"throttle_min":0.0032,"throttle_max":0.999,"spawn_curriculum_enabled":true,"spawn_curriculum_mode":"staged","spawn_curriculum_progress":1.0,"spawn_xy_half_width_m":2.0,"spawn_stage_index":3,"spawn_num_stages":4,"stage_success_count":0,"stage_termination_count":350,"stage_success_fraction":0.0,"stage_steps_in_stage":3391488,"stage_advanced_this_update":false}
step=7,913,472 reward_mean=-6.074 kl=0.01106 clipfrac=0.142 eval={'landed_fraction': 0.0, 'crashed_fraction': 1.0, 'mean_touchdown_speed': nan, 'max_touchdown_speed': nan, 'mean_pad_distance': nan, 'max_pad_distance': nan, 'mean_delta_v_proxy': 5.548202037811279, 'mean_eval_throttle': 0.3611906907955805, 'max_eval_throttle': 0.994259238243103, 'max_upward_speed': 9.106328010559082, 'max_downward_speed': 4.642323017120361, 'passed': False}
{"type":"train_update","update":484,"global_step":7929856,"wall_s":11037.83,"sps":718.4,"loss":4.596638,"loss_ema":4.802463,"loss_plateau_delta":0.051456,"loss_plateau_count":0,"pg_loss":0.008422,"v_loss":9.168141,"entropy":-0.829133,"approx_kl":0.065589,"clipfrac":0.1106,"reward_mean":-5.0724,"reward_std":25.1412,"reward_min":-207.5782,"reward_max":0.214,"reward_scale":1.0,"throttle_mean":0.4242,"throttle_min":0.0016,"throttle_max":0.9984,"spawn_curriculum_enabled":true,"spawn_curriculum_mode":"staged","spawn_curriculum_progress":1.0,"spawn_xy_half_width_m":2.0,"spawn_stage_index":3,"spawn_num_stages":4,"stage_success_count":0,"stage_termination_count":263,"stage_success_fraction":0.0,"stage_steps_in_stage":3407872,"stage_advanced_this_update":false}
{"type":"train_update","update":485,"global_step":7946240,"wall_s":11044.89,"sps":719.4,"loss":5.02288,"loss_ema":4.846546,"loss_plateau_delta":0.044084,"loss_plateau_count":0,"pg_loss":0.004877,"v_loss":10.027716,"entropy":-0.829075,"approx_kl":0.005745,"clipfrac":0.1672,"reward_mean":-6.1567,"reward_std":29.2905,"reward_min":-207.7292,"reward_max":0.0042,"reward_scale":1.0,"throttle_mean":0.3757,"throttle_min":0.0026,"throttle_max":0.9987,"spawn_curriculum_enabled":true,"spawn_curriculum_mode":"staged","spawn_curriculum_progress":1.0,"spawn_xy_half_width_m":2.0,"spawn_stage_index":3,"spawn_num_stages":4,"stage_success_count":0,"stage_termination_count":360,"stage_success_fraction":0.0,"stage_steps_in_stage":3424256,"stage_advanced_this_update":false}
{"type":"train_update","update":486,"global_step":7962624,"wall_s":11051.86,"sps":720.5,"loss":5.076373,"loss_ema":4.892512,"loss_plateau_delta":0.045965,"loss_plateau_count":0,"pg_loss":0.007214,"v_loss":10.129988,"entropy":-0.832959,"approx_kl":0.037205,"clipfrac":0.1304,"reward_mean":-6.2724,"reward_std":29.4983,"reward_min":-207.7083,"reward_max":0.1592,"reward_scale":1.0,"throttle_mean":0.3912,"throttle_min":0.0033,"throttle_max":0.999,"spawn_curriculum_enabled":true,"spawn_curriculum_mode":"staged","spawn_curriculum_progress":1.0,"spawn_xy_half_width_m":2.0,"spawn_stage_index":3,"spawn_num_stages":4,"stage_success_count":0,"stage_termination_count":365,"stage_success_fraction":0.0,"stage_steps_in_stage":3440640,"stage_advanced_this_update":false}
step=7,962,624 reward_mean=-6.272 kl=0.03720 clipfrac=0.130 eval={'landed_fraction': 0.0, 'crashed_fraction': 1.0, 'mean_touchdown_speed': nan, 'max_touchdown_speed': nan, 'mean_pad_distance': nan, 'max_pad_distance': nan, 'mean_delta_v_proxy': 5.519631385803223, 'mean_eval_throttle': 0.3640834046817488, 'max_eval_throttle': 0.9929330348968506, 'max_upward_speed': 9.010137557983398, 'max_downward_speed': 4.793823719024658, 'passed': False}
{"type":"train_update","update":487,"global_step":7979008,"wall_s":11109.01,"sps":718.2,"loss":7.185317,"loss_ema":5.351073,"loss_plateau_delta":0.458561,"loss_plateau_count":0,"pg_loss":0.002236,"v_loss":14.357827,"entropy":-0.833545,"approx_kl":0.00496,"clipfrac":0.104,"reward_mean":-5.6505,"reward_std":27.1222,"reward_min":-208.513,"reward_max":0.0706,"reward_scale":1.0,"throttle_mean":0.429,"throttle_min":0.0029,"throttle_max":0.9981,"spawn_curriculum_enabled":true,"spawn_curriculum_mode":"staged","spawn_curriculum_progress":1.0,"spawn_xy_half_width_m":2.0,"spawn_stage_index":3,"spawn_num_stages":4,"stage_success_count":0,"stage_termination_count":308,"stage_success_fraction":0.0,"stage_steps_in_stage":3457024,"stage_advanced_this_update":false}
{"type":"train_update","update":488,"global_step":7995392,"wall_s":11115.78,"sps":719.3,"loss":5.694373,"loss_ema":5.419733,"loss_plateau_delta":0.06866,"loss_plateau_count":0,"pg_loss":0.000585,"v_loss":11.379223,"entropy":-0.835451,"approx_kl":0.00454,"clipfrac":0.1336,"reward_mean":-6.3274,"reward_std":29.5276,"reward_min":-208.6175,"reward_max":-0.0203,"reward_scale":1.0,"throttle_mean":0.3863,"throttle_min":0.0027,"throttle_max":0.9991,"spawn_curriculum_enabled":true,"spawn_curriculum_mode":"staged","spawn_curriculum_progress":1.0,"spawn_xy_half_width_m":2.0,"spawn_stage_index":3,"spawn_num_stages":4,"stage_success_count":0,"stage_termination_count":366,"stage_success_fraction":0.0,"stage_steps_in_stage":3473408,"stage_advanced_this_update":false}
{"type":"train_update","update":489,"global_step":8011776,"wall_s":11123.55,"sps":720.3,"loss":4.743513,"loss_ema":5.284489,"loss_plateau_delta":0.135244,"loss_plateau_count":0,"pg_loss":-0.000803,"v_loss":9.480262,"entropy":-0.837143,"approx_kl":0.005944,"clipfrac":0.0475,"reward_mean":-6.3045,"reward_std":29.5023,"reward_min":-208.4909,"reward_max":-0.1185,"reward_scale":1.0,"throttle_mean":0.3892,"throttle_min":0.0031,"throttle_max":0.9988,"spawn_curriculum_enabled":true,"spawn_curriculum_mode":"staged","spawn_curriculum_progress":1.0,"spawn_xy_half_width_m":2.0,"spawn_stage_index":3,"spawn_num_stages":4,"stage_success_count":0,"stage_termination_count":365,"stage_success_fraction":0.0,"stage_steps_in_stage":3489792,"stage_advanced_this_update":false}
step=8,011,776 reward_mean=-6.305 kl=0.00594 clipfrac=0.048 eval={'landed_fraction': 0.0, 'crashed_fraction': 1.0, 'mean_touchdown_speed': nan, 'max_touchdown_speed': nan, 'mean_pad_distance': nan, 'max_pad_distance': nan, 'mean_delta_v_proxy': 5.475423812866211, 'mean_eval_throttle': 0.3615097222146061, 'max_eval_throttle': 0.993553638458252, 'max_upward_speed': 8.949028015136719, 'max_downward_speed': 4.810919761657715, 'passed': False}
Training complete in 11175.1s, steps=8,011,776
Final eval: {'landed_fraction': 0.0, 'crashed_fraction': 1.0, 'mean_touchdown_speed': nan, 'max_touchdown_speed': nan, 'mean_pad_distance': nan, 'max_pad_distance': nan, 'mean_delta_v_proxy': 5.504234313964844, 'mean_eval_throttle': 0.3619624556104342, 'max_eval_throttle': 0.9917987585067749, 'max_upward_speed': 9.054520606994629, 'max_downward_speed': 4.6968488693237305, 'passed': False}
Run directory: C:\Transformer-rl-retro-propulsion\simulation\isaac\runs\ppo_landing_seed0_20260428_172431
Closing TVC environment...
Closing Isaac Sim...
[21.721s] Simulation App Startup Complete
[23.903s] [ext: omni.physx.fabric-107.3.26] startup
2026-04-28T22:25:25Z [53,481ms] [Warning] [carb] Client gpu.foundation.plugin has acquired [gpu::unstable::IMemoryBudgetManagerFactory v0.1] 100 times. Consider accessing this interface with carb::getCachedInterface() (Performance warning)
[11271.459s] Simulation App Shutting Down
